"Idcierreyapertura","IDCaja","Para que producto","Nombre del Producto","Categoria","Insumos","Nombre Insumo","Unidad de medida","Cant apertura","Fecha y hora","Fecha","Cant de cierre","se utilizaron","Observacion","Agregar Cant","createdAt","updatedAt"
"00mzho5i","b3556d27","9f390fc11","Normal 16 Onz",NULL,"feb4c064",NULL,"unidad",8,"2025-04-26 21:59:34","2025-04-26",0,8,NULL,NULL,NULL,NULL
"017f6fc0","30b77caf","8a734bcd","Shot de tequila",NULL,"bd785ddb",NULL,"unidad",13,"2024-11-04 14:26:04","2024-11-04",13,0,NULL,NULL,NULL,NULL
"028f55l6","30b23391","9f390fc10","Normal 12 Onz",NULL,"a4190f21",NULL,"unidad",49,"2024-11-08 13:58:32","2024-11-08",16,33,NULL,30,NULL,NULL
"03cbblxj","16c9c0eb","9f390fc13","Cremoso 13 Onz",NULL,"78b8732a",NULL,"unidad",25,"2025-02-13 23:06:26","2025-02-13",24,1,NULL,24,NULL,NULL
"03e6e1f8","bbba1b75","9f390fc11","Normal 16 Onz","4ff5b09a","feb4c064",NULL,"unidad",28,"2025-11-03 19:09:57","2025-11-03",18,10,NULL,20,NULL,NULL
"05kpy990","c15ea36b","9f390fc10","Normal 12 Onz",NULL,"a4190f21",NULL,"unidad",42,"2024-11-10 11:43:37","2024-11-10",3,39,NULL,30,NULL,NULL
"062vdz8h","118067d9","9f390fc16","Normal 12 Onz Sin licor",NULL,"a4190f21",NULL,"unidad",63,"2025-09-12 23:50:25","2025-09-12",8,55,NULL,20,NULL,NULL
"06eookfw","5cdf6ed6","c9349148","Paquete de fruta $0",NULL,"c6434dc7",NULL,"unidad",23,"2025-06-25 23:02:29","2025-06-25",1,22,NULL,23,NULL,NULL
"0717985a","9c8b0183","bbe5da0f","PROMO ANIVERSARIO",NULL,"a4190f21",NULL,"unidad",61,"2024-12-21 16:42:20","2024-12-21",0,61,NULL,NULL,NULL,NULL
"07qwlzot","2f43739d","9f390fc11","Normal 16 Onz",NULL,"feb4c064",NULL,"unidad",22,"2025-05-08 22:13:49","2025-05-08",15,7,NULL,20,NULL,NULL
"08h3dcjv","91b140e0","9f390fc16","Normal 12 Onz Sin licor",NULL,"a4190f21",NULL,"unidad",60,"2024-11-11 13:25:43","2024-11-11",2,58,NULL,20,NULL,NULL
"08mtmwjc","092ff74b","e852ea91","Tapas domicilio",NULL,"f4e7a67f",NULL,"unidad",10,"2025-11-26 22:58:48","2025-11-26",2,8,NULL,NULL,NULL,NULL
"098ee4da","dda8830d","9f390fc13","Cremoso 13 Onz",NULL,"78b8732a",NULL,"unidad",25,"2025-03-22 00:07:57","2025-03-21",15,10,NULL,NULL,NULL,NULL
"09eor1ju","b74aaa3a","9f390fc11","Normal 16 Onz",NULL,"feb4c064",NULL,"unidad",8,"2025-05-07 22:36:45","2025-05-07",2,6,NULL,NULL,NULL,NULL
"0a0khlp6","4b26560c","9f390fc16","Normal 12 Onz Sin licor",NULL,"a4190f21",NULL,"unidad",120,"2025-12-20 00:06:13","2025-12-19",41,79,NULL,60,NULL,NULL
"0br8sf25","80ffddd9","9f390fc16","Normal 12 Onz Sin licor",NULL,"a4190f21",NULL,"unidad",115,"2025-06-08 18:35:29","2025-06-08",8,107,NULL,20,NULL,NULL
"0c6ed04e","833e944e","9f390fc12","Normal 24 Onz","4ff5b09a","e114aa93",NULL,"unidad",19,"2024-12-12 13:09:21","2024-12-12",13,6,NULL,NULL,NULL,NULL
"0d44w230","efbb6c71","9f390fc12","Normal 24 Onz",NULL,"e114aa93",NULL,"unidad",19,"2026-04-30 16:56:17","2026-04-30",NULL,19,NULL,5,NULL,NULL
"0d570eud","5cdf6ed6","9c172aed","Paquete de fruta con Precio",NULL,"c6434dc7",NULL,"unidad",0,"2025-06-25 23:02:44","2025-06-25",0,0,NULL,NULL,NULL,NULL
"0dl3r7pw","0dca8b7e","9f390fc10","Normal 12 Onz",NULL,"a4190f21",NULL,"unidad",85,"2025-11-15 00:07:24","2025-11-14",13,72,NULL,20,NULL,NULL
"0e8n9htc","37f57af2","9f390fc10","Normal 12 Onz",NULL,"a4190f21",NULL,"unidad",103,"2025-01-26 11:02:28","2025-01-25",5,98,NULL,20,NULL,NULL
"0efclik5","5e8894ab","c9750253","DIA DE LA MUJER SIN LICOR",NULL,"a4190f21",NULL,"unidad",0,"2025-03-08 19:46:47","2025-03-08",0,0,NULL,NULL,NULL,NULL
"0fn55fx0","21ecc0ec","9f390fc12","Normal 24 Onz",NULL,"e114aa93",NULL,"unidad",18,"2025-07-27 00:38:52","2025-07-26",7,11,NULL,NULL,NULL,NULL
"0gaqt8hd","1721566e","9f390fc12","Normal 24 Onz",NULL,"e114aa93",NULL,"unidad",8,"2025-07-13 17:33:46","2025-07-13",4,4,NULL,NULL,NULL,NULL
"0gvuomd8","c5b4b7f0","9f390fc12","Normal 24 Onz",NULL,"e114aa93",NULL,"unidad",16,"2025-07-04 23:57:44","2025-07-04",12,4,NULL,NULL,NULL,NULL
"0hveigqw","ba1af6b6","9f390fc13","Cremoso 13 Onz",NULL,"78b8732a",NULL,"unidad",7,"2025-05-17 18:57:01","2025-05-17",7,0,NULL,NULL,NULL,NULL
"0iwaaq6k","26fff2ed","9f390fc10","Normal 12 Onz",NULL,"a4190f21",NULL,"unidad",163,"2025-11-30 00:59:34","2025-11-29",13,150,NULL,20,NULL,NULL
"0iy3e169","e97ef01f","9f390fc16","Normal 12 Onz Sin licor",NULL,"a4190f21",NULL,"unidad",70,"2025-10-10 23:48:22","2025-10-10",1,69,NULL,60,NULL,NULL
"0j6o2qlg","90797593","9f390fc13","Cremoso 13 Onz",NULL,"78b8732a",NULL,"unidad",12,"2025-04-11 00:16:58","2025-04-10",9,3,NULL,NULL,NULL,NULL
"0jfcrrnk","bf9a4d4e","9f390fc16","Normal 12 Onz Sin licor",NULL,"a4190f21",NULL,"unidad",61,"2025-07-17 12:54:36","2025-07-16",11,50,NULL,20,NULL,NULL
"0jvu18d0","60775d92","9f390fc12","Normal 24 Onz",NULL,"e114aa93",NULL,"unidad",11,"2025-04-03 22:25:47","2025-04-03",9,2,NULL,NULL,NULL,NULL
"0kbzobws","70b2ef17","9f390fc11","Normal 16 Onz",NULL,"feb4c064",NULL,"unidad",10,"2025-05-04 19:06:02","2025-05-04",8,2,NULL,NULL,NULL,NULL
"0kqjwgua","9b21bc7b","b5a797f3","Adicional de gomas",NULL,"1f077d1a",NULL,"unidad",4,"2026-01-08 20:11:10","2026-01-08",3,1,NULL,NULL,NULL,NULL
"0lr5ikwa","1356b8b7","9f390fc12","Normal 24 Onz",NULL,"e114aa93",NULL,"unidad",26,"2025-03-23 00:47:32","2025-03-22",18,8,NULL,20,NULL,NULL
"0lrbsi3r","4400634f","8a734bcd","Shot de tequila",NULL,"bd785ddb",NULL,"unidad",10,"2024-12-20 08:09:16","2024-12-20",4,6,NULL,NULL,NULL,NULL
"0ly4tlz9","25c72555","9c172aed","Paquete de fruta con Precio",NULL,"c6434dc7",NULL,"unidad",0,"2025-09-07 15:46:16","2025-09-07",0,0,NULL,NULL,NULL,NULL
"0m4gffju","edb7bf08","9f390fc10","Normal 12 Onz",NULL,"a4190f21",NULL,"unidad",19,"2025-04-18 18:23:26","2025-04-18",19,0,NULL,NULL,NULL,NULL
"0mrt78g3","8c500593","8a734bcd","Shot de tequila",NULL,"bd785ddb",NULL,"unidad",0,"2024-11-28 15:51:56","2024-11-28",0,0,NULL,NULL,NULL,NULL
"0muayahm","dbec468e","c9349148","Paquete de fruta $0",NULL,"c6434dc7",NULL,"unidad",26,"2025-06-27 22:03:16","2025-06-27",0,26,NULL,26,NULL,NULL
"0n10o99u","c222dea3","9f390fc11","Normal 16 Onz",NULL,"feb4c064",NULL,"unidad",17,"2025-10-09 22:57:27","2025-10-09",13,4,NULL,NULL,NULL,NULL
"0ntwcs3r","a78c59e2","b5a797f3","Adicional de gomas",NULL,"1f077d1a",NULL,"unidad",5,"2025-11-19 23:04:06","2025-11-19",5,0,NULL,NULL,NULL,NULL
"0ogm1scg","0f02172c","9f390fc11","Normal 16 Onz",NULL,"feb4c064",NULL,"unidad",0,"2025-12-29 20:24:07","2025-12-29",0,0,NULL,NULL,NULL,NULL
"0poa2h3q","5512c663","9f390fc10","Normal 12 Onz",NULL,"a4190f21",NULL,"unidad",138,"2025-04-20 01:09:49","2025-04-19",2,136,NULL,20,NULL,NULL
"0r78rzfj","e1ed0f5f","9f390fc16","Normal 12 Onz Sin licor",NULL,"a4190f21",NULL,"unidad",105,"2025-07-25 23:58:12","2025-07-25",23,82,NULL,40,NULL,NULL
"0siqyxc6","3beb74f8","9f390fc16","Normal 12 Onz Sin licor",NULL,"a4190f21",NULL,"unidad",44,"2025-01-08 11:10:45","2025-01-07",16,28,NULL,-5,NULL,NULL
"0t1viu7f","4400634f","9f390fc16","Normal 12 Onz Sin licor",NULL,"a4190f21",NULL,"unidad",63,"2024-12-20 08:09:14","2024-12-20",29,34,NULL,20,NULL,NULL
"0tizkgts","1dda8359","9f390fc10","Normal 12 Onz",NULL,"a4190f21",NULL,"unidad",65,"2025-08-28 23:04:45","2025-08-28",15,50,NULL,20,NULL,NULL
"0uf2oj4n","8d5054d4","9f390fc10","Normal 12 Onz",NULL,"a4190f21",NULL,"unidad",50,"2025-07-06 19:11:24","2025-07-06",12,38,NULL,50,NULL,NULL
"0wrk503h","0b0d639a","9f390fc16","Normal 12 Onz Sin licor",NULL,"a4190f21",NULL,"unidad",209,"2025-10-26 00:32:28","2025-10-25",23,186,NULL,40,NULL,NULL
"0yyri7je","70e7cd80","9f390fc12","Normal 24 Onz",NULL,"e114aa93",NULL,"unidad",21,"2025-12-28 19:01:31","2025-12-28",9,12,NULL,20,NULL,NULL
"0z9srl4w","0674313a","9f390fc16","Normal 12 Onz Sin licor",NULL,"a4190f21",NULL,"unidad",76,"2025-10-17 23:54:20","2025-10-17",11,65,NULL,30,NULL,NULL
"0zhu5fe8","6cf74fb6","9f390fc13","Cremoso 13 Onz",NULL,"78b8732a",NULL,"unidad",3,"2024-11-22 13:38:18","2024-11-22",3,0,NULL,NULL,NULL,NULL
"0zyus2ji","06c0f9ad","9f390fc12","Normal 24 Onz",NULL,"e114aa93",NULL,"unidad",5,"2024-12-09 09:41:26","2024-12-09",5,0,NULL,NULL,NULL,NULL
"10f8kgu0","75a6265b","c9349148","Paquete de fruta $0",NULL,"c6434dc7",NULL,"unidad",22,"2025-12-30 23:25:05","2025-12-30",0,22,NULL,22,NULL,NULL
"10i9xqxm","e007bd4a","9f390fc10","Normal 12 Onz",NULL,"a4190f21",NULL,"unidad",164,"2025-11-23 01:03:18","2025-11-22",12,152,NULL,20,NULL,NULL
"11fij33n","37f57af2","9f390fc12","Normal 24 Onz",NULL,"e114aa93",NULL,"unidad",25,"2025-01-26 10:41:30","2025-01-25",21,4,NULL,20,NULL,NULL
"11ku1nxn","e2d06b97","9f390fc12","Normal 24 Onz",NULL,"e114aa93",NULL,"unidad",20,"2025-01-29 23:02:56","2025-01-29",17,3,NULL,NULL,NULL,NULL
"122ziy22","675767ca","b5a797f3","Adicional de gomas",NULL,"1f077d1a",NULL,"unidad",10,"2025-09-24 22:48:29","2025-09-24",1,9,NULL,7,NULL,NULL
"139bflx0","5e8dd76a","c9349148","Paquete de fruta $0",NULL,"c6434dc7",NULL,"unidad",30,"2025-06-28 23:23:22","2025-06-28",0,30,NULL,30,NULL,NULL
"13f466ym","5ccade86","9c172aed","Paquete de fruta con Precio",NULL,"c6434dc7",NULL,"unidad",0,"2025-12-21 18:25:59","2025-12-21",0,0,NULL,NULL,NULL,NULL
"14fbwnos","ef8b894e","9c172aed","Paquete de fruta con Precio",NULL,"c6434dc7",NULL,"unidad",0,"2025-06-23 17:16:46","2025-06-23",0,0,NULL,NULL,NULL,NULL
"14ghc0e3","4400634f","9f390fc10","Normal 12 Onz",NULL,"a4190f21",NULL,"unidad",75,"2024-12-20 08:09:12","2024-12-20",16,59,NULL,20,NULL,NULL
"14v5fvml","9a58a8a2","29ab6c8a","Absolut",NULL,"f6fdf4d1",NULL,"unidad",0,"2025-06-19 21:39:08","2025-06-19",0,0,NULL,NULL,NULL,NULL
"15xprvx6","147116cb","9f390fc10","Normal 12 Onz",NULL,"a4190f21",NULL,"unidad",116,"2025-11-29 00:09:32","2025-11-28",3,113,NULL,80,NULL,NULL
"15zvh3xh","67987572","c9349148","Paquete de fruta $0",NULL,"c6434dc7",NULL,"unidad",14,"2025-10-26 17:51:23","2025-10-26",0,14,NULL,14,NULL,NULL
"164aa62u","26c92f93","2061a24e","Jack daniels",NULL,"35dbe1bc",NULL,"unidad",1,"2025-08-22 23:22:14","2025-08-22",0,1,NULL,NULL,NULL,NULL
"1759o0m0","118a5c56","9f390fc16","Normal 12 Onz Sin licor",NULL,"a4190f21",NULL,"unidad",40,"2025-01-25 10:35:58","2025-01-24",14,26,NULL,40,NULL,NULL
"179ndixh","93c98ad7","9f390fc16","Normal 12 Onz Sin licor",NULL,"a4190f21",NULL,"unidad",28,"2024-11-01 13:08:42","2024-11-01",10,18,NULL,30,NULL,NULL
"17kdz2jj","463bd778","9f390fc12","Normal 24 Onz",NULL,"e114aa93",NULL,"unidad",13,"2025-10-22 18:49:31","2025-10-22",12,1,NULL,NULL,NULL,NULL
"17ot6ozr","032ea435","b5a797f3","Adicional de gomas",NULL,"1f077d1a",NULL,"unidad",1,"2025-12-23 17:20:45","2025-12-22",0,1,NULL,1,NULL,NULL
"183h4usn","e007bd4a","e852ea91","Tapas domicilio",NULL,"f4e7a67f",NULL,"unidad",17,"2025-11-23 00:30:34","2025-11-22",2,15,NULL,7,NULL,NULL
"18e23h3r","61f2d3d3","9f390fc10","Normal 12 Onz",NULL,"a4190f21",NULL,"unidad",37,"2025-09-17 22:53:23","2025-09-17",26,11,NULL,20,NULL,NULL
"19hqmn67","0b0d639a","9f390fc11","Normal 16 Onz",NULL,"feb4c064",NULL,"unidad",19,"2025-10-26 00:32:00","2025-10-25",2,17,NULL,NULL,NULL,NULL
"1a3uonat","35f7bcaa","b5a797f3","Adicional de gomas",NULL,"1f077d1a",NULL,"unidad",3,"2025-10-13 19:06:40","2025-10-13",3,0,NULL,NULL,NULL,NULL
"1affyl1l","b4b512c4","9f390fc11","Normal 16 Onz",NULL,"feb4c064",NULL,"unidad",18,"2025-11-05 22:51:28","2025-11-05",15,3,NULL,NULL,NULL,NULL
"1asfifu6","d5bd13f8","9f390fc16","Normal 12 Onz Sin licor",NULL,"a4190f21",NULL,"unidad",171,"2025-10-19 19:05:32","2025-10-19",15,156,NULL,20,NULL,NULL
"1b05ljrx","21ecc0ec","9f390fc10","Normal 12 Onz",NULL,"a4190f21",NULL,"unidad",175,"2025-07-27 00:38:31","2025-07-26",10,165,NULL,20,NULL,NULL
"1b9orani","e2d06b97","8a734bcd","Shot de tequila",NULL,"bd785ddb",NULL,"unidad",0,"2025-01-29 23:03:15","2025-01-29",0,0,NULL,NULL,NULL,NULL
"1bpj7ugu","bee9eb90","c9349148","Paquete de fruta $0",NULL,"c6434dc7",NULL,"unidad",28,"2025-09-14 00:33:08","2025-09-13",0,28,NULL,NULL,NULL,NULL
"1bwdcnag","705c425b","9f390fc12","Normal 24 Onz",NULL,"e114aa93",NULL,"unidad",23,"2025-07-11 23:29:53","2025-07-11",18,5,NULL,20,NULL,NULL
"1d3s91rp","4b147062","e852ea91","Tapas domicilio",NULL,"f4e7a67f",NULL,"unidad",3,"2025-11-22 00:05:51","2025-11-21",0,3,NULL,NULL,NULL,NULL
"1dq9n3eh","1721566e","9f390fc10","Normal 12 Onz",NULL,"a4190f21",NULL,"unidad",63,"2025-07-13 19:14:36","2025-07-13",26,37,NULL,50,NULL,NULL
"1gj1pk5p","75a6265b","8a734bcd","Shot de tequila",NULL,"bd785ddb",NULL,"unidad",0,"2025-12-30 19:36:55","2025-12-30",0,0,NULL,NULL,NULL,NULL
"1grb3s7r","6eeadca3","9c172aed","Paquete de fruta con Precio",NULL,"c6434dc7",NULL,"unidad",0,"2025-10-12 19:09:27","2025-10-12",0,0,NULL,NULL,NULL,NULL
"1heab6oj","23bcec05","c9349148","Paquete de fruta $0",NULL,"c6434dc7",NULL,"unidad",0,"2025-07-18 16:03:17","2025-07-02",0,0,NULL,20,NULL,NULL
"1hnb49t6","b80106c3","9f390fc12","Normal 24 Onz",NULL,"e114aa93",NULL,"unidad",11,"2025-08-08 23:47:23","2025-08-08",8,3,NULL,NULL,NULL,NULL
"1hsj7di5","eaeb689a","9f390fc12","Normal 24 Onz",NULL,"e114aa93",NULL,"unidad",9,"2025-04-04 22:36:08","2025-04-04",4,5,NULL,NULL,NULL,NULL
"1hwsu2sr","d234629c","9f390fc11","Normal 16 Onz",NULL,"feb4c064",NULL,"unidad",13,"2026-01-11 16:27:13","2026-01-11",13,0,NULL,NULL,NULL,NULL
"1kaxu7uh","26fff2ed","9f390fc16","Normal 12 Onz Sin licor",NULL,"a4190f21",NULL,"unidad",178,"2025-11-30 01:04:25","2025-11-29",16,162,NULL,20,NULL,NULL
"1l8y0hm2","f5e946d5","c9349148","Paquete de fruta $0",NULL,"c6434dc7",NULL,"unidad",22,"2025-10-24 22:23:57","2025-10-24",2,20,NULL,22,NULL,NULL
"1lz14zpo","56b60f94","b5a797f3","Adicional de gomas",NULL,"1f077d1a",NULL,"unidad",15,"2025-08-29 23:41:35","2025-08-29",15,0,NULL,NULL,NULL,NULL
"1mvj7hg1","b793b01f","9f390fc16","Normal 12 Onz Sin licor",NULL,"a4190f21",NULL,"unidad",45,"2025-02-22 00:20:55","2025-02-21",30,15,NULL,-10,NULL,NULL
"1my3yttd","f4ddab07","9f390fc11","Normal 16 Onz",NULL,"feb4c064",NULL,"unidad",13,"2025-06-26 21:25:24","2025-06-26",9,4,NULL,NULL,NULL,NULL
"1nzprp9n","6fe0659e","9f390fc12","Normal 24 Onz",NULL,"e114aa93",NULL,"unidad",11,"2025-04-24 22:40:45","2025-04-24",7,4,NULL,NULL,NULL,NULL
"1ocxiwqr","523002d1","9f390fc12","Normal 24 Onz",NULL,"e114aa93",NULL,"unidad",6,"2025-07-24 22:46:26","2025-07-24",2,4,NULL,NULL,NULL,NULL
"1q8yz2fr","2b33ab85","9c172aed","Paquete de fruta con Precio",NULL,"c6434dc7",NULL,"unidad",0,"2025-11-27 20:45:58","2025-11-27",0,0,NULL,NULL,NULL,NULL
"1qh4v1lp","baac369c","9f390fc13","Cremoso 13 Onz",NULL,"78b8732a",NULL,"unidad",31,"2025-06-01 00:45:05","2025-05-31",19,12,NULL,25,NULL,NULL
"1sxkijqi","5512c663","9f390fc12","Normal 24 Onz",NULL,"e114aa93",NULL,"unidad",18,"2025-04-20 00:02:38","2025-04-19",13,5,NULL,NULL,NULL,NULL
"1tifji6w","ee67e387","9f390fc11","Normal 16 Onz",NULL,"feb4c064",NULL,"unidad",20,"2025-05-18 19:31:32","2025-05-18",14,6,NULL,-1,NULL,NULL
"1try85gq","26c92f93","9f390fc16","Normal 12 Onz Sin licor",NULL,"a4190f21",NULL,"unidad",79,"2025-08-22 23:56:05","2025-08-22",11,68,NULL,20,NULL,NULL
"1tywwqtk","61f2d3d3","9f390fc11","Normal 16 Onz",NULL,"feb4c064",NULL,"unidad",10,"2025-09-17 22:51:27","2025-09-17",6,4,NULL,NULL,NULL,NULL
"1up906ak","e381d9f1","9c172aed","Paquete de fruta con Precio",NULL,"c6434dc7",NULL,"unidad",0,"2025-11-07 19:05:07","2025-11-07",0,0,NULL,NULL,NULL,NULL
"1v2pd4wm","8d950448","9f390fc12","Normal 24 Onz",NULL,"e114aa93",NULL,"unidad",27,"2025-12-31 19:55:55","2025-12-31",18,9,NULL,20,NULL,NULL
"1w8j1r7q","046eed1c","9f390fc12","Normal 24 Onz",NULL,"e114aa93",NULL,"unidad",16,"2025-12-17 23:12:23","2025-12-17",14,2,NULL,NULL,NULL,NULL
"1xy0xzwn","fb680441","9f390fc12","Normal 24 Onz",NULL,"e114aa93",NULL,"unidad",11,"2025-01-04 10:09:50","2025-01-03",8,3,NULL,NULL,NULL,NULL
"1y8jzc2l","8d569e67","9f390fc10","Normal 12 Onz",NULL,"a4190f21",NULL,"unidad",42,"2025-02-20 23:42:02","2025-02-20",1,41,NULL,-5,NULL,NULL
"1yebnmlw","8eeae93b","9f390fc16","Normal 12 Onz Sin licor",NULL,"a4190f21",NULL,"unidad",89,"2025-02-23 01:15:37","2025-02-22",18,71,NULL,40,NULL,NULL
"1ys4oh49","d5bd13f8","c9349148","Paquete de fruta $0",NULL,"c6434dc7",NULL,"unidad",17,"2025-10-19 17:45:20","2025-10-19",0,17,NULL,17,NULL,NULL
"1z5nqcvk","c7d0b6ac","9f390fc12","Normal 24 Onz",NULL,"e114aa93",NULL,"unidad",12,"2025-08-17 19:07:15","2025-08-17",8,4,NULL,NULL,NULL,NULL
"205c7ee8","ba69ea36","9f390fc13","Cremoso 13 Onz","4ff5b09a","78b8732a",NULL,"unidad",7,"2024-12-18 16:03:17","2024-12-18",7,0,NULL,NULL,NULL,NULL
"21giham3","f4bd8102","9f390fc11","Normal 16 Onz",NULL,"feb4c064",NULL,"unidad",18,"2025-08-18 18:58:12","2025-08-18",12,6,NULL,NULL,NULL,NULL
"22389k6v","74161ddf","9f390fc12","Normal 24 Onz",NULL,"e114aa93",NULL,"unidad",17,"2024-12-06 13:18:40","2024-12-06",13,4,NULL,NULL,NULL,NULL
"23e19eq2","ee622fc7","9f390fc16","Normal 12 Onz Sin licor",NULL,"a4190f21",NULL,"unidad",143,"2025-06-15 19:18:05","2025-06-15",6,137,NULL,40,NULL,NULL
"241bu32a","ab130531","9f390fc13","Cremoso 13 Onz",NULL,"78b8732a",NULL,"unidad",12,"2025-04-30 23:44:47","2025-04-30",9,3,NULL,NULL,NULL,NULL
"247pwyyy","b2980c95","9c172aed","Paquete de fruta con Precio",NULL,"c6434dc7",NULL,"unidad",1,"2026-01-11 10:30:03","2026-01-10",0,1,NULL,NULL,NULL,NULL
"2490hv5o","df3e49bd","9f390fc11","Normal 16 Onz",NULL,"feb4c064",NULL,"unidad",33,"2025-11-09 00:54:31","2025-11-08",13,20,NULL,20,NULL,NULL
"24dfd01z","c123671b","9f390fc16","Normal 12 Onz Sin licor",NULL,"a4190f21",NULL,"unidad",88,"2025-02-23 19:55:12","2025-02-23",3,85,NULL,40,NULL,NULL
"24vilmlw","ab130531","9f390fc11","Normal 16 Onz",NULL,"feb4c064",NULL,"unidad",0,"2025-04-30 23:43:40","2025-04-30",0,0,NULL,NULL,NULL,NULL
"24wzb276","1556c086","9f390fc13","Cremoso 13 Onz",NULL,"78b8732a",NULL,"unidad",5,"2025-05-01 19:08:41","2025-05-01",0,5,NULL,1,NULL,NULL
"24y9tg4e","63813313","9f390fc11","Normal 16 Onz",NULL,"feb4c064",NULL,"unidad",31,"2025-07-06 00:36:10","2025-07-05",20,11,NULL,20,NULL,NULL
"253vajge","cc4de389","9f390fc10","Normal 12 Onz",NULL,"a4190f21",NULL,"unidad",73,"2025-02-01 00:19:33","2025-01-31",16,57,NULL,-3,NULL,NULL
"25dao1j7","a3bae712","9f390fc16","Normal 12 Onz Sin licor",NULL,"a4190f21",NULL,"unidad",49,"2025-02-12 22:44:43","2025-02-12",34,15,NULL,30,NULL,NULL
"28mlajam","e1ed0f5f","9f390fc12","Normal 24 Onz",NULL,"e114aa93",NULL,"unidad",22,"2025-07-25 23:32:34","2025-07-25",18,4,NULL,20,NULL,NULL
"28sf12ow","75dc5b07","9f390fc11","Normal 16 Onz",NULL,"feb4c064",NULL,"unidad",32,"2025-09-26 23:55:09","2025-09-26",14,18,NULL,20,NULL,NULL
"2970ck61","a78c672f","c9349148","Paquete de fruta $0",NULL,"c6434dc7",NULL,"unidad",10,"2025-12-04 22:42:02","2025-12-04",0,10,NULL,9,NULL,NULL
"2a9qhjz4","6e373fab","9f390fc16","Normal 12 Onz Sin licor",NULL,"a4190f21",NULL,"unidad",56,"2024-12-30 09:25:38","2024-12-28",19,37,NULL,40,NULL,NULL
"2ae205ad","48754b2d","9f390fc13","Cremoso 13 Onz","0d04f632","78b8732a",NULL,"unidad",13,"2024-12-16 09:44:00","2024-12-16",7,6,NULL,NULL,NULL,NULL
"2agh54v6","8dae1e80","9f390fc16","Normal 12 Onz Sin licor",NULL,"a4190f21",NULL,"unidad",55,"2025-10-29 22:55:41","2025-10-29",33,22,NULL,NULL,NULL,NULL
"2blhe363","3d6db953","9f390fc10","Normal 12 Onz",NULL,"a4190f21",NULL,"unidad",55,"2025-02-07 10:00:58","2025-02-06",19,36,NULL,10,NULL,NULL
"2c7caej6","48754b2d","9f390fc12","Normal 24 Onz",NULL,"e114aa93",NULL,"unidad",0,"2024-12-16 10:57:03","2024-12-16",0,0,NULL,NULL,NULL,NULL
"2dfb4m3o","05f46cfb","c9349148","Paquete de fruta $0",NULL,"c6434dc7",NULL,"unidad",0,"2026-01-04 16:04:57","2026-01-04",0,0,NULL,NULL,NULL,NULL
"2dkms8kd","9b21bc7b","9c172aed","Paquete de fruta con Precio",NULL,"c6434dc7",NULL,"unidad",0,"2026-01-08 20:10:56","2026-01-08",0,0,NULL,NULL,NULL,NULL
"2dv1yudw","a66ada52","9f390fc12","Normal 24 Onz",NULL,"e114aa93",NULL,"unidad",23,"2025-01-17 10:16:14","2025-01-16",19,4,NULL,20,NULL,NULL
"2e69yove","fb452291","9f390fc11","Normal 16 Onz",NULL,"feb4c064",NULL,"unidad",5,"2025-04-20 19:12:56","2025-04-20",0,5,NULL,NULL,NULL,NULL
"2evvjxfh","cc4de389","9f390fc12","Normal 24 Onz",NULL,"e114aa93",NULL,"unidad",10,"2025-02-01 00:05:06","2025-01-31",6,4,NULL,NULL,NULL,NULL
"2fjxt8mp","df3e49bd","b5a797f3","Adicional de gomas",NULL,"1f077d1a",NULL,"unidad",5,"2025-11-08 22:35:48","2025-11-08",2,3,NULL,NULL,NULL,NULL
"2g64hw09","dbec468e","9f390fc12","Normal 24 Onz",NULL,"e114aa93",NULL,"unidad",22,"2025-06-27 23:59:15","2025-06-27",16,6,NULL,20,NULL,NULL
"2gnlxlws","baac369c","9f390fc12","Normal 24 Onz",NULL,"e114aa93",NULL,"unidad",25,"2025-05-31 22:54:05","2025-05-31",15,10,NULL,20,NULL,NULL
"2i2t6d37","f767c545","29ab6c8a","Absolut",NULL,"f6fdf4d1",NULL,"unidad",3,"2025-08-16 17:51:52","2025-08-16",3,0,NULL,NULL,NULL,NULL
"2i3k03lk","96457b06","9c172aed","Paquete de fruta con Precio",NULL,"c6434dc7",NULL,"unidad",0,"2025-11-17 18:01:49","2025-11-17",0,0,NULL,NULL,NULL,NULL
"2jp9qacx","0b0d639a","9f390fc10","Normal 12 Onz",NULL,"a4190f21",NULL,"unidad",158,"2025-10-26 00:43:46","2025-10-25",28,130,NULL,-40,NULL,NULL
"2jqlfjxo","8d5054d4","9f390fc16","Normal 12 Onz Sin licor",NULL,"a4190f21",NULL,"unidad",98,"2025-07-06 19:11:57","2025-07-06",17,81,NULL,20,NULL,NULL
"2jxoxm91","37f57af2","9f390fc16","Normal 12 Onz Sin licor",NULL,"a4190f21",NULL,"unidad",74,"2025-01-26 10:41:34","2025-01-25",4,70,NULL,20,NULL,NULL
"2kaqa671","baac369c","c9349148","Paquete de fruta $0",NULL,"c6434dc7",NULL,"unidad",32,"2025-05-31 23:40:06","2025-05-31",1,31,NULL,31,NULL,NULL
"2kcw16ma","f5ac98d3","9c172aed","Paquete de fruta con Precio",NULL,"c6434dc7",NULL,"unidad",0,"2025-08-31 18:57:27","2025-08-31",0,0,NULL,NULL,NULL,NULL
"2ke5tkpi","56b60f94","9f390fc11","Normal 16 Onz",NULL,"feb4c064",NULL,"unidad",19,"2025-08-29 23:41:18","2025-08-29",7,12,NULL,NULL,NULL,NULL
"2khw09s8","f790a8b4","9f390fc16","Normal 12 Onz Sin licor",NULL,"a4190f21",NULL,"unidad",152,"2025-06-29 19:14:26","2025-06-29",10,142,NULL,20,NULL,NULL
"2kj0del2","c222dea3","9f390fc12","Normal 24 Onz",NULL,"e114aa93",NULL,"unidad",2,"2025-10-09 22:57:36","2025-10-09",0,2,NULL,NULL,NULL,NULL
"2kqohjtn","118067d9","9f390fc10","Normal 12 Onz",NULL,"a4190f21",NULL,"unidad",91,"2025-09-12 23:40:53","2025-09-12",12,79,NULL,20,NULL,NULL
"2my8hpjq","80b8da94","9f390fc10","Normal 12 Onz",NULL,"a4190f21",NULL,"unidad",53,"2025-02-15 00:31:54","2025-02-14",2,51,NULL,50,NULL,NULL
"2o1n0q5n","e007bd4a","9f390fc11","Normal 16 Onz",NULL,"feb4c064",NULL,"unidad",27,"2025-11-23 00:30:24","2025-11-22",3,24,NULL,20,NULL,NULL
"2o4m3frj","cf744f31","b5a797f3","Adicional de gomas",NULL,"1f077d1a",NULL,"unidad",13,"2025-08-09 23:42:02","2025-08-09",11,2,NULL,NULL,NULL,NULL
"2oafczu3","ed54ccf7","9f390fc16","Normal 12 Onz Sin licor",NULL,"a4190f21",NULL,"unidad",35,"2024-12-24 14:44:34","2024-12-24",19,16,NULL,20,NULL,NULL
"2obf9k7p","e5334a85","9f390fc11","Normal 16 Onz",NULL,"feb4c064",NULL,"unidad",13,"2025-11-02 00:34:54","2025-11-01",1,12,NULL,NULL,NULL,NULL
"2pg1yxyu","70e9213f","9f390fc12","Normal 24 Onz",NULL,"e114aa93",NULL,"unidad",12,"2025-10-23 22:56:56","2025-10-23",7,5,NULL,NULL,NULL,NULL
"2qfberey","404a8aea","9f390fc12","Normal 24 Onz",NULL,"e114aa93",NULL,"unidad",25,"2025-11-01 00:09:22","2025-10-31",15,10,NULL,20,NULL,NULL
"2qmkksal","d234629c","9f390fc12","Normal 24 Onz",NULL,"e114aa93",NULL,"unidad",15,"2026-01-11 16:31:36","2026-01-11",14,1,NULL,NULL,NULL,NULL
"2r273ck1","26c92f93","b5a797f3","Adicional de gomas",NULL,"1f077d1a",NULL,"unidad",4,"2025-08-22 23:22:07","2025-08-22",1,3,NULL,NULL,NULL,NULL
"2rsfb23i","2306a8f5","8a734bcd","Shot de tequila",NULL,"bd785ddb",NULL,"unidad",0,"2024-11-13 16:14:49","2024-11-13",0,0,NULL,NULL,NULL,NULL
"2sd9yn6z","705c425b","c9349148","Paquete de fruta $0",NULL,"c6434dc7",NULL,"unidad",39,"2025-07-11 23:31:11","2025-07-11",5,34,NULL,NULL,NULL,NULL
"2sf3d6dt","1c82e727","9f390fc10","Normal 12 Onz",NULL,"a4190f21",NULL,"unidad",54,"2025-11-06 23:04:28","2025-11-06",15,39,NULL,20,NULL,NULL
"2snlubts","297f6235","9f390fc10","Normal 12 Onz",NULL,"a4190f21",NULL,"unidad",54,"2025-08-06 23:03:27","2025-08-06",3,51,NULL,20,NULL,NULL
"2toau6p2","2d7f4b47","29ab6c8a","Absolut",NULL,"f6fdf4d1",NULL,"unidad",2,"2025-09-05 22:44:08","2025-09-05",0,2,NULL,NULL,NULL,NULL
"2u8h29nw","e97ef01f","9f390fc10","Normal 12 Onz",NULL,"a4190f21",NULL,"unidad",101,"2025-10-11 00:02:48","2025-10-10",5,96,NULL,20,NULL,NULL
"2uymcbm7","9279f3d2","9f390fc12","Normal 24 Onz",NULL,"e114aa93",NULL,"unidad",17,"2025-09-21 01:01:02","2025-09-20",9,8,NULL,NULL,NULL,NULL
"2w4dgg0d","26fff2ed","b5a797f3","Adicional de gomas",NULL,"1f077d1a",NULL,"unidad",8,"2025-11-29 23:03:16","2025-11-29",5,3,NULL,4,NULL,NULL
"2xz7n5qu","ac35ccea","9f390fc16","Normal 12 Onz Sin licor",NULL,"a4190f21",NULL,"unidad",54,"2025-08-13 22:46:33","2025-08-13",21,33,NULL,40,NULL,NULL
"2yyr2gtl","7992300d","9f390fc12","Normal 24 Onz",NULL,"e114aa93",NULL,"unidad",20,"2025-06-11 20:33:15","2025-06-11",20,0,NULL,20,NULL,NULL
"2z6jmd0g","f767c545","9f390fc12","Normal 24 Onz",NULL,"e114aa93",NULL,"unidad",21,"2025-08-17 00:10:52","2025-08-16",12,9,NULL,NULL,NULL,NULL
"2z7iynfq","e368d39b","9f390fc11","Normal 16 Onz",NULL,"feb4c064",NULL,"unidad",0,"2025-03-26 21:23:28","2025-03-26",0,0,NULL,NULL,NULL,NULL
"2zfnpib2","7eca950b","c9349148","Paquete de fruta $0",NULL,"c6434dc7",NULL,"unidad",31,"2025-12-21 00:31:57","2025-12-20",12,19,NULL,-4,NULL,NULL
"3030h33s","40467525","9f390fc13","Cremoso 13 Onz",NULL,"78b8732a",NULL,"unidad",21,"2025-05-25 00:08:22","2025-05-24",3,18,NULL,NULL,NULL,NULL
"305pltzm","70e7cd80","8a734bcd","Shot de tequila",NULL,"bd785ddb",NULL,"unidad",1,"2025-12-28 18:46:42","2025-12-28",1,0,NULL,NULL,NULL,NULL
"30cctcqc","aff24750","9c172aed","Paquete de fruta con Precio",NULL,"c6434dc7",NULL,"unidad",0,"2025-12-06 18:38:58","2025-12-06",0,0,NULL,NULL,NULL,NULL
"30sw6ys6","b50518ef","9f390fc16","Normal 12 Onz Sin licor",NULL,"a4190f21",NULL,"unidad",170,"2025-11-02 19:10:51","2025-11-02",6,164,NULL,80,NULL,NULL
"310a0yk7","e68bd1e8","9f390fc13","Cremoso 13 Onz",NULL,"78b8732a",NULL,"unidad",0,"2025-06-07 23:14:16","2025-06-07",0,0,NULL,NULL,NULL,NULL
"31dh55rz","f810a077","9f390fc16","Normal 12 Onz Sin licor",NULL,"a4190f21",NULL,"unidad",111,"2025-02-12 16:50:23","2025-02-09",19,92,NULL,2,NULL,NULL
"31qp1pn1","1b1830f5","c9349148","Paquete de fruta $0",NULL,"c6434dc7",NULL,"unidad",13,"2025-10-15 22:12:26","2025-10-15",3,10,NULL,NULL,NULL,NULL
"326b9403","11f6e930","9f390fc13","Cremoso 13 Onz","4ff5b09a","78b8732a",NULL,"unidad",25,"2024-12-14 18:15:41","2024-12-14",15,10,NULL,NULL,NULL,NULL
"326xh0kg","675767ca","9c172aed","Paquete de fruta con Precio",NULL,"c6434dc7",NULL,"unidad",0,"2025-09-24 22:51:10","2025-09-24",0,0,NULL,NULL,NULL,NULL
"32csdp46","d4682046","b5a797f3","Adicional de gomas",NULL,"1f077d1a",NULL,"unidad",2,"2025-10-30 22:51:52","2025-10-30",0,2,NULL,2,NULL,NULL
"32mmn2j9","1dda8359","29ab6c8a","Absolut",NULL,"f6fdf4d1",NULL,"unidad",0,"2025-08-28 22:43:19","2025-08-28",0,0,NULL,NULL,NULL,NULL
"32sgoin7","bbba1b75","9c172aed","Paquete de fruta con Precio",NULL,"c6434dc7",NULL,"unidad",0,"2025-11-03 19:10:01","2025-11-03",0,0,NULL,NULL,NULL,NULL
"32u76329","06d99d55","9f390fc10","Normal 12 Onz",NULL,"a4190f21",NULL,"unidad",44,"2025-03-24 19:21:23","2025-03-24",1,43,NULL,40,NULL,NULL
"3426735e","060e027a","b5a797f3","Adicional de gomas","d30a10d9","1f077d1a",NULL,"unidad",14,"2025-07-31 22:52:46","2025-07-31",13,1,NULL,14,NULL,NULL
"34c3dt59","38fd446d","9f390fc12","Normal 24 Onz",NULL,"e114aa93",NULL,"unidad",18,"2025-03-12 23:12:55","2025-03-12",17,1,NULL,NULL,NULL,NULL
"35en50vz","93e698d1","9f390fc10","Normal 12 Onz",NULL,"a4190f21",NULL,"unidad",39,"2025-11-12 22:58:26","2025-11-12",13,26,NULL,20,NULL,NULL
"368obzum","523002d1","c9349148","Paquete de fruta $0",NULL,"c6434dc7",NULL,"unidad",25,"2025-07-24 22:47:27","2025-07-24",13,12,NULL,24,NULL,NULL
"36e1pesm","c62e961e","9f390fc11","Normal 16 Onz",NULL,"feb4c064",NULL,"unidad",6,"2025-12-10 22:57:16","2025-12-10",1,5,NULL,NULL,NULL,NULL
"36so93ug","96457b06","9f390fc16","Normal 12 Onz Sin licor",NULL,"a4190f21",NULL,"unidad",104,"2025-11-17 19:07:08","2025-11-17",12,92,NULL,20,NULL,NULL
"36z78pfs","877c746c","9f390fc10","Normal 12 Onz",NULL,"a4190f21",NULL,"unidad",47,"2025-04-09 12:51:11","2025-04-06",7,40,NULL,38,NULL,NULL
"37h0q8zg","a96fd7b7","9f390fc10","Normal 12 Onz",NULL,"a4190f21",NULL,"unidad",178,"2025-03-02 01:14:43","2025-03-01",11,167,NULL,20,NULL,NULL
"39hpykk2","80b8da94","9f390fc13","Cremoso 13 Onz",NULL,"78b8732a",NULL,"unidad",24,"2025-02-14 23:42:19","2025-02-14",22,2,NULL,NULL,NULL,NULL
"39u94z8n","70e9213f","b5a797f3","Adicional de gomas",NULL,"1f077d1a",NULL,"unidad",4,"2025-10-23 20:51:19","2025-10-23",4,0,NULL,NULL,NULL,NULL
"3aez6l2d","297f6235","b5a797f3","Adicional de gomas",NULL,"1f077d1a",NULL,"unidad",14,"2025-08-06 22:36:49","2025-08-06",14,0,NULL,NULL,NULL,NULL
"3ah0gzib","26fff2ed","9c172aed","Paquete de fruta con Precio",NULL,"c6434dc7",NULL,"unidad",0,"2025-11-29 18:22:52","2025-11-29",0,0,NULL,NULL,NULL,NULL
"3d5nqloq","bfb5eb99","b5a797f3","Adicional de gomas",NULL,"1f077d1a",NULL,"unidad",5,"2025-11-30 19:06:53","2025-11-30",4,1,NULL,NULL,NULL,NULL
"3fibgsok","c4493a67","9f390fc16","Normal 12 Onz Sin licor",NULL,"a4190f21",NULL,"unidad",38,"2025-03-21 00:05:49","2025-03-20",4,34,NULL,30,NULL,NULL
"3fkhd072","6eeadca3","9f390fc16","Normal 12 Onz Sin licor",NULL,"a4190f21",NULL,"unidad",195,"2025-10-12 19:09:02","2025-10-12",99,96,NULL,180,NULL,NULL
"3fqvb81c","b8b05ad2","b5a797f3","Adicional de gomas",NULL,"1f077d1a",NULL,"unidad",3,"2025-12-14 00:08:46","2025-12-13",1,2,NULL,NULL,NULL,NULL
"3g2vvxpx","ac35ccea","9f390fc12","Normal 24 Onz",NULL,"e114aa93",NULL,"unidad",8,"2025-08-13 22:46:37","2025-08-13",3,5,NULL,NULL,NULL,NULL
"3h11m5ao","1fd0b958","9f390fc16","Normal 12 Onz Sin licor",NULL,"a4190f21",NULL,"unidad",81,"2025-08-02 00:04:29","2025-08-01",3,78,NULL,20,NULL,NULL
"3ha95ohb","67987572","9c172aed","Paquete de fruta con Precio",NULL,"c6434dc7",NULL,"unidad",0,"2025-10-26 17:50:34","2025-10-26",0,0,NULL,NULL,NULL,NULL
"3igsnjhe","a41431b5","9f390fc12","Normal 24 Onz",NULL,"e114aa93",NULL,"unidad",5,"2025-07-10 22:16:51","2025-07-10",3,2,NULL,NULL,NULL,NULL
"3jzbvjr0","1fbc7b32","9c172aed","Paquete de fruta con Precio",NULL,"c6434dc7",NULL,"unidad",2,"2025-06-04 21:59:46","2025-06-04",2,0,NULL,NULL,NULL,NULL
"3k9kakwv","9a58a8a2","9f390fc13","Cremoso 13 Onz",NULL,"78b8732a",NULL,"unidad",10,"2025-06-19 22:59:02","2025-06-19",8,2,NULL,NULL,NULL,NULL
"3kiw40ss","e2d06b97","9f390fc16","Normal 12 Onz Sin licor",NULL,"a4190f21",NULL,"unidad",54,"2025-01-29 23:02:35","2025-01-29",36,18,NULL,40,NULL,NULL
"3lmtz0im","f4bd8102","9f390fc12","Normal 24 Onz",NULL,"e114aa93",NULL,"unidad",8,"2025-08-18 18:01:24","2025-08-18",7,1,NULL,NULL,NULL,NULL
"3n6m45ki","c3770e2b","9f390fc12","Normal 24 Onz",NULL,"e114aa93",NULL,"unidad",19,"2025-01-18 13:51:26","2025-01-17",15,4,NULL,NULL,NULL,NULL
"3njq2uwa","8f0b1d91","9c172aed","Paquete de fruta con Precio",NULL,"c6434dc7",NULL,"unidad",0,"2025-10-03 18:13:09","2025-10-03",0,0,NULL,NULL,NULL,NULL
"3p17hal2","f6b609b1","9f390fc11","Normal 16 Onz",NULL,"feb4c064",NULL,"unidad",16,"2025-12-03 22:46:07","2025-12-03",5,11,NULL,NULL,NULL,NULL
"3p3k2baa","3fd82ad3","9f390fc11","Normal 16 Onz",NULL,"feb4c064",NULL,"unidad",19,"2025-10-01 22:33:23","2025-10-01",16,3,NULL,NULL,NULL,NULL
"3qmogrqp","f5ac98d3","9f390fc12","Normal 24 Onz",NULL,"e114aa93",NULL,"unidad",16,"2025-08-31 18:57:19","2025-08-31",12,4,NULL,NULL,NULL,NULL
"3r3rns6t","d5bd13f8","9c172aed","Paquete de fruta con Precio",NULL,"c6434dc7",NULL,"unidad",0,"2025-10-19 17:45:10","2025-10-19",0,0,NULL,NULL,NULL,NULL
"3r4ud72l","f5e946d5","9f390fc12","Normal 24 Onz",NULL,"e114aa93",NULL,"unidad",7,"2025-10-24 23:50:32","2025-10-24",0,7,NULL,NULL,NULL,NULL
"3r8x74bl","e24360d1","9f390fc16","Normal 12 Onz Sin licor",NULL,"a4190f21",NULL,"unidad",49,"2025-03-13 23:59:19","2025-03-13",36,13,NULL,30,NULL,NULL
"3rlw6i38","b2980c95","9f390fc11","Normal 16 Onz",NULL,"feb4c064",NULL,"unidad",26,"2026-01-10 23:52:05","2026-01-10",13,13,NULL,NULL,NULL,NULL
"3sman2k1","30dd8e5a","8a734bcd","Shot de tequila",NULL,"bd785ddb",NULL,"unidad",0,"2025-03-02 16:55:01","2025-03-02",0,0,NULL,NULL,NULL,NULL
"3t62khzy","b6d985ea","9c172aed","Paquete de fruta con Precio",NULL,"c6434dc7",NULL,"unidad",0,"2025-12-14 19:02:14","2025-12-14",0,0,NULL,NULL,NULL,NULL
"3u1hq247","6fe0659e","9f390fc10","Normal 12 Onz",NULL,"a4190f21",NULL,"unidad",62,"2025-04-24 22:40:00","2025-04-24",25,37,NULL,20,NULL,NULL
"3u85kkmg","c7ace635","9f390fc16","Normal 12 Onz Sin licor",NULL,"a4190f21",NULL,"unidad",53,"2025-06-20 23:42:17","2025-06-20",17,36,NULL,20,NULL,NULL
"3ujll9hz","6eeadca3","c9349148","Paquete de fruta $0",NULL,"c6434dc7",NULL,"unidad",32,"2025-10-12 19:06:54","2025-10-12",1,31,NULL,32,NULL,NULL
"3uvqxf9j","02c8d138","29ab6c8a","Absolut",NULL,"f6fdf4d1",NULL,"unidad",2,"2025-06-05 22:17:08","2025-06-05",1,1,NULL,NULL,NULL,NULL
"3v6nahwf","f3c33a45","9f390fc13","Cremoso 13 Onz",NULL,"78b8732a",NULL,"unidad",5,"2025-01-11 07:25:09","2025-01-10",0,5,NULL,NULL,NULL,NULL
"3vja9bih","fb452291","9f390fc16","Normal 12 Onz Sin licor",NULL,"a4190f21",NULL,"unidad",102,"2025-04-20 19:12:49","2025-04-20",16,86,NULL,80,NULL,NULL
"3vpatnz6","ac2c5559","9f390fc10","Normal 12 Onz",NULL,"a4190f21",NULL,"unidad",119,"2025-12-24 21:15:36","2025-12-24",42,77,NULL,100,NULL,NULL
"3vpo86ny","b366009a","9f390fc13","Cremoso 13 Onz",NULL,"78b8732a",NULL,"unidad",0,"2024-11-30 12:18:56","2024-11-30",0,0,NULL,NULL,NULL,NULL
"3w7jh6oa","61285ef7","9f390fc13","Cremoso 13 Onz",NULL,"78b8732a",NULL,"unidad",25,"2025-02-07 23:37:42","2025-02-07",17,8,NULL,NULL,NULL,NULL
"3x1p79yq","7d889539","9f390fc16","Normal 12 Onz Sin licor",NULL,"a4190f21",NULL,"unidad",141,"2025-05-04 11:22:07","2025-05-03",15,126,NULL,40,NULL,NULL
"3x77gxwy","f42df9be","9f390fc12","Normal 24 Onz",NULL,"e114aa93",NULL,"unidad",11,"2025-09-04 23:19:19","2025-09-04",3,8,NULL,NULL,NULL,NULL
"3xejb3qm","bd3538d1","9f390fc10","Normal 12 Onz",NULL,"a4190f21",NULL,"unidad",51,"2025-11-09 19:07:23","2025-11-09",19,32,NULL,NULL,NULL,NULL
"3yay0axt","63813313","9f390fc16","Normal 12 Onz Sin licor",NULL,"a4190f21",NULL,"unidad",146,"2025-07-06 09:26:13","2025-07-05",28,118,"1 vaso dañado ya descontado",40,NULL,NULL
"3ymfe6ju","bd3538d1","9f390fc16","Normal 12 Onz Sin licor",NULL,"a4190f21",NULL,"unidad",157,"2025-11-09 19:14:39","2025-11-09",17,140,NULL,140,NULL,NULL
"3ytku702","2d7f4b47","9f390fc16","Normal 12 Onz Sin licor",NULL,"a4190f21",NULL,"unidad",55,"2025-09-05 23:45:54","2025-09-05",14,41,NULL,40,NULL,NULL
"3z0z4lon","a96fd7b7","9f390fc16","Normal 12 Onz Sin licor",NULL,"a4190f21",NULL,"unidad",71,"2025-03-02 01:07:34","2025-03-01",8,63,NULL,20,NULL,NULL
"3zxoutln","eef68b67","c9349148","Paquete de fruta $0",NULL,"c6434dc7",NULL,"unidad",31,"2025-06-15 11:47:01","2025-06-14",11,20,NULL,32,NULL,NULL
"3zzx4zpp","2b33ab85","9f390fc12","Normal 24 Onz",NULL,"e114aa93",NULL,"unidad",4,"2025-11-27 22:57:48","2025-11-27",3,1,NULL,NULL,NULL,NULL
"40cbsisg","00bf5c32","8a734bcd","Shot de tequila",NULL,"bd785ddb",NULL,"unidad",0,"2025-03-09 20:40:35","2025-03-09",0,0,NULL,NULL,NULL,NULL
"40tbgpz3","0d08c6d8","9f390fc12","Normal 24 Onz",NULL,"e114aa93",NULL,"unidad",12,"2025-12-08 18:08:22","2025-12-08",4,8,NULL,NULL,NULL,NULL
"415qobnl","c4ff0dcb","9f390fc10","Normal 12 Onz",NULL,"a4190f21",NULL,"unidad",49,"2025-03-16 19:53:09","2025-03-16",4,45,NULL,30,NULL,NULL
"41x2iyym","f71ef327","9f390fc10","Normal 12 Onz",NULL,"a4190f21",NULL,"unidad",149,"2025-04-06 00:39:13","2025-04-05",9,140,NULL,20,NULL,NULL
"433d4k91","0d08c6d8","e852ea91","Tapas domicilio",NULL,"f4e7a67f",NULL,"unidad",20,"2025-12-08 19:07:42","2025-12-08",8,12,NULL,7,NULL,NULL
"44m9qxii","fa9465ed","9f390fc13","Cremoso 13 Onz",NULL,"78b8732a",NULL,"unidad",11,"2025-04-13 18:40:41","2025-04-13",8,3,NULL,NULL,NULL,NULL
"44oed816","61285ef7","9f390fc12","Normal 24 Onz",NULL,"e114aa93",NULL,"unidad",19,"2025-02-07 23:38:23","2025-02-07",11,8,NULL,NULL,NULL,NULL
"44wwgob9","21ecc0ec","9c172aed","Paquete de fruta con Precio",NULL,"c6434dc7",NULL,"unidad",2,"2025-07-26 17:33:39","2025-07-26",0,2,NULL,NULL,NULL,NULL
"453mr2lf","0f02172c","e852ea91","Tapas domicilio",NULL,"f4e7a67f",NULL,"unidad",20,"2025-12-29 20:24:02","2025-12-29",16,4,NULL,8,NULL,NULL
"45zx740s","f4bd8102","9f390fc16","Normal 12 Onz Sin licor",NULL,"a4190f21",NULL,"unidad",83,"2025-08-18 18:58:02","2025-08-18",12,71,NULL,40,NULL,NULL
"464w5zin","5f811ff4","9f390fc12","Normal 24 Onz",NULL,"e114aa93",NULL,"unidad",15,"2025-01-19 10:01:49","2025-01-18",6,9,NULL,NULL,NULL,NULL
"465axo75","7456bf87","9f390fc10","Normal 12 Onz",NULL,"a4190f21",NULL,"unidad",45,"2025-03-27 22:47:00","2025-03-27",20,25,NULL,40,NULL,NULL
"46a20987","93c98ad7","8a734bcd","Shot de tequila",NULL,"bd785ddb",NULL,"unidad",8,"2024-11-01 13:46:00","2024-11-01",6,2,NULL,NULL,NULL,NULL
"46lbpaed","c7d0b6ac","9f390fc10","Normal 12 Onz",NULL,"a4190f21",NULL,"unidad",61,"2025-08-17 19:08:05","2025-08-17",12,49,NULL,40,NULL,NULL
"48ryaw06","c763f320","9f390fc13","Cremoso 13 Onz",NULL,"78b8732a",NULL,"unidad",12,"2025-04-12 15:53:22","2025-04-11",2,10,NULL,-3,NULL,NULL
"49vvjina","5d889f7b","c9349148","Paquete de fruta $0",NULL,"c6434dc7",NULL,"unidad",26,"2025-08-30 21:08:07","2025-08-30",0,26,NULL,26,NULL,NULL
"4a27cz9n","7967d72c","9f390fc12","Normal 24 Onz",NULL,"e114aa93",NULL,"unidad",10,"2024-11-27 16:59:46","2024-11-27",9,1,NULL,NULL,NULL,NULL
"4aaxasx6","96eec3c9","9f390fc16","Normal 12 Onz Sin licor",NULL,"a4190f21",NULL,"unidad",56,"2025-04-23 22:57:12","2025-04-23",39,17,NULL,40,NULL,NULL
"4af23rgb","9da2f23e","c9349148","Paquete de fruta $0",NULL,"c6434dc7",NULL,"unidad",8,"2025-06-02 17:29:55","2025-06-02",0,8,NULL,NULL,NULL,NULL
"4avi87xm","ddc60dbd","c9349148","Paquete de fruta $0",NULL,"c6434dc7",NULL,"unidad",32,"2025-11-15 23:52:30","2025-11-15",0,32,NULL,NULL,NULL,NULL
"4b33mj17","35f7bcaa","9f390fc10","Normal 12 Onz",NULL,"a4190f21",NULL,"unidad",48,"2025-10-14 21:23:26","2025-10-13",38,10,NULL,NULL,NULL,NULL
"4b7wm06g","dba55dff","b5a797f3","Adicional de gomas",NULL,"1f077d1a",NULL,"unidad",16,"2025-08-27 22:43:02","2025-08-27",15,1,NULL,NULL,NULL,NULL
"4c5unoaz","bbba1b75","c9349148","Paquete de fruta $0",NULL,"c6434dc7",NULL,"unidad",20,"2025-11-03 19:08:45","2025-11-03",3,17,NULL,NULL,NULL,NULL
"4caof6v7","2f43739d","9f390fc16","Normal 12 Onz Sin licor",NULL,"a4190f21",NULL,"unidad",51,"2025-05-08 22:14:03","2025-05-08",29,22,NULL,40,NULL,NULL
"4cfalajf","603c0672","9f390fc12","Normal 24 Onz",NULL,"e114aa93",NULL,"unidad",19,"2025-05-28 22:33:48","2025-05-28",16,3,NULL,NULL,NULL,NULL
"4d556rm1","b58f7426","e852ea91","Tapas domicilio",NULL,"f4e7a67f",NULL,"unidad",7,"2025-12-26 23:24:19","2025-12-26",6,1,NULL,NULL,NULL,NULL
"4dc8c7b1","7eca950b","8f6e9d39","Extra shoot GRATIS",NULL,"bd785ddb",NULL,"unidad",42,"2025-12-21 00:31:38","2025-12-20",0,42,NULL,5,NULL,NULL
"4e5ls13r","fb680441","9f390fc10","Normal 12 Onz",NULL,"a4190f21",NULL,"unidad",44,"2025-01-04 10:36:15","2025-01-03",25,19,NULL,30,NULL,NULL
"4edmmgng","23fa9273","b5a797f3","Adicional de gomas",NULL,"1f077d1a",NULL,"unidad",3,"2026-01-09 19:17:27","2026-01-09",3,0,NULL,NULL,NULL,NULL
"4eygbkly","3ab94560","9f390fc12","Normal 24 Onz",NULL,"e114aa93",NULL,"unidad",8,"2025-02-16 19:04:31","2025-02-16",3,5,NULL,NULL,NULL,NULL
"4fj3c45a","032ea435","9c172aed","Paquete de fruta con Precio",NULL,"c6434dc7",NULL,"unidad",0,"2025-12-23 10:19:47","2025-12-22",0,0,NULL,NULL,NULL,NULL
"4g9d5kyb","788bd240","9f390fc12","Normal 24 Onz",NULL,"e114aa93",NULL,"unidad",18,"2025-07-12 23:49:46","2025-07-12",8,10,NULL,NULL,NULL,NULL
"4gl8axx1","947178b6","9f390fc10","Normal 12 Onz",NULL,"a4190f21",NULL,"unidad",134,"2025-02-09 01:22:21","2025-02-08",13,121,NULL,20,NULL,NULL
"4h4j87fa","dda8830d","9f390fc10","Normal 12 Onz",NULL,"a4190f21",NULL,"unidad",102,"2025-03-22 00:35:51","2025-03-21",10,92,NULL,1,NULL,NULL
"4i4gw4d1","7992300d","29ab6c8a","Absolut",NULL,"f6fdf4d1",NULL,"unidad",0,"2025-06-11 20:33:34","2025-06-11",0,0,NULL,NULL,NULL,NULL
"4i9dj7m1","78c784b3","9f390fc16","Normal 12 Onz Sin licor",NULL,"a4190f21",NULL,"unidad",172,"2025-12-07 19:05:49","2025-12-07",40,132,NULL,140,NULL,NULL
"4ip2p3fu","8c500593","9f390fc13","Cremoso 13 Onz",NULL,"78b8732a",NULL,"unidad",8,"2024-11-28 15:51:57","2024-11-28",0,8,NULL,NULL,NULL,NULL
"4jkbev9c","509be383","9f390fc16","Normal 12 Onz Sin licor",NULL,"a4190f21",NULL,"unidad",47,"2025-04-10 12:57:22","2025-04-09",21,26,NULL,30,NULL,NULL
"4jx5h63h","6eeadca3","9f390fc10","Normal 12 Onz",NULL,"a4190f21",NULL,"unidad",94,"2025-10-12 19:08:45","2025-10-12",49,45,NULL,60,NULL,NULL
"4kd0pvxe","b366009a","9f390fc12","Normal 24 Onz",NULL,"e114aa93",NULL,"unidad",22,"2024-11-30 12:18:52","2024-11-30",17,5,NULL,NULL,NULL,NULL
"4lh1u6te","aff24750","9f390fc12","Normal 24 Onz",NULL,"e114aa93",NULL,"unidad",29,"2025-12-07 00:47:53","2025-12-06",17,12,NULL,20,NULL,NULL
"4m8a5b5o","ddc60dbd","9c172aed","Paquete de fruta con Precio",NULL,"c6434dc7",NULL,"unidad",2,"2025-11-15 20:11:24","2025-11-15",0,2,NULL,NULL,NULL,NULL
"4md4ep9q","ee67e387","9f390fc12","Normal 24 Onz",NULL,"e114aa93",NULL,"unidad",19,"2025-05-18 18:35:03","2025-05-18",18,1,NULL,NULL,NULL,NULL
"4mnoswug","b0f6e0de","a827d17a","Chivas Regal",NULL,"8979ada5",NULL,"unidad",2,"2025-08-15 18:32:48","2025-08-15",2,0,NULL,NULL,NULL,NULL
"4n5fae0t","e2721cee","9f390fc10","Normal 12 Onz",NULL,"a4190f21",NULL,"unidad",98,"2025-06-23 11:26:20","2025-06-22",12,86,NULL,5,NULL,NULL
"4ov1vgjc","877c746c","9f390fc12","Normal 24 Onz",NULL,"e114aa93",NULL,"unidad",16,"2025-04-06 18:31:54","2025-04-06",14,2,NULL,NULL,NULL,NULL
"4qjyp2o3","75a6265b","b5a797f3","Adicional de gomas",NULL,"1f077d1a",NULL,"unidad",5,"2025-12-30 19:37:33","2025-12-30",5,0,NULL,NULL,NULL,NULL
"4sos85bd","788bd240","9c172aed","Paquete de fruta con Precio",NULL,"c6434dc7",NULL,"unidad",0,"2025-07-12 18:05:45","2025-07-12",0,0,NULL,NULL,NULL,NULL
"4suu5s0m","c848385b","c9349148","Paquete de fruta $0",NULL,"c6434dc7",NULL,"unidad",17,"2025-12-15 23:07:02","2025-12-15",2,15,NULL,14,NULL,NULL
"4t4ow77t","78c784b3","c9349148","Paquete de fruta $0",NULL,"c6434dc7",NULL,"unidad",28,"2025-12-07 18:40:14","2025-12-07",3,25,NULL,28,NULL,NULL
"4ux7w4q5","77295614","c9349148","Paquete de fruta $0",NULL,"c6434dc7",NULL,"unidad",15,"2025-08-24 18:46:48","2025-08-24",0,15,NULL,15,NULL,NULL
"4uxh982u","c3770e2b","8a734bcd","Shot de tequila",NULL,"bd785ddb",NULL,"unidad",0,"2025-01-17 10:44:17","2025-01-17",0,0,NULL,NULL,NULL,NULL
"4v7q2hvf","0674313a","9f390fc10","Normal 12 Onz",NULL,"a4190f21",NULL,"unidad",73,"2025-10-17 23:54:43","2025-10-17",3,70,NULL,30,NULL,NULL
"4vpwb2oa","30b23391","9f390fc16","Normal 12 Onz Sin licor",NULL,"a4190f21",NULL,"unidad",50,"2024-11-08 13:58:34","2024-11-08",29,21,NULL,20,NULL,NULL
"4wa80mzq","93e698d1","9f390fc11","Normal 16 Onz",NULL,"feb4c064",NULL,"unidad",10,"2025-11-12 22:50:15","2025-11-12",9,1,NULL,NULL,NULL,NULL
"4woq4rkg","ff2257c7","9f390fc16","Normal 12 Onz Sin licor",NULL,"a4190f21",NULL,"unidad",190,"2025-10-05 00:52:29","2025-10-04",7,183,NULL,120,NULL,NULL
"4x3pkby9","060e027a","9f390fc11","Normal 16 Onz",NULL,"feb4c064",NULL,"unidad",9,"2025-07-31 22:51:33","2025-07-31",3,6,NULL,NULL,NULL,NULL
"4xqldhxf","c05a8f51","9f390fc16","Normal 12 Onz Sin licor",NULL,"a4190f21",NULL,"unidad",35,"2024-12-07 14:12:48","2024-12-07",16,19,NULL,30,NULL,NULL
"4xwgk46w","35f7bcaa","c9349148","Paquete de fruta $0",NULL,"c6434dc7",NULL,"unidad",18,"2025-10-13 19:05:29","2025-10-13",13,5,NULL,17,NULL,NULL
"4yuuljfr","16c9c0eb","8a734bcd","Shot de tequila",NULL,"bd785ddb",NULL,"unidad",0,"2025-02-13 23:06:31","2025-02-13",0,0,NULL,NULL,NULL,NULL
"4yz2jpyw","efba96f5","9f390fc10","Normal 12 Onz",NULL,"a4190f21",NULL,"unidad",69,"2025-03-19 23:06:13","2025-03-19",9,60,NULL,20,NULL,NULL
"4z022xyq","9a58a8a2","9c172aed","Paquete de fruta con Precio",NULL,"c6434dc7",NULL,"unidad",0,"2025-06-19 21:39:11","2025-06-19",0,0,NULL,NULL,NULL,NULL
"4zeprf9n","423d64de","9f390fc16","Normal 12 Onz Sin licor",NULL,"a4190f21",NULL,"unidad",88,"2026-01-02 21:58:58","2026-01-02",28,60,NULL,NULL,NULL,NULL
"4zio1idv","b49f7b00","c9349148","Paquete de fruta $0",NULL,"c6434dc7",NULL,"unidad",11,"2025-08-14 19:54:37","2025-08-14",0,11,NULL,NULL,NULL,NULL
"5007bdqv","7c6eacc2","9f390fc10","Normal 12 Onz",NULL,"a4190f21",NULL,"unidad",60,"2025-01-22 15:28:54","2025-01-19",19,41,NULL,40,NULL,NULL
"501r6isq","877c746c","9f390fc13","Cremoso 13 Onz",NULL,"78b8732a",NULL,"unidad",16,"2025-04-06 18:32:01","2025-04-06",15,1,NULL,NULL,NULL,NULL
"50p71ig6","c0d507d1","9f390fc16","Normal 12 Onz Sin licor",NULL,"a4190f21",NULL,"unidad",61,"2025-04-16 22:49:02","2025-04-16",6,55,NULL,20,NULL,NULL
"51ei95kr","c339c363","9f390fc10","Normal 12 Onz",NULL,"a4190f21",NULL,"unidad",36,"2025-03-15 00:00:51","2025-03-14",2,34,NULL,20,NULL,NULL
"51kt0fy4","63813313","c9349148","Paquete de fruta $0",NULL,"c6434dc7",NULL,"unidad",35,"2025-07-06 00:36:17","2025-07-05",0,35,NULL,35,NULL,NULL
"51v8bksw","2d7f4b47","c9349148","Paquete de fruta $0",NULL,"c6434dc7",NULL,"unidad",21,"2025-09-05 22:45:59","2025-09-05",0,21,NULL,26,NULL,NULL
"52d56260","efba96f5","9f390fc13","Cremoso 13 Onz",NULL,"78b8732a",NULL,"unidad",8,"2025-03-19 22:39:10","2025-03-19",3,5,NULL,NULL,NULL,NULL
"53vai8jp","7456bf87","9f390fc11","Normal 16 Onz",NULL,"feb4c064",NULL,"unidad",0,"2025-03-27 19:47:45","2025-03-27",0,0,NULL,NULL,NULL,NULL
"547yyijf","ee622fc7","9f390fc10","Normal 12 Onz",NULL,"a4190f21",NULL,"unidad",90,"2025-06-15 19:18:28","2025-06-15",31,59,NULL,80,NULL,NULL
"54znigke","e368d39b","9f390fc10","Normal 12 Onz",NULL,"a4190f21",NULL,"unidad",51,"2025-03-26 23:12:02","2025-03-26",5,46,NULL,20,NULL,NULL
"55edckt9","f767c545","9f390fc10","Normal 12 Onz",NULL,"a4190f21",NULL,"unidad",182,"2025-08-17 00:10:48","2025-08-16",21,161,NULL,40,NULL,NULL
"55pitlt0","1fd0b958","9f390fc11","Normal 16 Onz",NULL,"feb4c064",NULL,"unidad",23,"2025-08-01 23:52:07","2025-08-01",9,14,NULL,20,NULL,NULL
"55re4voz","705c425b","9f390fc16","Normal 12 Onz Sin licor",NULL,"a4190f21",NULL,"unidad",79,"2025-07-12 00:08:37","2025-07-11",4,75,NULL,50,NULL,NULL
"569hmshr","122ae512","b5a797f3","Adicional de gomas",NULL,"1f077d1a",NULL,"unidad",8,"2025-09-14 17:54:12","2025-09-14",7,1,NULL,NULL,NULL,NULL
"56ha5mhj","509be383","9f390fc10","Normal 12 Onz",NULL,"a4190f21",NULL,"unidad",56,"2025-04-10 12:57:14","2025-04-09",21,35,NULL,30,NULL,NULL
"57ay9vu0","8c500593","9f390fc16","Normal 12 Onz Sin licor",NULL,"a4190f21",NULL,"unidad",50,"2024-11-28 15:51:55","2024-11-28",30,20,NULL,30,NULL,NULL
"57czy71p","77295614","9f390fc16","Normal 12 Onz Sin licor",NULL,"a4190f21",NULL,"unidad",190,"2025-08-24 19:02:38","2025-08-24",32,158,NULL,160,NULL,NULL
"57orwxhr","02c8d138","9f390fc12","Normal 24 Onz",NULL,"e114aa93",NULL,"unidad",5,"2025-06-05 22:17:10","2025-06-05",3,2,NULL,NULL,NULL,NULL
"594soib3","26c92f93","a827d17a","Chivas Regal",NULL,"8979ada5",NULL,"unidad",2,"2025-08-22 23:22:18","2025-08-22",2,0,NULL,NULL,NULL,NULL
"59cbb2h7","036190eb","9f390fc12","Normal 24 Onz",NULL,"e114aa93",NULL,"unidad",7,"2025-09-25 22:51:14","2025-09-25",5,2,NULL,NULL,NULL,NULL
"59k3lurp","b366009a","9f390fc16","Normal 12 Onz Sin licor",NULL,"a4190f21",NULL,"unidad",82,"2024-11-30 12:18:54","2024-11-30",19,63,NULL,20,NULL,NULL
"59kzxhbv","05d934a8","9f390fc11","Normal 16 Onz",NULL,"feb4c064",NULL,"unidad",22,"2025-12-16 22:47:11","2025-12-16",19,3,NULL,20,NULL,NULL
"59zk5fr6","3ab94560","9f390fc10","Normal 12 Onz",NULL,"a4190f21",NULL,"unidad",41,"2025-02-16 19:22:45","2025-02-16",20,21,NULL,-1,NULL,NULL
"5acpn3wm","9da2f23e","9f390fc12","Normal 24 Onz",NULL,"e114aa93",NULL,"unidad",11,"2025-06-02 19:08:43","2025-06-02",8,3,NULL,NULL,NULL,NULL
"5akcf6tz","85ffae5e","8a734bcd","Shot de tequila",NULL,"bd785ddb",NULL,"unidad",0,"2025-01-24 08:41:23","2025-01-23",0,0,NULL,NULL,NULL,NULL
"5bipwlak","41c02110","9f390fc11","Normal 16 Onz",NULL,"feb4c064",NULL,"unidad",6,"2025-09-18 20:28:16","2025-09-18",6,0,NULL,NULL,NULL,NULL
"5ciu8bgv","a41431b5","9f390fc16","Normal 12 Onz Sin licor",NULL,"a4190f21",NULL,"unidad",68,"2025-07-10 23:08:58","2025-07-10",29,39,NULL,1,NULL,NULL
"5cj0i6fe","3277d896","2061a24e","Jack daniels",NULL,"35dbe1bc",NULL,"unidad",1,"2025-08-21 22:50:24","2025-08-21",1,0,NULL,NULL,NULL,NULL
"5czrg4wi","4d805e8a","9f390fc10","Normal 12 Onz",NULL,"a4190f21",NULL,"unidad",77,"2025-06-30 18:56:19","2025-06-30",25,52,NULL,40,NULL,NULL
"5d2dd43e","aac39214","9f390fc13","Cremoso 13 Onz","4ff5b09a","78b8732a",NULL,"unidad",33,"2025-03-16 00:52:52","2025-03-15",14,19,NULL,24,NULL,NULL
"5d5avwm9","297f6235","9f390fc11","Normal 16 Onz",NULL,"feb4c064",NULL,"unidad",25,"2025-08-06 23:03:21","2025-08-06",20,5,NULL,NULL,NULL,NULL
"5egkfq7k","ff2257c7","9c172aed","Paquete de fruta con Precio",NULL,"c6434dc7",NULL,"unidad",0,"2025-10-04 18:09:47","2025-10-04",0,0,NULL,NULL,NULL,NULL
"5el0bl0l","5512c663","9f390fc11","Normal 16 Onz",NULL,"feb4c064",NULL,"unidad",20,"2025-04-20 00:02:13","2025-04-19",5,15,NULL,20,NULL,NULL
"5eoruont","60e7f19d","9f390fc10","Normal 12 Onz",NULL,"a4190f21",NULL,"unidad",81,"2025-07-30 22:36:11","2025-07-30",19,62,NULL,20,NULL,NULL
"5f65ipej","979f652e","9c172aed","Paquete de fruta con Precio",NULL,"c6434dc7",NULL,"unidad",0,"2025-08-23 18:28:13","2025-08-23",0,0,NULL,NULL,NULL,NULL
"5hieknsz","c4ff0dcb","9f390fc16","Normal 12 Onz Sin licor",NULL,"a4190f21",NULL,"unidad",91,"2025-03-16 19:53:40","2025-03-16",8,83,NULL,40,NULL,NULL
"5hvkechm","4b26560c","9f390fc11","Normal 16 Onz",NULL,"feb4c064",NULL,"unidad",11,"2025-12-19 22:41:05","2025-12-19",0,11,NULL,NULL,NULL,NULL
"5in24dto","603c0672","9f390fc10","Normal 12 Onz",NULL,"a4190f21",NULL,"unidad",54,"2025-05-28 22:32:44","2025-05-28",19,35,NULL,40,NULL,NULL
"5it1e5to","1b1830f5","9f390fc16","Normal 12 Onz Sin licor",NULL,"a4190f21",NULL,"unidad",50,"2025-10-15 23:05:10","2025-10-15",14,36,NULL,NULL,NULL,NULL
"5jbke9je","147116cb","c9349148","Paquete de fruta $0",NULL,"c6434dc7",NULL,"unidad",19,"2025-11-28 23:45:52","2025-11-28",0,19,NULL,-1,NULL,NULL
"5kxul6kr","85ffae5e","9f390fc16","Normal 12 Onz Sin licor",NULL,"a4190f21",NULL,"unidad",26,"2025-01-24 08:40:34","2025-01-23",0,26,NULL,-15,NULL,NULL
"5l16e1ya","a3bae712","9f390fc12","Normal 24 Onz",NULL,"e114aa93",NULL,"unidad",4,"2025-02-12 22:45:11","2025-02-12",3,1,NULL,NULL,NULL,NULL
"5mzhlqug","c54c362a","9f390fc13","Cremoso 13 Onz",NULL,"78b8732a",NULL,"unidad",31,"2024-12-31 19:29:42","2024-12-31",29,2,NULL,25,NULL,NULL
"5n75b3hz","4b26560c","9f390fc12","Normal 24 Onz",NULL,"e114aa93",NULL,"unidad",8,"2025-12-19 22:39:48","2025-12-19",1,7,NULL,NULL,NULL,NULL
"5njvntsa","35f7bcaa","9f390fc16","Normal 12 Onz Sin licor",NULL,"a4190f21",NULL,"unidad",100,"2025-10-14 21:25:11","2025-10-13",50,50,NULL,NULL,NULL,NULL
"5ntrdht9","80ffddd9","29ab6c8a","Absolut",NULL,"f6fdf4d1",NULL,"unidad",0,"2025-06-08 18:35:53","2025-06-08",0,0,NULL,NULL,NULL,NULL
"5sjbiz9b","ac35ccea","9f390fc11","Normal 16 Onz",NULL,"feb4c064",NULL,"unidad",19,"2025-08-13 22:46:49","2025-08-13",12,7,NULL,NULL,NULL,NULL
"5tsvtseg","b4b512c4","b5a797f3","Adicional de gomas",NULL,"1f077d1a",NULL,"unidad",8,"2025-11-05 22:51:15","2025-11-05",8,0,NULL,NULL,NULL,NULL
"5vonv1fz","b0f6e0de","9f390fc11","Normal 16 Onz",NULL,"feb4c064",NULL,"unidad",11,"2025-08-15 23:52:43","2025-08-15",0,11,NULL,NULL,NULL,NULL
"5xis83c9","b8b05ad2","e852ea91","Tapas domicilio",NULL,"f4e7a67f",NULL,"unidad",10,"2025-12-14 00:57:59","2025-12-13",1,9,NULL,NULL,NULL,NULL
"60327ydu","4b26560c","9f390fc10","Normal 12 Onz",NULL,"a4190f21",NULL,"unidad",130,"2025-12-20 00:04:46","2025-12-19",20,110,NULL,60,NULL,NULL
"6173qegb","6ebdfa46","9f390fc10","Normal 12 Onz",NULL,"a4190f21",NULL,"unidad",46,"2024-12-30 09:22:36","2024-12-29",19,27,NULL,30,NULL,NULL
"61f51nnl","979f652e","a827d17a","Chivas Regal",NULL,"8979ada5",NULL,"unidad",3,"2025-08-23 22:05:42","2025-08-23",2,1,NULL,NULL,NULL,NULL
"62yy751z","ee8872ac","9f390fc12","Normal 24 Onz",NULL,"e114aa93",NULL,"unidad",6,"2025-07-09 22:37:59","2025-07-09",5,1,NULL,NULL,NULL,NULL
"63b2u7ns","f4bd8102","b5a797f3","Adicional de gomas",NULL,"1f077d1a",NULL,"unidad",10,"2025-08-18 18:01:48","2025-08-18",7,3,NULL,10,NULL,NULL
"63hxbdwm","23fa9273","9f390fc11","Normal 16 Onz",NULL,"feb4c064",NULL,"unidad",36,"2026-01-10 00:11:11","2026-01-09",26,10,NULL,NULL,NULL,NULL
"641cx8dj","aac39214","9f390fc11","Normal 16 Onz",NULL,"feb4c064",NULL,"unidad",20,"2025-03-16 00:52:46","2025-03-15",9,11,NULL,NULL,NULL,NULL
"64r0n0ji","2a76948a","9f390fc16","Normal 12 Onz Sin licor",NULL,"a4190f21",NULL,"unidad",133,"2025-07-20 00:58:44","2025-07-19",28,105,NULL,20,NULL,NULL
"663x292e","ddc60dbd","9f390fc10","Normal 12 Onz",NULL,"a4190f21",NULL,"unidad",153,"2025-11-16 00:40:49","2025-11-15",60,93,NULL,140,NULL,NULL
"66dvopay","bf9a4d4e","c9349148","Paquete de fruta $0",NULL,"c6434dc7",NULL,"unidad",16,"2025-07-17 12:49:14","2025-07-16",4,12,NULL,19,NULL,NULL
"670qdas3","9a0090b9","9f390fc16","Normal 12 Onz Sin licor",NULL,"a4190f21",NULL,"unidad",46,"2025-07-17 23:03:03","2025-07-17",5,41,NULL,20,NULL,NULL
"67jy2vjh","77295614","9f390fc12","Normal 24 Onz",NULL,"e114aa93",NULL,"unidad",13,"2025-08-24 18:46:37","2025-08-24",13,0,NULL,NULL,NULL,NULL
"67wwbdjl","16c9c0eb","9f390fc10","Normal 12 Onz",NULL,"a4190f21",NULL,"unidad",43,"2025-02-13 23:33:16","2025-02-13",3,40,NULL,30,NULL,NULL
"685at9el","4d9d856a","9f390fc13","Cremoso 13 Onz",NULL,"78b8732a",NULL,"unidad",23,"2025-02-27 22:56:03","2025-02-26",15,8,NULL,NULL,NULL,NULL
"68wt6yt8","6cf74fb6","9f390fc12","Normal 24 Onz",NULL,"e114aa93",NULL,"unidad",6,"2024-11-22 13:38:13","2024-11-22",3,3,NULL,NULL,NULL,NULL
"68ye2kl0","046eed1c","9f390fc11","Normal 16 Onz",NULL,"feb4c064",NULL,"unidad",19,"2025-12-17 23:12:48","2025-12-17",15,4,NULL,NULL,NULL,NULL
"697c8k6e","d1eefa16","9f390fc12","Normal 24 Onz",NULL,"e114aa93",NULL,"unidad",21,"2025-01-09 08:46:56","2025-01-08",19,2,NULL,NULL,NULL,NULL
"69g1tozc","360826f0","9f390fc11","Normal 16 Onz",NULL,"feb4c064",NULL,"unidad",18,"2025-07-03 22:42:56","2025-07-03",17,1,NULL,NULL,NULL,NULL
"69uzeapp","a3bae712","9f390fc13","Cremoso 13 Onz",NULL,"78b8732a",NULL,"unidad",2,"2025-02-12 23:20:42","2025-02-12",1,1,NULL,NULL,NULL,NULL
"6aeprzdt","a686bf22","9f390fc11","Normal 16 Onz",NULL,"feb4c064",NULL,"unidad",9,"2025-11-13 22:47:19","2025-11-13",4,5,NULL,NULL,NULL,NULL
"6b1ozres","463bd778","b5a797f3","Adicional de gomas",NULL,"1f077d1a",NULL,"unidad",5,"2025-10-22 18:49:37","2025-10-22",4,1,NULL,NULL,NULL,NULL
"6bfj3pdx","a78c59e2","c9349148","Paquete de fruta $0",NULL,"c6434dc7",NULL,"unidad",17,"2025-11-19 23:05:42","2025-11-19",6,11,NULL,2,NULL,NULL
"6bvhhym5","60775d92","9f390fc10","Normal 12 Onz",NULL,"a4190f21",NULL,"unidad",47,"2025-04-03 22:25:24","2025-04-03",11,36,NULL,30,NULL,NULL
"6bz1egru","360826f0","c9349148","Paquete de fruta $0",NULL,"c6434dc7",NULL,"unidad",31,"2025-07-04 13:23:38","2025-07-03",5,26,NULL,31,NULL,NULL
"6c8i0d94","c0d507d1","9f390fc10","Normal 12 Onz",NULL,"a4190f21",NULL,"unidad",123,"2025-04-16 22:48:38","2025-04-16",19,104,NULL,40,NULL,NULL
"6cizh8xi","77295614","9f390fc11","Normal 16 Onz",NULL,"feb4c064",NULL,"unidad",5,"2025-08-24 18:46:41","2025-08-24",2,3,NULL,NULL,NULL,NULL
"6cm5hfht","5584ae3d","9f390fc12","Normal 24 Onz",NULL,"e114aa93",NULL,"unidad",7,"2025-08-20 22:52:24","2025-08-20",7,0,NULL,NULL,NULL,NULL
"6cta6qa5","f4c96005","9f390fc16","Normal 12 Onz Sin licor",NULL,"a4190f21",NULL,"unidad",74,"2024-12-28 08:39:37","2024-12-27",16,58,NULL,20,NULL,NULL
"6d281dbd","bda941bb","9f390fc10","Normal 12 Onz",NULL,"a4190f21",NULL,"unidad",137,"2025-03-30 00:26:05","2025-03-29",17,120,NULL,40,NULL,NULL
"6e17ji9y","d234629c","e852ea91","Tapas domicilio",NULL,"f4e7a67f",NULL,"unidad",4,"2026-01-11 16:27:29","2026-01-11",4,0,NULL,NULL,NULL,NULL
"6fg42su5","bfb5eb99","9f390fc11","Normal 16 Onz",NULL,"feb4c064",NULL,"unidad",24,"2025-11-30 19:02:06","2025-11-30",16,8,NULL,20,NULL,NULL
"6fk27q1u","b67aa975","9f390fc12","Normal 24 Onz",NULL,"e114aa93",NULL,"unidad",24,"2025-04-27 18:56:10","2025-04-27",20,4,NULL,20,NULL,NULL
"6fvfcaeo","463bd778","c9349148","Paquete de fruta $0",NULL,"c6434dc7",NULL,"unidad",15,"2025-10-22 23:05:33","2025-10-22",2,13,NULL,15,NULL,NULL
"6g6usnj2","2b33ab85","e852ea91","Tapas domicilio",NULL,"f4e7a67f",NULL,"unidad",22,"2025-11-27 22:57:30","2025-11-27",21,1,NULL,20,NULL,NULL
"6gg3sftw","d5bd13f8","9f390fc11","Normal 16 Onz",NULL,"feb4c064",NULL,"unidad",16,"2025-10-19 18:46:30","2025-10-19",10,6,NULL,NULL,NULL,NULL
"6gogzkmh","2306a8f5","9f390fc16","Normal 12 Onz Sin licor",NULL,"a4190f21",NULL,"unidad",32,"2024-11-13 16:14:48","2024-11-13",18,14,NULL,30,NULL,NULL
"6haku6ur","d8ec1bc3","9f390fc12","Normal 24 Onz",NULL,"e114aa93",NULL,"unidad",16,"2025-02-16 00:47:57","2025-02-15",8,8,NULL,NULL,NULL,NULL
"6hn30b5w","d129f99f","9f390fc12","Normal 24 Onz",NULL,"e114aa93",NULL,"unidad",16,"2025-08-03 18:12:18","2025-08-03",14,2,NULL,NULL,NULL,NULL
"6hntz5ly","c7ace635","c9349148","Paquete de fruta $0",NULL,"c6434dc7",NULL,"unidad",23,"2025-06-20 23:41:35","2025-06-20",0,23,NULL,NULL,NULL,NULL
"6htpk0qv","404a8aea","9c172aed","Paquete de fruta con Precio",NULL,"c6434dc7",NULL,"unidad",0,"2025-10-31 17:29:21","2025-10-31",0,0,NULL,NULL,NULL,NULL
"6i22z1xk","75dc5b07","c9349148","Paquete de fruta $0",NULL,"c6434dc7",NULL,"unidad",14,"2025-09-26 20:44:56","2025-09-26",0,14,NULL,NULL,NULL,NULL
"6ifse80f","eb0775cc","8a734bcd","Shot de tequila",NULL,"bd785ddb",NULL,"unidad",12,"2024-11-23 09:29:46","2024-11-23",0,12,NULL,NULL,NULL,NULL
"6iyq0j9v","26fff2ed","e852ea91","Tapas domicilio",NULL,"f4e7a67f",NULL,"unidad",31,"2025-11-30 00:58:52","2025-11-29",19,12,NULL,NULL,NULL,NULL
"6iz8708f","5584ae3d","c9349148","Paquete de fruta $0",NULL,"c6434dc7",NULL,"unidad",16,"2025-08-20 22:53:49","2025-08-20",2,14,NULL,16,NULL,NULL
"6jtur38x","463bd778","9f390fc10","Normal 12 Onz",NULL,"a4190f21",NULL,"unidad",42,"2025-10-22 23:05:24","2025-10-22",8,34,NULL,NULL,NULL,NULL
"6jzvnzgc","a78c672f","9c172aed","Paquete de fruta con Precio",NULL,"c6434dc7",NULL,"unidad",0,"2025-12-04 22:43:05","2025-12-04",0,0,NULL,NULL,NULL,NULL
"6k0r0j58","05f46cfb","9f390fc12","Normal 24 Onz",NULL,"e114aa93",NULL,"unidad",4,"2026-01-04 21:02:43","2026-01-04",0,4,NULL,NULL,NULL,NULL
"6kjoou9a","a2ef0041","c9349148","Paquete de fruta $0",NULL,"c6434dc7",NULL,"unidad",20,"2025-08-10 17:43:32","2025-08-10",0,20,NULL,20,NULL,NULL
"6ks4j9tb","23bcec05","9f390fc11","Normal 16 Onz",NULL,"feb4c064",NULL,"unidad",27,"2025-07-02 22:26:03","2025-07-02",18,9,NULL,20,NULL,NULL
"6lkpw6v5","02c8d138","c9349148","Paquete de fruta $0",NULL,"c6434dc7",NULL,"unidad",27,"2025-06-05 22:18:33","2025-06-05",17,10,NULL,NULL,NULL,NULL
"6lrgsk5a","62b8397f","9f390fc16","Normal 12 Onz Sin licor",NULL,"a4190f21",NULL,"unidad",53,"2025-01-12 18:58:53","2025-01-12",3,50,NULL,40,NULL,NULL
"6m0sghp9","b74aaa3a","9f390fc16","Normal 12 Onz Sin licor",NULL,"a4190f21",NULL,"unidad",60,"2025-05-07 22:16:44","2025-05-07",11,49,NULL,20,NULL,NULL
"6m4pmc3r","788bd240","9f390fc10","Normal 12 Onz",NULL,"a4190f21",NULL,"unidad",178,"2025-07-13 01:04:42","2025-07-12",13,165,NULL,-1,NULL,NULL
"6mw52tsz","8b14c831","9f390fc16","Normal 12 Onz Sin licor",NULL,"a4190f21",NULL,"unidad",41,"2024-12-30 23:12:02","2024-12-30",4,37,NULL,20,NULL,NULL
"6nwua9lk","b1f0473a","9f390fc10","Normal 12 Onz",NULL,"a4190f21",NULL,"unidad",32,"2024-12-11 15:33:20","2024-12-11",13,19,NULL,30,NULL,NULL
"6phhxaxb","25c72555","9f390fc10","Normal 12 Onz",NULL,"a4190f21",NULL,"unidad",54,"2025-09-07 19:08:32","2025-09-07",0,54,NULL,NULL,NULL,NULL
"6q9a2tkz","14833500","9f390fc10","Normal 12 Onz",NULL,"a4190f21",NULL,"unidad",65,"2025-07-23 13:54:46","2025-07-20",15,50,NULL,50,NULL,NULL
"6rb5tpu9","f4bd8102","9c172aed","Paquete de fruta con Precio",NULL,"c6434dc7",NULL,"unidad",0,"2025-08-18 18:01:45","2025-08-18",0,0,NULL,NULL,NULL,NULL
"6rluuenx","f5e946d5","9f390fc16","Normal 12 Onz Sin licor",NULL,"a4190f21",NULL,"unidad",91,"2025-10-24 23:50:13","2025-10-24",9,82,NULL,80,NULL,NULL
"6t9ijslh","9b21bc7b","8a734bcd","Shot de tequila",NULL,"bd785ddb",NULL,"unidad",2,"2026-01-08 20:13:10","2026-01-08",0,2,NULL,NULL,NULL,NULL
"6tegatyq","66ba9ea7","9c172aed","Paquete de fruta con Precio",NULL,"c6434dc7",NULL,"unidad",0,"2025-11-20 17:24:28","2025-11-20",0,0,NULL,NULL,NULL,NULL
"6tigv5qq","23fa9273","9f390fc10","Normal 12 Onz Con licor",NULL,"a4190f21",NULL,"unidad",139,"2026-01-10 00:12:43","2026-01-09",15,124,NULL,40,NULL,NULL
"6upjk96q","9279f3d2","9f390fc11","Normal 16 Onz",NULL,"feb4c064",NULL,"unidad",46,"2025-09-21 01:00:57","2025-09-20",10,36,NULL,20,NULL,NULL
"6ustnsbr","9a58a8a2","9f390fc11","Normal 16 Onz",NULL,"feb4c064",NULL,"unidad",29,"2025-06-19 22:55:00","2025-06-19",19,10,NULL,20,NULL,NULL
"6vja1qr5","bc824e15","9f390fc10","Normal 12 Onz",NULL,"a4190f21",NULL,"unidad",59,"2025-01-10 10:21:23","2025-01-09",6,53,NULL,20,NULL,NULL
"6w4abesa","63813313","9f390fc12","Normal 24 Onz",NULL,"e114aa93",NULL,"unidad",32,"2025-07-06 00:36:07","2025-07-05",8,24,NULL,20,NULL,NULL
"6w6662ra","90797593","9f390fc12","Normal 24 Onz",NULL,"e114aa93",NULL,"unidad",11,"2025-04-11 00:17:53","2025-04-10",5,6,NULL,NULL,NULL,NULL
"6wds7zhg","3beb74f8","9f390fc10","Normal 12 Onz",NULL,"a4190f21",NULL,"unidad",47,"2025-01-08 11:10:56","2025-01-07",37,10,NULL,10,NULL,NULL
"6xmokg84","a66ada52","9f390fc10","Normal 12 Onz",NULL,"a4190f21",NULL,"unidad",44,"2025-01-17 10:15:51","2025-01-16",7,37,NULL,30,NULL,NULL
"6y3v7m2m","dba55dff","9c172aed","Paquete de fruta con Precio",NULL,"c6434dc7",NULL,"unidad",0,"2025-08-27 22:39:39","2025-08-27",0,0,NULL,NULL,NULL,NULL
"6z8eq9lc","360826f0","29ab6c8a","Absolut",NULL,"f6fdf4d1",NULL,"unidad",0,"2025-07-03 22:42:33","2025-07-03",0,0,NULL,NULL,NULL,NULL
"6zbawbnd","fe6d6765","9f390fc16","Normal 12 Onz Sin licor",NULL,"a4190f21",NULL,"unidad",58,"2025-10-08 22:56:14","2025-10-08",16,42,NULL,20,NULL,NULL
"6zdawpia","979f652e","9f390fc11","Normal 16 Onz",NULL,"feb4c064",NULL,"unidad",37,"2025-08-24 00:32:53","2025-08-23",5,32,NULL,20,NULL,NULL
"707ninmr","70e7cd80","9f390fc10","Normal 12 Onz",NULL,"a4190f21",NULL,"unidad",110,"2025-12-28 18:58:30","2025-12-28",15,95,NULL,100,NULL,NULL
"70cs7jk2","b0f6e0de","9f390fc10","Normal 12 Onz",NULL,"a4190f21",NULL,"unidad",128,"2025-08-15 23:57:15","2025-08-15",22,106,NULL,40,NULL,NULL
"70rt1n0h","61285ef7","9f390fc16","Normal 12 Onz Sin licor",NULL,"a4190f21",NULL,"unidad",61,"2025-02-07 23:48:03","2025-02-07",13,48,NULL,30,NULL,NULL
"726tvuwk","37ee9340","9f390fc11","Normal 16 Onz",NULL,"feb4c064",NULL,"unidad",3,"2025-09-11 22:37:39","2025-09-11",0,3,NULL,NULL,NULL,NULL
"72g2cjr2","b58f7426","b5a797f3","Adicional de gomas",NULL,"1f077d1a",NULL,"unidad",3,"2025-12-26 23:25:25","2025-12-26",1,2,NULL,NULL,NULL,NULL
"73xk9mzd","01c126e3","9f390fc10","Normal 12 Onz",NULL,"a4190f21",NULL,"unidad",31,"2024-12-10 08:10:54","2024-12-10",0,31,NULL,1,NULL,NULL
"7476aff9","1fd0b958","b5a797f3","Adicional de gomas",NULL,"1f077d1a",NULL,"unidad",13,"2025-08-01 23:52:10","2025-08-01",11,2,NULL,NULL,NULL,NULL
"74i0m2o8","a5f903bf","c9349148","Paquete de fruta $0",NULL,"c6434dc7",NULL,"unidad",20,"2025-12-28 00:38:42","2025-12-27",0,20,NULL,20,NULL,NULL
"74pp8np9","7967d72c","9f390fc16","Normal 12 Onz Sin licor",NULL,"a4190f21",NULL,"unidad",35,"2024-11-27 16:59:48","2024-11-27",20,15,NULL,30,NULL,NULL
"74tlmagw","6e22e915","9f390fc10","Normal 12 Onz",NULL,"a4190f21",NULL,"unidad",93,"2025-05-09 23:59:35","2025-05-09",3,90,NULL,20,NULL,NULL
"758cv1pq","7344941f","e852ea91","Tapas domicilio",NULL,"f4e7a67f",NULL,"unidad",17,"2025-12-05 23:49:06","2025-12-05",12,5,NULL,NULL,NULL,NULL
"759dpigc","79958a29","9f390fc16","Normal 12 Onz Sin licor",NULL,"a4190f21",NULL,"unidad",82,"2024-11-17 14:48:46","2024-11-17",4,78,NULL,20,NULL,NULL
"75ra26zy","3e5a5b8c","9f390fc16","Normal 12 Onz Sin licor",NULL,"a4190f21",NULL,"unidad",30,"2025-03-05 23:02:33","2025-03-05",20,10,NULL,20,NULL,NULL
"760rynqa","b747e509","9c172aed","Paquete de fruta con Precio",NULL,"c6434dc7",NULL,"unidad",0,"2025-09-28 17:37:30","2025-09-28",0,0,NULL,NULL,NULL,NULL
"76t328ku","2c217547","9f390fc10","Normal 12 Onz",NULL,"a4190f21",NULL,"unidad",48,"2024-12-01 14:00:31","2024-12-01",28,20,NULL,30,NULL,NULL
"77f43539","ac2c5559","8f6e9d39","Extra shoot GRATIS",NULL,"bd785ddb",NULL,"unidad",4,"2025-12-24 21:15:56","2025-12-24",4,0,NULL,NULL,NULL,NULL
"77hubsc7","dba55dff","29ab6c8a","Absolut",NULL,"f6fdf4d1",NULL,"unidad",0,"2025-08-27 22:39:46","2025-08-27",0,0,NULL,NULL,NULL,NULL
"77zpx21r","d5bd13f8","9f390fc10","Normal 12 Onz",NULL,"a4190f21",NULL,"unidad",90,"2025-10-19 19:05:23","2025-10-19",42,48,NULL,NULL,NULL,NULL
"7aa39pkg","a5f903bf","e852ea91","Tapas domicilio",NULL,"f4e7a67f",NULL,"unidad",20,"2025-12-28 00:38:58","2025-12-27",3,17,NULL,14,NULL,NULL
"7awi3w5k","67fcb676","e852ea91","Tapas domicilio",NULL,"f4e7a67f",NULL,"unidad",20,"2026-01-06 21:38:34","2026-01-06",7,13,NULL,-40,NULL,NULL
"7bjxya5d","423d64de","c9349148","Paquete de fruta $0",NULL,"c6434dc7",NULL,"unidad",0,"2026-01-02 22:00:13","2026-01-02",0,0,NULL,NULL,NULL,NULL
"7c4ue2bk","ba69ea36","9f390fc12","Normal 24 Onz",NULL,"e114aa93",NULL,"unidad",20,"2024-12-18 13:13:28","2024-12-18",17,3,NULL,20,NULL,NULL
"7c8dql32","35f7bcaa","9f390fc11","Normal 16 Onz",NULL,"feb4c064",NULL,"unidad",12,"2025-10-13 19:03:55","2025-10-13",11,1,NULL,NULL,NULL,NULL
"7cii0d8f","79958a29","8a734bcd","Shot de tequila",NULL,"bd785ddb",NULL,"unidad",5,"2024-11-17 14:48:47","2024-11-17",4,1,NULL,NULL,NULL,NULL
"7f8shdrp","48754b2d","9f390fc10","Normal 12 Onz",NULL,"a4190f21",NULL,"unidad",24,"2024-12-16 10:57:01","2024-12-16",4,20,NULL,NULL,NULL,NULL
"7fonlgbj","30dd8e5a","9f390fc16","Normal 12 Onz Sin licor",NULL,"a4190f21",NULL,"unidad",88,"2025-03-02 19:35:18","2025-03-02",10,78,NULL,20,NULL,NULL
"7gh135z1","4a26d336","9f390fc16","Normal 12 Onz Sin licor",NULL,"a4190f21",NULL,"unidad",43,"2024-12-17 10:02:24","2024-12-17",30,13,NULL,30,NULL,NULL
"7gud8qyl","3d6db953","8a734bcd","Shot de tequila",NULL,"bd785ddb",NULL,"unidad",0,"2025-02-07 10:02:31","2025-02-06",0,0,NULL,NULL,NULL,NULL
"7iofi7ir","0d08c6d8","9f390fc11","Normal 16 Onz",NULL,"feb4c064",NULL,"unidad",10,"2025-12-08 18:08:20","2025-12-08",6,4,NULL,NULL,NULL,NULL
"7j39pqhs","30b23391","8a734bcd","Shot de tequila",NULL,"bd785ddb",NULL,"unidad",7,"2024-11-08 13:58:36","2024-11-08",4,3,NULL,NULL,NULL,NULL
"7lw7dgg7","032ea435","e852ea91","Tapas domicilio",NULL,"f4e7a67f",NULL,"unidad",22,"2025-12-23 10:19:29","2025-12-22",19,3,NULL,20,NULL,NULL
"7mbj2bom","f3c33a45","8a734bcd","Shot de tequila",NULL,"bd785ddb",NULL,"unidad",0,"2025-01-11 07:25:10","2025-01-10",0,0,NULL,NULL,NULL,NULL
"7mccpled","bfb5eb99","e852ea91","Tapas domicilio",NULL,"f4e7a67f",NULL,"unidad",19,"2025-11-30 19:03:23","2025-11-30",10,9,NULL,NULL,NULL,NULL
"7n4auc76","c0ae91fb","9f390fc12","Normal 24 Onz",NULL,"e114aa93",NULL,"unidad",18,"2024-12-22 12:24:20","2024-12-22",8,10,NULL,NULL,NULL,NULL
"7n4s41hz","a96fd7b7","9f390fc13","Cremoso 13 Onz",NULL,"78b8732a",NULL,"unidad",15,"2025-03-01 18:26:48","2025-03-01",15,0,NULL,NULL,NULL,NULL
"7ob7qozo","60e7f19d","9f390fc12","Normal 24 Onz",NULL,"e114aa93",NULL,"unidad",2,"2025-07-30 22:36:47","2025-07-30",1,1,NULL,NULL,NULL,NULL
"7qj4xglb","2855d2bf","9f390fc10","Normal 12 Onz",NULL,"a4190f21",NULL,"unidad",90,"2025-05-31 00:03:05","2025-05-30",18,72,NULL,20,NULL,NULL
"7rmp5p1x","79958a29","9f390fc10","Normal 12 Onz",NULL,"a4190f21",NULL,"unidad",68,"2024-11-17 14:48:43","2024-11-17",12,56,NULL,20,NULL,NULL
"7rr9lp1e","7992300d","9c172aed","Paquete de fruta con Precio",NULL,"c6434dc7",NULL,"unidad",0,"2025-06-11 20:33:38","2025-06-11",0,0,NULL,NULL,NULL,NULL
"7rx0t1hs","c848385b","9f390fc11","Normal 16 Onz",NULL,"feb4c064",NULL,"unidad",17,"2025-12-15 23:06:41","2025-12-15",2,15,NULL,NULL,NULL,NULL
"7sp9eq92","6e373fab","9f390fc10","Normal 12 Onz",NULL,"a4190f21",NULL,"unidad",108,"2024-12-30 09:25:45","2024-12-28",16,92,NULL,20,NULL,NULL
"7srdh2kk","78c784b3","e852ea91","Tapas domicilio",NULL,"f4e7a67f",NULL,"unidad",11,"2025-12-07 18:37:57","2025-12-07",7,4,NULL,NULL,NULL,NULL
"7sy3l0wa","2519d86b","9f390fc16","Normal 12 Onz Sin licor",NULL,"a4190f21",NULL,"unidad",141,"2025-11-16 19:07:57","2025-11-16",44,97,NULL,80,NULL,NULL
"7t6dig4a","f4ddab07","9f390fc12","Normal 24 Onz",NULL,"e114aa93",NULL,"unidad",8,"2025-06-26 21:25:33","2025-06-26",2,6,NULL,NULL,NULL,NULL
"7tem086y","5ccade86","c9349148","Paquete de fruta $0",NULL,"c6434dc7",NULL,"unidad",16,"2025-12-21 18:25:57","2025-12-21",0,16,NULL,4,NULL,NULL
"7tkar52b","baac369c","9c172aed","Paquete de fruta con Precio",NULL,"c6434dc7",NULL,"unidad",1,"2025-05-31 23:40:16","2025-05-31",0,1,NULL,NULL,NULL,NULL
"7u3u1ver","70e7cd80","9f390fc11","Normal 16 Onz",NULL,"feb4c064",NULL,"unidad",0,"2025-12-28 18:46:44","2025-12-28",0,0,NULL,NULL,NULL,NULL
"7vqnn6ox","2d7f4b47","9f390fc11","Normal 16 Onz",NULL,"feb4c064",NULL,"unidad",37,"2025-09-05 22:01:02","2025-09-05",11,26,NULL,20,NULL,NULL
"7wrz76z8","118067d9","b5a797f3","Adicional de gomas",NULL,"1f077d1a",NULL,"unidad",10,"2025-09-12 18:41:48","2025-09-12",10,0,NULL,6,NULL,NULL
"7xqv8pc9","dda8830d","9f390fc11","Normal 16 Onz",NULL,"feb4c064",NULL,"unidad",17,"2025-03-21 21:00:28","2025-03-21",16,1,NULL,NULL,NULL,NULL
"7yso68fm","b393d3b2","9f390fc12","Normal 24 Onz",NULL,"e114aa93",NULL,"unidad",21,"2025-05-25 17:47:42","2025-05-25",19,2,NULL,20,NULL,NULL
"7yy8w5bp","eba6c87b","b5a797f3","Adicional de gomas",NULL,"1f077d1a",NULL,"unidad",5,"2025-12-23 23:27:12","2025-12-23",0,5,NULL,5,NULL,NULL
"7z0mc2rj","c5b4b7f0","9f390fc10","Normal 12 Onz",NULL,"a4190f21",NULL,"unidad",124,"2025-07-05 11:57:45","2025-07-04",22,102,NULL,40,NULL,NULL
"7zbkoyf8","fa9465ed","9f390fc10","Normal 12 Onz",NULL,"a4190f21",NULL,"unidad",52,"2025-04-13 19:17:26","2025-04-13",6,46,NULL,50,NULL,NULL
"7zhr2f4s","6fe0659e","9f390fc11","Normal 16 Onz",NULL,"feb4c064",NULL,"unidad",18,"2025-04-24 22:40:26","2025-04-24",14,4,NULL,NULL,NULL,NULL
"7zix2bcj","b8b05ad2","9f390fc16","Normal 12 Onz Sin licor",NULL,"a4190f21",NULL,"unidad",168,"2025-12-14 00:57:42","2025-12-13",9,159,NULL,1,NULL,NULL
"81d1d38f","bd3538d1","9f390fc12","Normal 24 Onz",NULL,"e114aa93",NULL,"unidad",6,"2025-11-09 19:07:32","2025-11-09",0,6,NULL,NULL,NULL,NULL
"81zfqycs","c079dec3","9f390fc10","Normal 12 Onz",NULL,"a4190f21",NULL,"unidad",58,"2025-10-02 22:51:45","2025-10-02",11,47,NULL,40,NULL,NULL
"826rykoa","10bb56c9","29ab6c8a","Absolut",NULL,"f6fdf4d1",NULL,"unidad",0,"2025-06-12 22:51:08","2025-06-12",0,0,NULL,NULL,NULL,NULL
"82j3lq4t","092ff74b","9f390fc11","Normal 16 Onz",NULL,"feb4c064",NULL,"unidad",14,"2025-11-26 22:58:38","2025-11-26",4,10,NULL,NULL,NULL,NULL
"859ksuof","f5e946d5","9c172aed","Paquete de fruta con Precio",NULL,"c6434dc7",NULL,"unidad",0,"2025-10-24 22:24:01","2025-10-24",0,0,NULL,NULL,NULL,NULL
"85kths1j","f4bd8102","29ab6c8a","Absolut",NULL,"f6fdf4d1",NULL,"unidad",2,"2025-08-18 18:01:36","2025-08-18",2,0,NULL,NULL,NULL,NULL
"88bgi5f1","eba6c87b","9f390fc12","Normal 24 Onz",NULL,"e114aa93",NULL,"unidad",11,"2025-12-23 23:16:50","2025-12-23",9,2,NULL,NULL,NULL,NULL
"899gl93n","2a38e321","9c172aed","Paquete de fruta con Precio",NULL,"c6434dc7",NULL,"unidad",0,"2025-09-03 22:35:19","2025-09-03",0,0,NULL,NULL,NULL,NULL
"8akb6y8r","70e7cd80","c9349148","Paquete de fruta $0",NULL,"c6434dc7",NULL,"unidad",19,"2025-12-28 18:44:35","2025-12-28",0,19,NULL,19,NULL,NULL
"8all5u30","66ba9ea7","9f390fc16","Normal 12 Onz Sin licor",NULL,"a4190f21",NULL,"unidad",85,"2025-11-20 22:58:14","2025-11-20",6,79,NULL,20,NULL,NULL
"8be1j94e","c48b91eb","9f390fc16","Normal 12 Onz Sin licor",NULL,"a4190f21",NULL,"unidad",53,"2024-11-24 14:36:50","2024-11-24",5,48,NULL,40,NULL,NULL
"8bmrkndh","2a38e321","9f390fc12","Normal 24 Onz",NULL,"e114aa93",NULL,"unidad",12,"2025-09-03 18:54:28","2025-09-03",11,1,NULL,NULL,NULL,NULL
"8ck5wu9z","c9484a09","c9349148","Paquete de fruta $0",NULL,"c6434dc7",NULL,"unidad",24,"2025-10-05 19:36:24","2025-10-05",4,20,NULL,24,NULL,NULL
"8cqat5xg","11f6e930","9f390fc12","Normal 24 Onz",NULL,"e114aa93",NULL,"unidad",11,"2024-12-14 13:16:29","2024-12-14",4,7,NULL,NULL,NULL,NULL
"8csoothu","1fcab4ca","9f390fc11","Normal 16 Onz",NULL,"feb4c064",NULL,"unidad",35,"2025-07-18 23:29:04","2025-07-18",6,29,NULL,20,NULL,NULL
"8ct36ss6","40f13496","9f390fc11","Normal 16 Onz",NULL,"feb4c064",NULL,"unidad",0,"2025-03-23 19:09:49","2025-03-23",0,0,NULL,NULL,NULL,NULL
"8dmgbggw","91b140e0","9f390fc12","Normal 24 Onz",NULL,"e114aa93",NULL,"unidad",13,"2024-11-11 13:25:42","2024-11-11",10,3,NULL,NULL,NULL,NULL
"8dympekc","2519d86b","c9349148","Paquete de fruta $0",NULL,"c6434dc7",NULL,"unidad",26,"2025-11-16 19:04:43","2025-11-16",0,26,NULL,NULL,NULL,NULL
"8e2oku2b","bc824e15","9f390fc13","Cremoso 13 Onz",NULL,"78b8732a",NULL,"unidad",8,"2025-01-10 10:19:50","2025-01-09",5,3,NULL,-3,NULL,NULL
"8e3taqiy","5584ae3d","29ab6c8a","Absolut",NULL,"f6fdf4d1",NULL,"unidad",2,"2025-08-20 22:53:17","2025-08-20",2,0,NULL,NULL,NULL,NULL
"8ej7xn0g","4d805e8a","9f390fc12","Normal 24 Onz",NULL,"e114aa93",NULL,"unidad",20,"2025-06-30 18:48:35","2025-06-30",20,0,NULL,20,NULL,NULL
"8eujok5h","05f46cfb","9f390fc10","Normal 12 Onz",NULL,"a4190f21",NULL,"unidad",100,"2026-01-04 21:02:28","2026-01-04",0,100,NULL,NULL,NULL,NULL
"8fqc37ka","5b5a0572","9f390fc10","Normal 12 Onz",NULL,"a4190f21",NULL,"unidad",44,"2025-01-16 12:51:44","2025-01-15",14,30,NULL,NULL,NULL,NULL
"8g7ava5r","f31213e2","9f390fc12","Normal 24 Onz",NULL,"e114aa93",NULL,"unidad",13,"2024-12-13 11:12:55","2024-12-13",11,2,NULL,NULL,NULL,NULL
"8gke7ff5","1b1830f5","9f390fc11","Normal 16 Onz",NULL,"feb4c064",NULL,"unidad",11,"2025-10-15 22:12:16","2025-10-15",10,1,NULL,NULL,NULL,NULL
"8hcplhhx","64d49f15","9f390fc13","Cremoso 13 Onz",NULL,"78b8732a",NULL,"unidad",26,"2025-04-25 22:03:21","2025-04-25",14,12,NULL,25,NULL,NULL
"8hsy7ahf","f4ddab07","9f390fc10","Normal 12 Onz",NULL,"a4190f21",NULL,"unidad",55,"2025-06-26 23:08:12","2025-06-26",0,55,NULL,40,NULL,NULL
"8hwoxioh","a02a89f9","9f390fc11","Normal 16 Onz",NULL,"feb4c064",NULL,"unidad",22,"2025-07-23 20:47:09","2025-07-23",16,6,NULL,20,NULL,NULL
"8ihieap2","9da2f23e","9f390fc13","Cremoso 13 Onz",NULL,"78b8732a",NULL,"unidad",15,"2025-06-04 11:17:44","2025-06-02",8,7,NULL,NULL,NULL,NULL
"8iyogal0","4b147062","9f390fc10","Normal 12 Onz",NULL,"a4190f21",NULL,"unidad",82,"2025-11-22 12:14:47","2025-11-21",24,58,NULL,80,NULL,NULL
"8layno09","8557c12a","9f390fc12","Normal 24 Onz",NULL,"e114aa93",NULL,"unidad",16,"2025-05-29 22:44:19","2025-05-29",13,3,NULL,NULL,NULL,NULL
"8n4ntno2","e5334a85","b5a797f3","Adicional de gomas",NULL,"1f077d1a",NULL,"unidad",10,"2025-11-01 19:42:40","2025-11-01",10,0,NULL,NULL,NULL,NULL
"8nrx9qs2","b8b05ad2","9c172aed","Paquete de fruta con Precio",NULL,"c6434dc7",NULL,"unidad",0,"2025-12-13 18:58:05","2025-12-13",0,0,NULL,NULL,NULL,NULL
"8or8nuqb","7992300d","9f390fc13","Cremoso 13 Onz",NULL,"78b8732a",NULL,"unidad",0,"2025-06-11 20:33:26","2025-06-11",0,0,NULL,NULL,NULL,NULL
"8ot6qyw6","30b77caf","9f390fc16","Normal 12 Onz Sin licor",NULL,"a4190f21",NULL,"unidad",45,"2024-11-04 11:46:48","2024-11-04",3,42,NULL,30,NULL,NULL
"8ow1x393","8d569e67","8a734bcd","Shot de tequila",NULL,"bd785ddb",NULL,"unidad",0,"2025-02-20 22:44:34","2025-02-20",0,0,NULL,NULL,NULL,NULL
"8pn8nkd6","4a26d336","8a734bcd","Shot de tequila",NULL,"bd785ddb",NULL,"unidad",10,"2024-12-17 10:02:26","2024-12-17",10,0,NULL,NULL,NULL,NULL
"8q2niymg","f4c96005","9f390fc10","Normal 12 Onz",NULL,"a4190f21",NULL,"unidad",65,"2024-12-28 09:03:04","2024-12-27",8,57,NULL,20,NULL,NULL
"8qtonn6f","5584ae3d","9c172aed","Paquete de fruta con Precio",NULL,"c6434dc7",NULL,"unidad",0,"2025-08-20 22:53:34","2025-08-20",0,0,NULL,NULL,NULL,NULL
"8qz8p6df","5e8dd76a","9c172aed","Paquete de fruta con Precio",NULL,"c6434dc7",NULL,"unidad",2,"2025-06-28 17:41:52","2025-06-28",2,0,NULL,2,NULL,NULL
"8r0b675k","4b26560c","c9349148","Paquete de fruta $0",NULL,"c6434dc7",NULL,"unidad",16,"2025-12-19 23:00:44","2025-12-19",4,12,NULL,14,NULL,NULL
"8rwuj6p2","9a58a8a2","9f390fc12","Normal 24 Onz",NULL,"e114aa93",NULL,"unidad",4,"2025-06-19 21:38:59","2025-06-19",0,4,NULL,NULL,NULL,NULL
"8rywwcug","cf744f31","9f390fc12","Normal 24 Onz",NULL,"e114aa93",NULL,"unidad",28,"2025-08-09 23:41:52","2025-08-09",17,11,NULL,20,NULL,NULL
"8si1guyh","b4b512c4","9f390fc12","Normal 24 Onz",NULL,"e114aa93",NULL,"unidad",2,"2025-11-05 22:53:01","2025-11-05",1,1,NULL,NULL,NULL,NULL
"8sn09go8","c7bde486","9f390fc10","Normal 12 Onz",NULL,"a4190f21",NULL,"unidad",71,"2025-06-18 22:36:43","2025-06-18",37,34,NULL,40,NULL,NULL
"8szhlxoo","147116cb","9f390fc16","Normal 12 Onz Sin licor",NULL,"a4190f21",NULL,"unidad",100,"2025-11-29 00:09:42","2025-11-28",38,62,NULL,80,NULL,NULL
"8tkcyix1","1d6c5003","9f390fc16","Normal 12 Onz Sin licor",NULL,"a4190f21",NULL,"unidad",48,"2024-11-14 13:33:15","2024-11-14",33,15,"Solo habían 33 y el Juan camilo dijo 35",30,NULL,NULL
"8v00wk4m","8f0b1d91","9f390fc16","Normal 12 Onz Sin licor",NULL,"a4190f21",NULL,"unidad",87,"2025-10-03 23:55:18","2025-10-03",10,77,NULL,81,NULL,NULL
"8v011qfk","61f2d3d3","b5a797f3","Adicional de gomas",NULL,"1f077d1a",NULL,"unidad",7,"2025-09-17 19:20:26","2025-09-17",6,1,NULL,NULL,NULL,NULL
"8vgytmo8","25c72555","9f390fc11","Normal 16 Onz",NULL,"feb4c064",NULL,"unidad",7,"2025-09-07 18:30:55","2025-09-07",3,4,NULL,NULL,NULL,NULL
"8vs714jt","423d64de","b5a797f3","Adicional de gomas",NULL,"1f077d1a",NULL,"unidad",4,"2026-01-02 21:59:40","2026-01-02",4,0,NULL,NULL,NULL,NULL
"8vsm21p3","b7c18bac","9f390fc10","Normal 12 Onz",NULL,"a4190f21",NULL,"unidad",44,"2025-01-03 14:34:37","2025-01-02",16,28,NULL,40,NULL,NULL
"8whi062i","a96fd7b7","8a734bcd","Shot de tequila",NULL,"bd785ddb",NULL,"unidad",0,"2025-03-01 18:26:53","2025-03-01",0,0,NULL,NULL,NULL,NULL
"8wknw98k","5ccade86","9f390fc11","Normal 16 Onz",NULL,"feb4c064",NULL,"unidad",15,"2025-12-21 18:23:11","2025-12-21",7,8,NULL,NULL,NULL,NULL
"8wu6ybib","b2980c95","9f390fc12","Normal 24 Onz",NULL,"e114aa93",NULL,"unidad",28,"2026-01-10 23:51:42","2026-01-10",15,13,NULL,NULL,NULL,NULL
"8y3d614y","5d889f7b","9f390fc12","Normal 24 Onz",NULL,"e114aa93",NULL,"unidad",26,"2025-08-31 00:14:08","2025-08-30",16,10,NULL,20,NULL,NULL
"8yazsayo","0d08c6d8","9c172aed","Paquete de fruta con Precio",NULL,"c6434dc7",NULL,"unidad",0,"2025-12-08 18:08:26","2025-12-08",0,0,NULL,NULL,NULL,NULL
"8yteevgr","11aea9d4","9f390fc10","Normal 12 Onz",NULL,"a4190f21",NULL,"unidad",73,"2025-03-07 23:48:36","2025-03-07",19,54,NULL,20,NULL,NULL
"90qmqy3d","5b5a0572","9f390fc16","Normal 12 Onz Sin licor",NULL,"a4190f21",NULL,"unidad",43,"2025-01-16 12:51:53","2025-01-15",8,35,NULL,40,NULL,NULL
"926v3vgu","66ba9ea7","b5a797f3","Adicional de gomas",NULL,"1f077d1a",NULL,"unidad",5,"2025-11-20 17:24:27","2025-11-20",5,0,NULL,NULL,NULL,NULL
"931io14z","979f652e","b5a797f3","Adicional de gomas",NULL,"1f077d1a",NULL,"unidad",2,"2025-08-24 00:31:48","2025-08-23",0,2,NULL,NULL,NULL,NULL
"95n3prsh","05d934a8","9c172aed","Paquete de fruta con Precio",NULL,"c6434dc7",NULL,"unidad",0,"2025-12-16 22:46:46","2025-12-16",0,0,NULL,NULL,NULL,NULL
"96hz4h5i","4b26560c","b5a797f3","Adicional de gomas",NULL,"1f077d1a",NULL,"unidad",2,"2025-12-19 16:54:54","2025-12-19",1,1,NULL,NULL,NULL,NULL
"9793540d","833e944e","9f390fc10","Normal 12 Onz","4ff5b09a","a4190f21",NULL,"unidad",53,"2024-12-12 13:06:25","2024-12-12",13,40,NULL,NULL,NULL,NULL
"984p0jav","ee0db852","c9349148","Paquete de fruta $0",NULL,"c6434dc7",NULL,"unidad",30,"2025-09-28 00:43:16","2025-09-27",0,30,NULL,30,NULL,NULL
"989u7snq","1556c086","9f390fc10","Normal 12 Onz",NULL,"a4190f21",NULL,"unidad",83,"2025-05-01 20:05:04","2025-05-01",0,83,NULL,15,NULL,NULL
"9a033jp9","d3b608a8","9c172aed","Paquete de fruta con Precio",NULL,"c6434dc7",NULL,"unidad",0,"2026-01-03 21:22:38","2026-01-03",0,0,NULL,NULL,NULL,NULL
"9abfk2vy","b3428d88","9f390fc16","Normal 12 Onz Sin licor",NULL,"a4190f21",NULL,"unidad",75,"2025-06-01 19:33:04","2025-06-01",11,64,NULL,20,NULL,NULL
"9adls0xf","3ab94560","9f390fc13","Cremoso 13 Onz",NULL,"78b8732a",NULL,"unidad",15,"2025-02-16 18:10:22","2025-02-16",13,2,NULL,NULL,NULL,NULL
"9aexvac9","b3556d27","9f390fc10","Normal 12 Onz",NULL,"a4190f21",NULL,"unidad",147,"2025-04-27 00:59:08","2025-04-26",12,135,NULL,20,NULL,NULL
"9amw53w2","bfd0143e","9c172aed","Paquete de fruta con Precio",NULL,"c6434dc7",NULL,"unidad",0,"2025-10-16 20:49:01","2025-10-16",0,0,NULL,NULL,NULL,NULL
"9aqaqziw","c763f320","9f390fc10","Normal 12 Onz",NULL,"a4190f21",NULL,"unidad",104,"2025-04-12 15:53:28","2025-04-11",0,104,NULL,3,NULL,NULL
"9bh3z0rv","b3556d27","9f390fc16","Normal 12 Onz Sin licor",NULL,"a4190f21",NULL,"unidad",70,"2025-04-27 01:00:33","2025-04-26",13,57,NULL,60,NULL,NULL
"9bx0hofd","1d6c5003","9f390fc12","Normal 24 Onz",NULL,"e114aa93",NULL,"unidad",8,"2024-11-14 13:33:13","2024-11-14",5,3,NULL,NULL,NULL,NULL
"9c0kqhly","61f2d3d3","9c172aed","Paquete de fruta con Precio",NULL,"c6434dc7",NULL,"unidad",0,"2025-09-17 19:21:01","2025-09-17",0,0,NULL,NULL,NULL,NULL
"9db8h0ok","fd0c5115","9f390fc16","Normal 12 Onz Sin licor",NULL,"a4190f21",NULL,"unidad",89,"2024-11-09 13:09:21","2024-11-09",31,58,NULL,20,NULL,NULL
"9edwt68w","4f774db7","8a734bcd","Shot de tequila",NULL,"bd785ddb",NULL,"unidad",0,"2026-01-07 23:12:16","2026-01-07",0,0,NULL,NULL,NULL,NULL
"9f362z0i","b80106c3","c9349148","Paquete de fruta $0",NULL,"c6434dc7",NULL,"unidad",18,"2025-08-08 23:47:25","2025-08-08",0,18,NULL,18,NULL,NULL
"9f6fetnh","aff24750","c9349148","Paquete de fruta $0",NULL,"c6434dc7",NULL,"unidad",26,"2025-12-07 00:50:00","2025-12-06",0,26,NULL,26,NULL,NULL
"9fkdzqw9","5cdf6ed6","9f390fc12","Normal 24 Onz",NULL,"e114aa93",NULL,"unidad",9,"2025-06-25 23:02:25","2025-06-25",8,1,NULL,NULL,NULL,NULL
"9gfenz4t","ff2257c7","b5a797f3","Adicional de gomas",NULL,"1f077d1a",NULL,"unidad",14,"2025-10-04 23:48:55","2025-10-04",10,4,NULL,NULL,NULL,NULL
"9h1ldfsf","c0ae91fb","9f390fc16","Normal 12 Onz Sin licor",NULL,"a4190f21",NULL,"unidad",58,"2024-12-22 12:24:22","2024-12-22",0,58,NULL,10,NULL,NULL
"9hcwgm3w","df3e49bd","9c172aed","Paquete de fruta con Precio",NULL,"c6434dc7",NULL,"unidad",0,"2025-11-08 18:19:05","2025-11-08",0,0,NULL,NULL,NULL,NULL
"9ivmopk2","404a8aea","9f390fc16","Normal 12 Onz Sin licor",NULL,"a4190f21",NULL,"unidad",258,"2025-11-01 00:09:07","2025-10-31",18,240,NULL,40,NULL,NULL
"9iy86bsa","ba69ea36","9f390fc16","Normal 12 Onz Sin licor",NULL,"a4190f21",NULL,"unidad",40,"2024-12-18 13:13:29","2024-12-18",17,23,NULL,10,NULL,NULL
"9jd3bwbf","6e22e915","9f390fc16","Normal 12 Onz Sin licor",NULL,"a4190f21",NULL,"unidad",69,"2025-05-09 23:59:29","2025-05-09",8,61,NULL,20,NULL,NULL
"9jxw14ez","147116cb","e852ea91","Tapas domicilio",NULL,"f4e7a67f",NULL,"unidad",21,"2025-11-28 18:12:58","2025-11-28",17,4,NULL,NULL,NULL,NULL
"9k8oxk45","b747e509","c9349148","Paquete de fruta $0",NULL,"c6434dc7",NULL,"unidad",21,"2025-09-28 19:12:29","2025-09-28",0,21,NULL,21,NULL,NULL
"9kphien9","5d889f7b","9c172aed","Paquete de fruta con Precio",NULL,"c6434dc7",NULL,"unidad",0,"2025-08-30 18:26:53","2025-08-30",0,0,NULL,NULL,NULL,NULL
"9lquxb1l","5d889f7b","b5a797f3","Adicional de gomas",NULL,"1f077d1a",NULL,"unidad",15,"2025-08-31 00:15:06","2025-08-30",13,2,NULL,NULL,NULL,NULL
"9mh2gd4k","cc4de389","b4224687","PROMO cremoso 12 onz",NULL,"78b8732a",NULL,"unidad",4,"2025-02-01 00:07:47","2025-01-31",2,2,NULL,-1,NULL,NULL
"9naz829e","463bd778","9f390fc16","Normal 12 Onz Sin licor",NULL,"a4190f21",NULL,"unidad",55,"2025-10-22 23:05:54","2025-10-22",14,41,NULL,20,NULL,NULL
"9nbfkobb","bf9a4d4e","9f390fc10","Normal 12 Onz",NULL,"a4190f21",NULL,"unidad",48,"2025-07-17 12:54:27","2025-07-16",3,45,NULL,20,NULL,NULL
"9njxzi63","26fbbbb5","9f390fc10","Normal 12 Onz",NULL,"a4190f21",NULL,"unidad",134,"2025-09-19 23:55:56","2025-09-19",21,113,NULL,40,NULL,NULL
"9obflm0c","f767c545","9f390fc13","Cremoso 13 Onz",NULL,"78b8732a",NULL,"unidad",8,"2025-08-16 17:51:57","2025-08-16",8,0,NULL,NULL,NULL,NULL
"9oqmtdte","30b77caf","9f390fc12","Normal 24 Onz",NULL,"e114aa93",NULL,"unidad",15,"2024-11-04 11:46:47","2024-11-04",13,2,NULL,NULL,NULL,NULL
"9p7itxo9","80b8da94","9f390fc12","Normal 24 Onz",NULL,"e114aa93",NULL,"unidad",22,"2025-02-15 00:11:21","2025-02-14",16,6,NULL,NULL,NULL,NULL
"9sxvx6fe","b2980c95","9f390fc16","Normal 12 Onz Sin licor",NULL,"a4190f21",NULL,"unidad",254,"2026-01-11 10:34:52","2026-01-10",56,198,NULL,63,NULL,NULL
"9sye4xqx","c832bd6d","9f390fc10","Normal 12 Onz",NULL,"a4190f21",NULL,"unidad",57,"2025-02-02 19:35:25","2025-02-02",10,47,NULL,20,NULL,NULL
"9szpz1yk","1617ecb8","9f390fc16","Normal 12 Onz Sin licor",NULL,"a4190f21",NULL,"unidad",183,"2025-08-03 00:45:10","2025-08-02",32,151,NULL,40,NULL,NULL
"9t8hq8th","7eca950b","e852ea91","Tapas domicilio",NULL,"f4e7a67f",NULL,"unidad",20,"2025-12-21 00:33:15","2025-12-20",8,12,NULL,17,NULL,NULL
"9tz22rx8","16843c37","9f390fc10","Normal 12 Onz",NULL,"a4190f21",NULL,"unidad",40,"2025-09-10 22:44:47","2025-09-10",12,28,NULL,40,NULL,NULL
"9u8vfwxl","dbec468e","9f390fc10","Normal 12 Onz",NULL,"a4190f21",NULL,"unidad",140,"2025-06-27 23:58:40","2025-06-27",9,131,NULL,40,NULL,NULL
"9ud7op8m","b0f6e0de","9f390fc16","Normal 12 Onz Sin licor",NULL,"a4190f21",NULL,"unidad",86,"2025-08-15 23:52:33","2025-08-15",16,70,NULL,40,NULL,NULL
"9w2gfr6q","b50518ef","9c172aed","Paquete de fruta con Precio",NULL,"c6434dc7",NULL,"unidad",0,"2025-11-02 16:26:51","2025-11-02",0,0,NULL,NULL,NULL,NULL
"9wzmq1lv","f5ac98d3","9f390fc16","Normal 12 Onz Sin licor",NULL,"a4190f21",NULL,"unidad",109,"2025-08-31 18:56:40","2025-08-31",1,108,NULL,20,NULL,NULL
"9xkonfyk","509be383","9f390fc12","Normal 24 Onz",NULL,"e114aa93",NULL,"unidad",14,"2025-04-09 23:02:54","2025-04-09",11,3,NULL,NULL,NULL,NULL
"9y05hd9r","2519d86b","9f390fc10","Normal 12 Onz",NULL,"a4190f21",NULL,"unidad",60,"2025-11-16 19:02:42","2025-11-16",12,48,NULL,NULL,NULL,NULL
"9y5zufa0","b8b05ad2","9f390fc12","Normal 24 Onz",NULL,"e114aa93",NULL,"unidad",8,"2025-12-13 23:57:12","2025-12-13",2,6,NULL,NULL,NULL,NULL
"9zipi24h","509be383","9f390fc13","Cremoso 13 Onz",NULL,"78b8732a",NULL,"unidad",15,"2025-04-09 23:03:44","2025-04-09",12,3,NULL,30,NULL,NULL
"a04de4c9","fd7aedb1","9f390fc13","Cremoso 13 Onz",NULL,"78b8732a",NULL,"unidad",10,"2024-11-15 17:37:43","2024-11-15",6,4,NULL,NULL,NULL,NULL
"a1syxmfj","67987572","b5a797f3","Adicional de gomas",NULL,"1f077d1a",NULL,"unidad",4,"2025-10-26 17:55:36","2025-10-26",0,4,NULL,NULL,NULL,NULL
"a2307263","eba6c87b","8f6e9d39","Extra shoot GRATIS",NULL,"bd785ddb",NULL,"unidad",0,"2025-12-23 23:17:45","2025-12-23",0,0,NULL,NULL,NULL,NULL
"a422g6ge","93e698d1","9c172aed","Paquete de fruta con Precio",NULL,"c6434dc7",NULL,"unidad",0,"2025-11-12 22:50:38","2025-11-12",0,0,NULL,NULL,NULL,NULL
"a4bng6r3","9a0090b9","9f390fc10","Normal 12 Onz",NULL,"a4190f21",NULL,"unidad",49,"2025-07-17 23:03:16","2025-07-17",0,49,NULL,20,NULL,NULL
"a4nzi6cl","b67aa975","9f390fc11","Normal 16 Onz",NULL,"feb4c064",NULL,"unidad",0,"2025-04-27 18:19:01","2025-04-27",0,0,NULL,NULL,NULL,NULL
"a4tb0gz7","cf744f31","9c172aed","Paquete de fruta con Precio",NULL,"c6434dc7",NULL,"unidad",0,"2025-08-09 18:08:12","2025-08-09",0,0,NULL,NULL,NULL,NULL
"a55121b3","ff2257c7","c9349148","Paquete de fruta $0",NULL,"c6434dc7",NULL,"unidad",25,"2025-10-04 23:31:33","2025-10-04",0,25,NULL,24,NULL,NULL
"a582y7os","ba1af6b6","9f390fc16","Normal 12 Onz Sin licor",NULL,"a4190f21",NULL,"unidad",74,"2025-05-18 01:06:04","2025-05-17",0,74,NULL,70,NULL,NULL
"a6e3gvpj","e381d9f1","c9349148","Paquete de fruta $0",NULL,"c6434dc7",NULL,"unidad",21,"2025-11-07 23:39:14","2025-11-07",0,21,NULL,21,NULL,NULL
"a6r9tj5x","56b60f94","9f390fc16","Normal 12 Onz Sin licor",NULL,"a4190f21",NULL,"unidad",55,"2025-08-30 00:02:46","2025-08-29",10,45,NULL,40,NULL,NULL
"a7guu361","2855d2bf","c9349148","Paquete de fruta $0",NULL,"c6434dc7",NULL,"unidad",29,"2025-05-30 22:49:24","2025-05-30",1,28,NULL,23,NULL,NULL
"a7lp7ub3","75dc5b07","9c172aed","Paquete de fruta con Precio",NULL,"c6434dc7",NULL,"unidad",0,"2025-09-26 18:10:22","2025-09-26",0,0,NULL,NULL,NULL,NULL
"a7tdbfwr","2519d86b","e852ea91","Tapas domicilio",NULL,"f4e7a67f",NULL,"unidad",11,"2025-11-16 19:03:42","2025-11-16",10,1,NULL,NULL,NULL,NULL
"a84x1wna","10bb56c9","9f390fc16","Normal 12 Onz Sin licor",NULL,"a4190f21",NULL,"unidad",45,"2025-06-12 22:50:07","2025-06-12",4,41,NULL,30,NULL,NULL
"a8kjqype","404a8aea","9f390fc11","Normal 16 Onz",NULL,"feb4c064",NULL,"unidad",28,"2025-11-01 00:13:22","2025-10-31",13,15,NULL,20,NULL,NULL
"a921nh6p","f6b609b1","9f390fc16","Normal 12 Onz Sin licor",NULL,"a4190f21",NULL,"unidad",71,"2025-12-03 22:46:56","2025-12-03",26,45,NULL,60,NULL,NULL
"a98784f6","833e944e","9f390fc16","Normal 12 Onz Sin licor","4ff5b09a","a4190f21",NULL,"unidad",45,"2024-12-12 13:08:01","2024-12-12",19,26,NULL,NULL,NULL,NULL
"a9d5dulj","a052e726","8a734bcd","Shot de tequila",NULL,"bd785ddb",NULL,"unidad",0,"2025-02-27 19:41:10","2025-02-27",0,0,NULL,NULL,NULL,NULL
"a9fshy5f","d1eefa16","9f390fc16","Normal 12 Onz Sin licor",NULL,"a4190f21",NULL,"unidad",56,"2025-01-09 08:46:42","2025-01-08",26,30,NULL,40,NULL,NULL
"a9r3y3jj","df3e49bd","9f390fc10","Normal 12 Onz",NULL,"a4190f21",NULL,"unidad",173,"2025-11-09 00:54:02","2025-11-08",51,122,NULL,160,NULL,NULL
"a9whgcwy","5c2255ff","9f390fc12","Normal 24 Onz",NULL,"e114aa93",NULL,"unidad",26,"2025-12-25 23:00:02","2025-12-25",15,11,NULL,20,NULL,NULL
"aa8n3qdk","0f02172c","9c172aed","Paquete de fruta con Precio",NULL,"c6434dc7",NULL,"unidad",0,"2025-12-29 20:24:09","2025-12-29",0,0,NULL,NULL,NULL,NULL
"aae0bebo","4b26560c","9c172aed","Paquete de fruta con Precio",NULL,"c6434dc7",NULL,"unidad",0,"2025-12-19 16:54:56","2025-12-19",0,0,NULL,NULL,NULL,NULL
"aah812fb","9279f3d2","b5a797f3","Adicional de gomas",NULL,"1f077d1a",NULL,"unidad",3,"2025-09-21 08:56:59","2025-09-20",0,3,NULL,1,NULL,NULL
"abn5yzv8","eb0775cc","9f390fc10","Normal 12 Onz",NULL,"a4190f21",NULL,"unidad",137,"2024-11-23 09:29:41","2024-11-23",16,121,NULL,20,NULL,NULL
"acei5w0p","00bf5c32","9f390fc10","Normal 12 Onz",NULL,"a4190f21",NULL,"unidad",50,"2025-03-09 20:39:59","2025-03-09",17,33,NULL,NULL,NULL,NULL
"adxsv5ds","f4bd8102","c9349148","Paquete de fruta $0",NULL,"c6434dc7",NULL,"unidad",18,"2025-08-18 18:00:49","2025-08-18",0,18,NULL,17,NULL,NULL
"ae1pcm9p","7c6eacc2","9f390fc13","Cremoso 13 Onz",NULL,"78b8732a",NULL,"unidad",24,"2025-01-19 16:52:52","2025-01-19",22,2,NULL,NULL,NULL,NULL
"aea47fb1","c4ff0dcb","9f390fc13","Cremoso 13 Onz","4ff5b09a","78b8732a",NULL,"unidad",13,"2025-03-16 19:00:59","2025-03-16",8,5,NULL,NULL,NULL,NULL
"aeraw11l","f4c96005","9f390fc12","Normal 24 Onz",NULL,"e114aa93",NULL,"unidad",27,"2024-12-28 08:39:42","2024-12-27",18,9,NULL,20,NULL,NULL
"afn4hlap","f767c545","9c172aed","Paquete de fruta con Precio",NULL,"c6434dc7",NULL,"unidad",0,"2025-08-16 17:52:03","2025-08-16",0,0,NULL,NULL,NULL,NULL
"aguh5gcj","27cfd7fe","9f390fc12","Normal 24 Onz",NULL,"e114aa93",NULL,"unidad",20,"2024-12-25 11:39:02","2024-12-25",12,8,NULL,20,NULL,NULL
"ah4v2koq","c079dec3","9c172aed","Paquete de fruta con Precio",NULL,"c6434dc7",NULL,"unidad",0,"2025-10-02 18:15:29","2025-10-02",0,0,NULL,NULL,NULL,NULL
"ah7rrxfb","046eed1c","9f390fc10","Normal 12 Onz",NULL,"a4190f21",NULL,"unidad",89,"2025-12-17 23:11:26","2025-12-17",0,89,NULL,20,NULL,NULL
"ahklvtkw","046eed1c","9f390fc16","Normal 12 Onz Sin licor",NULL,"a4190f21",NULL,"unidad",75,"2025-12-17 23:11:47","2025-12-17",5,70,NULL,60,NULL,NULL
"aht1gh2i","78c784b3","b5a797f3","Adicional de gomas",NULL,"1f077d1a",NULL,"unidad",1,"2025-12-07 18:38:13","2025-12-07",1,0,NULL,NULL,NULL,NULL
"ahzti7dy","b3428d88","9f390fc10","Normal 12 Onz",NULL,"a4190f21",NULL,"unidad",49,"2025-06-01 19:32:25","2025-06-01",8,41,NULL,40,NULL,NULL
"aidmka3r","c62e961e","9c172aed","Paquete de fruta con Precio",NULL,"c6434dc7",NULL,"unidad",0,"2025-12-10 22:57:12","2025-12-10",0,0,NULL,NULL,NULL,NULL
"ajk5gd6o","2855d2bf","9f390fc16","Normal 12 Onz Sin licor",NULL,"a4190f21",NULL,"unidad",67,"2025-05-31 00:03:26","2025-05-30",30,37,NULL,50,NULL,NULL
"akowyb1j","eba6c87b","9f390fc11","Normal 16 Onz",NULL,"feb4c064",NULL,"unidad",23,"2025-12-23 23:16:17","2025-12-23",19,4,NULL,20,NULL,NULL
"alrijzud","9c8b0183","8a734bcd","Shot de tequila",NULL,"bd785ddb",NULL,"unidad",16,"2024-12-21 09:54:48","2024-12-21",8,8,NULL,12,NULL,NULL
"am4wkq5h","9b21bc7b","9f390fc10","Normal 12 Onz Con licor",NULL,"a4190f21",NULL,"unidad",121,"2026-01-08 22:54:01","2026-01-08",59,62,NULL,80,NULL,NULL
"amvogeeb","147116cb","9f390fc12","Normal 24 Onz",NULL,"e114aa93",NULL,"unidad",23,"2025-11-28 22:01:40","2025-11-28",17,6,NULL,20,NULL,NULL
"andvla0z","705c425b","9f390fc11","Normal 16 Onz",NULL,"feb4c064",NULL,"unidad",22,"2025-07-11 23:30:51","2025-07-11",14,8,NULL,-1,NULL,NULL
"apc1zazo","c763f320","9f390fc12","Normal 24 Onz",NULL,"e114aa93",NULL,"unidad",5,"2025-04-11 21:52:16","2025-04-11",0,5,NULL,NULL,NULL,NULL
"apok0276","bda941bb","9f390fc16","Normal 12 Onz Sin licor",NULL,"a4190f21",NULL,"unidad",109,"2025-03-30 00:25:48","2025-03-29",39,70,NULL,40,NULL,NULL
"apypcl6z","70e9213f","9f390fc11","Normal 16 Onz",NULL,"feb4c064",NULL,"unidad",26,"2025-10-23 20:51:16","2025-10-23",24,2,NULL,20,NULL,NULL
"aq1z7htb","50934300","9f390fc16","Normal 12 Onz Sin licor",NULL,"a4190f21",NULL,"unidad",32,"2024-11-06 10:29:12","2024-11-06",3,29,NULL,30,NULL,NULL
"aqdyiarf","37ee9340","c9349148","Paquete de fruta $0",NULL,"c6434dc7",NULL,"unidad",18,"2025-09-11 22:37:57","2025-09-11",0,18,NULL,18,NULL,NULL
"aqevdw41","b2980c95","8a734bcd","Shot de tequila",NULL,"bd785ddb",NULL,"unidad",11,"2026-01-10 23:53:00","2026-01-10",0,11,NULL,NULL,NULL,NULL
"armxb048","38fd446d","9f390fc10","Normal 12 Onz",NULL,"a4190f21",NULL,"unidad",57,"2025-03-12 23:12:40","2025-03-12",18,39,NULL,20,NULL,NULL
"as0dxmhr","0674313a","b5a797f3","Adicional de gomas",NULL,"1f077d1a",NULL,"unidad",19,"2025-10-18 00:04:12","2025-10-17",15,4,NULL,2,NULL,NULL
"asppkket","b3428d88","29ab6c8a","Absolut",NULL,"f6fdf4d1",NULL,"unidad",4,"2025-06-01 17:27:27","2025-06-01",3,1,NULL,NULL,NULL,NULL
"at2qawvg","ef8b894e","9f390fc11","Normal 16 Onz",NULL,"feb4c064",NULL,"unidad",20,"2025-06-23 19:05:27","2025-06-23",17,3,NULL,NULL,NULL,NULL
"atdjc5ri","69dc7e06","9f390fc10","Normal 12 Onz",NULL,"a4190f21",NULL,"unidad",49,"2025-01-23 10:22:22","2025-01-22",11,38,NULL,30,NULL,NULL
"atl4bhx2","c079dec3","9f390fc11","Normal 16 Onz",NULL,"feb4c064",NULL,"unidad",16,"2025-10-02 22:52:15","2025-10-02",12,4,NULL,NULL,NULL,NULL
"aubgc09q","e68bd1e8","9f390fc11","Normal 16 Onz",NULL,"feb4c064",NULL,"unidad",46,"2025-06-08 00:56:44","2025-06-07",18,28,NULL,20,NULL,NULL
"aukz68ln","37f57af2","b4224687","PROMO cremoso 12 onz",NULL,"78b8732a",NULL,"unidad",32,"2025-01-26 11:02:43","2025-01-25",17,15,NULL,-1,NULL,NULL
"auur414l","249e57ef","9f390fc16","Normal 12 Onz Sin licor",NULL,"a4190f21",NULL,"unidad",211,"2025-09-21 19:04:21","2025-09-21",13,198,NULL,20,NULL,NULL
"aypv7g2f","1a67e7d8","9f390fc10","Normal 12 Onz",NULL,"a4190f21",NULL,"unidad",40,"2024-11-21 16:42:22","2024-11-21",9,31,NULL,20,NULL,NULL
"aznvazfz","e368d39b","9f390fc16","Normal 12 Onz Sin licor",NULL,"a4190f21",NULL,"unidad",37,"2025-03-26 23:11:48","2025-03-26",18,19,NULL,30,NULL,NULL
"b0o20p8e","a686bf22","9f390fc10","Normal 12 Onz",NULL,"a4190f21",NULL,"unidad",33,"2025-11-13 22:47:10","2025-11-13",5,28,NULL,20,NULL,NULL
"b122d1d5","80805014","9f390fc13","Cremoso 13 Onz",NULL,"78b8732a",NULL,"unidad",15,"2024-12-15 10:46:00","2024-12-15",13,2,NULL,NULL,NULL,NULL
"b1qc0l90","b747e509","9f390fc12","Normal 24 Onz",NULL,"e114aa93",NULL,"unidad",15,"2025-09-28 19:02:45","2025-09-28",3,12,NULL,NULL,NULL,NULL
"b2a3gppe","523002d1","9f390fc11","Normal 16 Onz",NULL,"feb4c064",NULL,"unidad",16,"2025-07-24 22:46:22","2025-07-24",11,5,NULL,NULL,NULL,NULL
"b2a8gocq","05f46cfb","9f390fc16","Normal 12 Onz Sin licor",NULL,"a4190f21",NULL,"unidad",178,"2026-01-04 21:01:57","2026-01-04",29,149,NULL,60,NULL,NULL
"b2nm04wy","8d5054d4","9f390fc11","Normal 16 Onz",NULL,"feb4c064",NULL,"unidad",20,"2025-07-06 18:59:29","2025-07-06",18,2,NULL,NULL,NULL,NULL
"b2ugvk17","96457b06","9f390fc11","Normal 16 Onz",NULL,"feb4c064",NULL,"unidad",11,"2025-11-17 18:02:09","2025-11-17",8,3,NULL,NULL,NULL,NULL
"b2x9lo3x","1c82e727","c9349148","Paquete de fruta $0",NULL,"c6434dc7",NULL,"unidad",11,"2025-11-06 23:04:37","2025-11-06",0,11,NULL,2,NULL,NULL
"b4honhhh","aac39214","9f390fc10","Normal 12 Onz",NULL,"a4190f21",NULL,"unidad",142,"2025-03-16 00:51:08","2025-03-15",19,123,NULL,20,NULL,NULL
"b5fzq3cp","b50518ef","9f390fc11","Normal 16 Onz",NULL,"feb4c064",NULL,"unidad",21,"2025-11-02 19:10:45","2025-11-02",8,13,NULL,NULL,NULL,NULL
"b5hs0m0g","91b140e0","9f390fc10","Normal 12 Onz",NULL,"a4190f21",NULL,"unidad",48,"2024-11-11 13:25:40","2024-11-11",9,39,NULL,9,NULL,NULL
"b6da7j0i","7eca950b","9f390fc10","Normal 12 Onz",NULL,"a4190f21",NULL,"unidad",220,"2025-12-21 00:30:24","2025-12-20",13,207,NULL,200,NULL,NULL
"b6mnjacb","80805014","9f390fc10","Normal 12 Onz",NULL,"a4190f21",NULL,"unidad",40,"2024-12-15 11:25:27","2024-12-15",24,16,NULL,20,NULL,NULL
"b8e1om7u","1b1830f5","9c172aed","Paquete de fruta con Precio",NULL,"c6434dc7",NULL,"unidad",0,"2025-10-15 22:12:28","2025-10-15",0,0,NULL,NULL,NULL,NULL
"b9wecqse","00bf5c32","9f390fc16","Normal 12 Onz Sin licor",NULL,"a4190f21",NULL,"unidad",71,"2025-03-09 20:40:17","2025-03-09",36,35,NULL,NULL,NULL,NULL
"bae0lv32","16843c37","9f390fc11","Normal 16 Onz",NULL,"feb4c064",NULL,"unidad",3,"2025-09-10 18:40:20","2025-09-10",3,0,NULL,NULL,NULL,NULL
"baon62f2","c48b91eb","9f390fc10","Normal 12 Onz",NULL,"a4190f21",NULL,"unidad",66,"2024-11-24 14:36:47","2024-11-24",8,58,NULL,20,NULL,NULL
"bb8p6uk5","5ed95a10","8a734bcd","Shot de tequila",NULL,"bd785ddb",NULL,"unidad",10,"2024-11-07 10:01:35","2024-11-07",7,3,NULL,NULL,NULL,NULL
"bctf0gqp","603c0672","c9349148","Paquete de fruta $0",NULL,"c6434dc7",NULL,"unidad",27,"2025-05-29 10:09:57","2025-05-28",8,19,NULL,5,NULL,NULL
"bdi7fos2","b1f0473a","9f390fc12","Normal 24 Onz",NULL,"e114aa93",NULL,"unidad",23,"2024-12-11 15:33:22","2024-12-11",19,4,NULL,19,NULL,NULL
"bdj13omo","75dc5b07","9f390fc12","Normal 24 Onz",NULL,"e114aa93",NULL,"unidad",5,"2025-09-26 23:54:28","2025-09-26",1,4,NULL,NULL,NULL,NULL
"bdu5m5ox","dbec468e","9f390fc16","Normal 12 Onz Sin licor",NULL,"a4190f21",NULL,"unidad",99,"2025-06-27 23:59:56","2025-06-27",9,90,NULL,-1,NULL,NULL
"bgc4q7uk","c0ae91fb","9f390fc10","Normal 12 Onz",NULL,"a4190f21",NULL,"unidad",41,"2024-12-22 12:24:18","2024-12-22",0,41,NULL,10,NULL,NULL
"bgsfmwsz","cb371b4b","9c172aed","Paquete de fruta con Precio",NULL,"c6434dc7",NULL,"unidad",0,"2025-12-18 17:45:36","2025-12-18",0,0,NULL,NULL,NULL,NULL
"bii0tyn3","80805014","8a734bcd","Shot de tequila",NULL,"bd785ddb",NULL,"unidad",10,"2024-12-15 11:25:30","2024-12-15",9,1,NULL,NULL,NULL,NULL
"bimedel9","26fbbbb5","9f390fc11","Normal 16 Onz",NULL,"feb4c064",NULL,"unidad",26,"2025-09-19 22:50:29","2025-09-19",6,20,NULL,20,NULL,NULL
"bj86nrwu","8d950448","9c172aed","Paquete de fruta con Precio",NULL,"c6434dc7",NULL,"unidad",0,"2025-12-31 19:56:32","2025-12-31",0,0,NULL,NULL,NULL,NULL
"bjusvy5m","5cdf6ed6","9f390fc11","Normal 16 Onz",NULL,"feb4c064",NULL,"unidad",17,"2025-06-25 23:02:14","2025-06-25",13,4,NULL,NULL,NULL,NULL
"bku9xh61","70e7cd80","9c172aed","Paquete de fruta con Precio",NULL,"c6434dc7",NULL,"unidad",0,"2025-12-28 18:46:48","2025-12-28",0,0,NULL,NULL,NULL,NULL
"bl31rcff","23fa9273","9c172aed","Paquete de fruta con Precio",NULL,"c6434dc7",NULL,"unidad",0,"2026-01-09 19:17:29","2026-01-09",0,0,NULL,NULL,NULL,NULL
"bl5p4g5s","69dc7e06","9f390fc13","Cremoso 13 Onz",NULL,"78b8732a",NULL,"unidad",22,"2025-01-23 10:20:54","2025-01-22",22,0,NULL,NULL,NULL,NULL
"bllavq31","b49f7b00","9c172aed","Paquete de fruta con Precio",NULL,"c6434dc7",NULL,"unidad",1,"2025-08-14 18:37:53","2025-08-14",0,1,NULL,NULL,NULL,NULL
"bm2y30q6","11aea9d4","9f390fc12","Normal 24 Onz",NULL,"e114aa93",NULL,"unidad",23,"2025-03-07 21:17:27","2025-03-07",19,4,NULL,20,NULL,NULL
"bmdshowl","0dca8b7e","9f390fc12","Normal 24 Onz",NULL,"e114aa93",NULL,"unidad",19,"2025-11-14 23:08:39","2025-11-14",17,2,NULL,NULL,NULL,NULL
"bmm7sut1","036190eb","b5a797f3","Adicional de gomas",NULL,"1f077d1a",NULL,"unidad",2,"2025-09-25 22:54:40","2025-09-25",0,2,NULL,1,NULL,NULL
"bn2zzm2f","046eed1c","b5a797f3","Adicional de gomas",NULL,"1f077d1a",NULL,"unidad",5,"2025-12-17 23:13:12","2025-12-17",4,1,NULL,5,NULL,NULL
"bn9t3oxk","3277d896","c9349148","Paquete de fruta $0",NULL,"c6434dc7",NULL,"unidad",18,"2025-08-21 22:53:00","2025-08-21",10,8,NULL,16,NULL,NULL
"bnxmzve1","fa8f666e","9f390fc12","Normal 24 Onz",NULL,"e114aa93",NULL,"unidad",8,"2025-03-06 15:48:20","2025-03-06",3,5,NULL,NULL,NULL,NULL
"boe4w4ox","4d805e8a","9f390fc11","Normal 16 Onz",NULL,"feb4c064",NULL,"unidad",7,"2025-06-30 18:48:39","2025-06-30",7,0,NULL,NULL,NULL,NULL
"boyypqnz","bd3538d1","9f390fc11","Normal 16 Onz",NULL,"feb4c064",NULL,"unidad",13,"2025-11-09 19:08:46","2025-11-09",10,3,NULL,NULL,NULL,NULL
"bpm1ri5i","26fbbbb5","9c172aed","Paquete de fruta con Precio",NULL,"c6434dc7",NULL,"unidad",0,"2025-09-19 17:48:41","2025-09-19",0,0,NULL,NULL,NULL,NULL
"bpvakfjx","7992300d","c9349148","Paquete de fruta $0",NULL,"c6434dc7",NULL,"unidad",17,"2025-06-11 22:48:39","2025-06-11",4,13,NULL,16,NULL,NULL
"bqcqua5k","05f46cfb","9f390fc11","Normal 16 Onz",NULL,"feb4c064",NULL,"unidad",0,"2026-01-04 16:04:58","2026-01-04",0,0,NULL,NULL,NULL,NULL
"bt6hdcia","e5334a85","c9349148","Paquete de fruta $0",NULL,"c6434dc7",NULL,"unidad",24,"2025-11-02 00:40:28","2025-11-01",0,24,NULL,3,NULL,NULL
"bu5hnz0p","10bb56c9","9f390fc12","Normal 24 Onz",NULL,"e114aa93",NULL,"unidad",20,"2025-06-12 22:50:11","2025-06-12",16,4,NULL,NULL,NULL,NULL
"bwjb2182","38fd446d","8a734bcd","Shot de tequila",NULL,"bd785ddb",NULL,"unidad",0,"2025-03-12 23:13:15","2025-03-12",0,0,NULL,NULL,NULL,NULL
"bx8znvbu","979f652e","9f390fc10","Normal 12 Onz",NULL,"a4190f21",NULL,"unidad",205,"2025-08-24 01:02:39","2025-08-23",35,170,NULL,120,NULL,NULL
"by5uhosv","c123671b","9f390fc13","Cremoso 13 Onz",NULL,"78b8732a",NULL,"unidad",27,"2025-02-23 19:54:01","2025-02-23",24,3,NULL,25,NULL,NULL
"bynsk53w","b58f7426","9c172aed","Paquete de fruta con Precio",NULL,"c6434dc7",NULL,"unidad",0,"2025-12-26 23:24:37","2025-12-26",0,0,NULL,NULL,NULL,NULL
"bzqlietg","ee67e387","9f390fc10","Normal 12 Onz",NULL,"a4190f21",NULL,"unidad",53,"2025-05-18 19:28:22","2025-05-18",21,32,NULL,40,NULL,NULL
"bzu5435o","e1ed0f5f","9f390fc10","Normal 12 Onz",NULL,"a4190f21",NULL,"unidad",106,"2025-07-25 23:57:31","2025-07-25",16,90,NULL,20,NULL,NULL
"c0dbqv20","64d49f15","9f390fc11","Normal 16 Onz",NULL,"feb4c064",NULL,"unidad",14,"2025-04-25 22:02:55","2025-04-25",8,6,NULL,NULL,NULL,NULL
"c0s3k9ix","41c02110","9c172aed","Paquete de fruta con Precio",NULL,"c6434dc7",NULL,"unidad",0,"2025-09-18 20:28:21","2025-09-18",0,0,NULL,NULL,NULL,NULL
"c0zjtidj","78c784b3","9f390fc12","Normal 24 Onz",NULL,"e114aa93",NULL,"unidad",17,"2025-12-07 18:39:28","2025-12-07",12,5,NULL,NULL,NULL,NULL
"c2x70exi","e007bd4a","9f390fc16","Normal 12 Onz Sin licor",NULL,"a4190f21",NULL,"unidad",210,"2025-11-23 01:03:08","2025-11-22",51,159,NULL,180,NULL,NULL
"c318axit","ca4d1dcc","9f390fc12","Normal 24 Onz",NULL,"e114aa93",NULL,"unidad",22,"2025-09-07 00:16:12","2025-09-06",4,18,NULL,NULL,NULL,NULL
"c3knxgik","7344941f","9c172aed","Paquete de fruta con Precio",NULL,"c6434dc7",NULL,"unidad",0,"2025-12-05 19:28:17","2025-12-05",0,0,NULL,NULL,NULL,NULL
"c3mmntto","1fcab4ca","9f390fc10","Normal 12 Onz",NULL,"a4190f21",NULL,"unidad",70,"2025-07-18 23:28:43","2025-07-18",5,65,NULL,20,NULL,NULL
"c3tycube","bd3538d1","c9349148","Paquete de fruta $0",NULL,"c6434dc7",NULL,"unidad",28,"2025-11-09 19:13:22","2025-11-09",2,26,NULL,28,NULL,NULL
"c3wwahyv","5ccade86","b5a797f3","Adicional de gomas",NULL,"1f077d1a",NULL,"unidad",2,"2025-12-21 18:26:45","2025-12-21",0,2,NULL,1,NULL,NULL
"c5wjmhnx","c4ff0dcb","9f390fc12","Normal 24 Onz",NULL,"e114aa93",NULL,"unidad",18,"2025-03-16 19:53:41","2025-03-16",16,2,NULL,NULL,NULL,NULL
"c6ikcfoz","ef8b894e","9f390fc10","Normal 12 Onz",NULL,"a4190f21",NULL,"unidad",52,"2025-06-23 19:43:48","2025-06-23",0,52,NULL,20,NULL,NULL
"c7b08361","a78c59e2","9f390fc11","Normal 16 Onz",NULL,"feb4c064",NULL,"unidad",8,"2025-11-19 23:03:05","2025-11-19",2,6,NULL,NULL,NULL,NULL
"c7hncj2z","eba6c87b","9f390fc16","Normal 12 Onz Sin licor",NULL,"a4190f21",NULL,"unidad",108,"2025-12-23 23:27:04","2025-12-23",20,88,NULL,100,NULL,NULL
"c7xylgjs","27cfd7fe","9f390fc10","Normal 12 Onz",NULL,"a4190f21",NULL,"unidad",80,"2024-12-25 11:39:01","2024-12-25",0,80,NULL,3,NULL,NULL
"c896a8a8","c4493a67","9f390fc13","Cremoso 13 Onz","4ff5b09a","78b8732a",NULL,"unidad",8,"2025-03-21 13:11:00","2025-03-20",2,6,NULL,5,NULL,NULL
"c8e5pz68","cb371b4b","9f390fc11","Normal 16 Onz",NULL,"feb4c064",NULL,"unidad",16,"2025-12-18 23:01:14","2025-12-18",11,5,NULL,1,NULL,NULL
"ca7sapak","bbba1b75","9f390fc12","Normal 24 Onz",NULL,"e114aa93",NULL,"unidad",4,"2025-11-03 19:09:50","2025-11-03",2,2,NULL,NULL,NULL,NULL
"cab0ohs3","bfb5eb99","9f390fc16","Normal 12 Onz Sin licor",NULL,"a4190f21",NULL,"unidad",135,"2025-11-30 19:23:40","2025-11-30",11,124,NULL,-1,NULL,NULL
"cbc696d1","1617ecb8","b5a797f3","Adicional de gomas",NULL,"1f077d1a",NULL,"unidad",11,"2025-08-03 00:58:16","2025-08-02",8,3,NULL,NULL,NULL,NULL
"cbgc4q9m","f72e0685","9f390fc12","Normal 24 Onz",NULL,"e114aa93",NULL,"unidad",10,"2025-06-22 00:42:25","2025-06-21",1,9,NULL,NULL,NULL,NULL
"ccqe5hyz","118067d9","9f390fc12","Normal 24 Onz",NULL,"e114aa93",NULL,"unidad",12,"2025-09-12 23:41:12","2025-09-12",8,4,NULL,NULL,NULL,NULL
"cddxwxy1","eef68b67","9f390fc11","Normal 16 Onz",NULL,"feb4c064",NULL,"unidad",45,"2025-06-14 23:08:36","2025-06-14",14,31,NULL,20,NULL,NULL
"cdxrgks7","b58f7426","c9349148","Paquete de fruta $0",NULL,"c6434dc7",NULL,"unidad",0,"2025-12-26 23:23:54","2025-12-26",0,0,NULL,NULL,NULL,NULL
"celczni5","69dc7e06","8a734bcd","Shot de tequila",NULL,"bd785ddb",NULL,"unidad",0,"2025-01-23 10:20:58","2025-01-22",0,0,NULL,NULL,NULL,NULL
"cezkg1ib","35f7bcaa","9f390fc12","Normal 24 Onz",NULL,"e114aa93",NULL,"unidad",15,"2025-10-13 19:03:42","2025-10-13",15,0,NULL,NULL,NULL,NULL
"cfgdxzug","df3e49bd","9f390fc16","Normal 12 Onz Sin licor",NULL,"a4190f21",NULL,"unidad",186,"2025-11-09 00:54:23","2025-11-08",17,169,NULL,180,NULL,NULL
"cfkngrp2","efbb6c71","9c172aed","Paquete de fruta con Precio",NULL,"c6434dc7",NULL,"unidad",0,"2026-04-30 16:54:16","2026-04-30",NULL,0,NULL,NULL,NULL,NULL
"cgomqflz","c079dec3","b5a797f3","Adicional de gomas",NULL,"1f077d1a",NULL,"unidad",15,"2025-10-02 21:06:05","2025-10-02",14,1,NULL,NULL,NULL,NULL
"cgqxe6jd","a78c59e2","9f390fc10","Normal 12 Onz",NULL,"a4190f21",NULL,"unidad",36,"2025-11-19 23:05:56","2025-11-19",14,22,NULL,20,NULL,NULL
"cgujcbw5","06c0f9ad","9f390fc16","Normal 12 Onz Sin licor",NULL,"a4190f21",NULL,"unidad",40,"2024-12-09 09:41:28","2024-12-09",32,8,NULL,30,NULL,NULL
"ch63ovrz","40f13496","9f390fc12","Normal 24 Onz",NULL,"e114aa93",NULL,"unidad",18,"2025-03-23 19:09:43","2025-03-23",11,7,NULL,NULL,NULL,NULL
"ci2rka4a","675767ca","9f390fc16","Normal 12 Onz Sin licor",NULL,"a4190f21",NULL,"unidad",64,"2025-09-24 23:22:42","2025-09-24",25,39,NULL,-9,NULL,NULL
"cjapsoe4","8b14c831","9f390fc12","Normal 24 Onz",NULL,"e114aa93",NULL,"unidad",20,"2024-12-31 09:56:28","2024-12-30",17,3,NULL,20,NULL,NULL
"clusahll","8d950448","9f390fc16","Normal 12 Onz Sin licor",NULL,"a4190f21",NULL,"unidad",149,"2025-12-31 20:05:07","2025-12-31",88,61,NULL,140,NULL,NULL
"cmjwn3ai","d129f99f","c9349148","Paquete de fruta $0",NULL,"c6434dc7",NULL,"unidad",23,"2025-08-03 18:11:42","2025-08-03",0,23,NULL,23,NULL,NULL
"cmx5f252","efba96f5","9f390fc11","Normal 16 Onz",NULL,"feb4c064",NULL,"unidad",7,"2025-03-19 18:50:35","2025-03-19",1,6,NULL,NULL,NULL,NULL
"cn4obfls","dba55dff","9f390fc10","Normal 12 Onz",NULL,"a4190f21",NULL,"unidad",70,"2025-08-27 22:39:17","2025-08-27",45,25,NULL,NULL,NULL,NULL
"cn85zuit","f9b706aa","9f390fc13","Cremoso 13 Onz",NULL,"78b8732a",NULL,"unidad",15,"2025-05-10 18:29:22","2025-05-10",15,0,NULL,NULL,NULL,NULL
"cof9ddn7","26c92f93","9c172aed","Paquete de fruta con Precio",NULL,"c6434dc7",NULL,"unidad",0,"2025-08-22 23:22:19","2025-08-22",0,0,NULL,NULL,NULL,NULL
"cpzzrhzh","5f811ff4","9f390fc10","Normal 12 Onz",NULL,"a4190f21",NULL,"unidad",156,"2025-01-19 10:01:46","2025-01-18",20,136,NULL,20,NULL,NULL
"cqxdzxaj","c62e961e","c9349148","Paquete de fruta $0",NULL,"c6434dc7",NULL,"unidad",13,"2025-12-10 23:03:41","2025-12-10",0,13,NULL,13,NULL,NULL
"cs4sy5uf","1fd0b958","9f390fc10","Normal 12 Onz",NULL,"a4190f21",NULL,"unidad",95,"2025-08-01 23:51:11","2025-08-01",4,91,NULL,40,NULL,NULL
"csclnwug","33369702","9f390fc13","Cremoso 13 Onz",NULL,"78b8732a",NULL,"unidad",25,"2025-05-02 23:30:06","2025-05-02",18,7,NULL,25,NULL,NULL
"csnss77a","a686bf22","b5a797f3","Adicional de gomas",NULL,"1f077d1a",NULL,"unidad",1,"2025-11-13 22:48:04","2025-11-13",1,0,NULL,NULL,NULL,NULL
"cszj89bu","5f811ff4","9f390fc16","Normal 12 Onz Sin licor",NULL,"a4190f21",NULL,"unidad",124,"2025-01-19 10:02:07","2025-01-18",23,101,NULL,20,NULL,NULL
"cszkj7me","4b147062","9f390fc11","Normal 16 Onz",NULL,"feb4c064",NULL,"unidad",16,"2025-11-21 23:59:39","2025-11-21",7,9,NULL,NULL,NULL,NULL
"ct587qho","9da2f23e","29ab6c8a","Absolut",NULL,"f6fdf4d1",NULL,"unidad",3,"2025-06-02 17:29:33","2025-06-02",3,0,NULL,NULL,NULL,NULL
"ctgq68az","95013068","9f390fc13","Cremoso 13 Onz",NULL,"78b8732a",NULL,"unidad",2,"2025-04-17 18:25:27","2025-04-17",2,0,NULL,NULL,NULL,NULL
"cthqq236","41c02110","9f390fc10","Normal 12 Onz",NULL,"a4190f21",NULL,"unidad",65,"2025-09-18 23:02:31","2025-09-18",14,51,NULL,40,NULL,NULL
"ctnbljdr","8d569e67","9f390fc13","Cremoso 13 Onz",NULL,"78b8732a",NULL,"unidad",9,"2025-02-20 23:09:13","2025-02-20",7,2,NULL,1,NULL,NULL
"curou6x9","5584ae3d","2061a24e","Jack daniels",NULL,"35dbe1bc",NULL,"unidad",1,"2025-08-20 22:53:19","2025-08-20",1,0,NULL,NULL,NULL,NULL
"cv9bjy9i","b3428d88","9f390fc11","Normal 16 Onz",NULL,"feb4c064",NULL,"unidad",22,"2025-06-01 19:32:42","2025-06-01",12,10,NULL,20,NULL,NULL
"cvb3otg2","eb0775cc","9f390fc13","Cremoso 13 Onz",NULL,"78b8732a",NULL,"unidad",25,"2024-11-23 09:29:48","2024-11-23",8,17,NULL,25,NULL,NULL
"cwcblg2i","f4ddab07","9f390fc16","Normal 12 Onz Sin licor",NULL,"a4190f21",NULL,"unidad",55,"2025-06-26 23:08:24","2025-06-26",20,35,NULL,40,NULL,NULL
"cx2eexin","33369702","9f390fc10","Normal 12 Onz",NULL,"a4190f21",NULL,"unidad",80,"2025-05-02 23:29:29","2025-05-02",16,64,NULL,30,NULL,NULL
"cxgm80oi","60e7f19d","c9349148","Paquete de fruta $0",NULL,"c6434dc7",NULL,"unidad",29,"2025-07-30 22:36:56","2025-07-30",0,29,NULL,NULL,NULL,NULL
"cxkpuyig","2d7f4b47","9c172aed","Paquete de fruta con Precio",NULL,"c6434dc7",NULL,"unidad",5,"2025-09-05 18:41:51","2025-09-05",0,5,NULL,NULL,NULL,NULL
"cxoid6zu","f4c96005","9f390fc13","Cremoso 13 Onz",NULL,"78b8732a",NULL,"unidad",8,"2024-12-28 08:39:22","2024-12-27",6,2,NULL,NULL,NULL,NULL
"cy5f05yg","2d7f4b47","b5a797f3","Adicional de gomas",NULL,"1f077d1a",NULL,"unidad",8,"2025-09-05 18:35:40","2025-09-05",7,1,NULL,NULL,NULL,NULL
"czbjs0ii","ff2257c7","9f390fc12","Normal 24 Onz",NULL,"e114aa93",NULL,"unidad",17,"2025-10-05 00:41:58","2025-10-04",7,10,NULL,NULL,NULL,NULL
"czuv8b2g","f71ef327","9f390fc12","Normal 24 Onz",NULL,"e114aa93",NULL,"unidad",24,"2025-04-06 00:39:45","2025-04-05",16,8,NULL,NULL,NULL,NULL
"d0b85wnb","67fcb676","9c172aed","Paquete de fruta con Precio",NULL,"c6434dc7",NULL,"unidad",0,"2026-01-06 21:27:06","2026-01-06",0,0,NULL,NULL,NULL,NULL
"d0n7mcme","5e8dd76a","9f390fc10","Normal 12 Onz",NULL,"a4190f21",NULL,"unidad",209,"2025-06-29 00:55:20","2025-06-28",19,190,NULL,40,NULL,NULL
"d1a18d39","9fa561e1","9f390fc13","Cremoso 13 Onz",NULL,"78b8732a",NULL,"unidad",13,"2024-12-27 10:09:13","2024-12-26",8,5,NULL,NULL,NULL,NULL
"d1attvoe","cb371b4b","9f390fc10","Normal 12 Onz",NULL,"a4190f21",NULL,"unidad",100,"2025-12-18 23:06:14","2025-12-18",10,90,NULL,20,NULL,NULL
"d23xi6ib","6cf74fb6","9f390fc16","Normal 12 Onz Sin licor",NULL,"a4190f21",NULL,"unidad",44,"2024-11-22 13:38:15","2024-11-22",16,28,NULL,20,NULL,NULL
"d243e184","7eca950b","5c0f4c51","ADICIONAL GOMAS GRATIS",NULL,"1f077d1a",NULL,"unidad",40,"2025-12-21 00:31:55","2025-12-20",0,40,NULL,NULL,NULL,NULL
"d2gj7gd9","f9b706aa","9f390fc10","Normal 12 Onz",NULL,"a4190f21",NULL,"unidad",142,"2025-05-11 01:27:59","2025-05-10",1,141,NULL,20,NULL,NULL
"d2xoo8jn","1c778322","9f390fc12","Normal 24 Onz",NULL,"e114aa93",NULL,"unidad",26,"2025-05-23 23:42:29","2025-05-23",18,8,NULL,20,NULL,NULL
"d317us7w","93e698d1","b5a797f3","Adicional de gomas",NULL,"1f077d1a",NULL,"unidad",1,"2025-11-12 22:50:35","2025-11-12",1,0,NULL,NULL,NULL,NULL
"d54wljrr","efba96f5","9f390fc12","Normal 24 Onz",NULL,"e114aa93",NULL,"unidad",16,"2025-03-19 22:38:54","2025-03-19",13,3,NULL,NULL,NULL,NULL
"d59yqdus","1fbc7b32","29ab6c8a","Absolut",NULL,"f6fdf4d1",NULL,"unidad",3,"2025-06-04 21:58:59","2025-06-04",2,1,NULL,NULL,NULL,NULL
"d5s9k565","f767c545","a827d17a","Chivas Regal",NULL,"8979ada5",NULL,"unidad",2,"2025-08-16 17:51:49","2025-08-16",2,0,NULL,NULL,NULL,NULL
"d5tny2j5","66ba9ea7","9f390fc12","Normal 24 Onz",NULL,"e114aa93",NULL,"unidad",21,"2025-11-20 21:02:09","2025-11-20",18,3,NULL,20,NULL,NULL
"d6qfgzgx","7967d72c","8a734bcd","Shot de tequila",NULL,"bd785ddb",NULL,"unidad",0,"2024-11-27 16:59:50","2024-11-27",0,0,NULL,NULL,NULL,NULL
"d7fg0uq5","979f652e","29ab6c8a","Absolut",NULL,"f6fdf4d1",NULL,"unidad",3,"2025-08-23 22:05:15","2025-08-23",0,3,NULL,NULL,NULL,NULL
"d8b8f95e","4a26d336","9f390fc13","Cremoso 13 Onz","4ff5b09a","78b8732a",NULL,"unidad",7,"2024-12-17 12:55:00","2024-12-17",7,0,NULL,NULL,NULL,NULL
"d8fwmscv","f4bd8102","9f390fc10","Normal 12 Onz",NULL,"a4190f21",NULL,"unidad",32,"2025-08-18 18:58:15","2025-08-18",3,29,NULL,20,NULL,NULL
"d93zf3tu","5d889f7b","9f390fc11","Normal 16 Onz",NULL,"feb4c064",NULL,"unidad",47,"2025-08-31 00:14:12","2025-08-30",18,29,NULL,20,NULL,NULL
"d9e11687","833e944e","8a734bcd","Shot de tequila","4ff5b09a","bd785ddb",NULL,"unidad",1,"2024-12-12 13:08:35","2024-12-12",0,1,NULL,NULL,NULL,NULL
"d9i6vqeq","e68bd1e8","9f390fc10","Normal 12 Onz",NULL,"a4190f21",NULL,"unidad",207,"2025-06-08 00:56:33","2025-06-07",17,190,NULL,20,NULL,NULL
"d9m02v2z","41ad3231","9f390fc11","Normal 16 Onz",NULL,"feb4c064",NULL,"unidad",0,"2025-03-30 18:05:54","2025-03-30",0,0,NULL,NULL,NULL,NULL
"d9yiugun","6ebdfa46","9f390fc13","Cremoso 13 Onz",NULL,"78b8732a",NULL,"unidad",13,"2024-12-30 09:21:12","2024-12-29",13,0,NULL,NULL,NULL,NULL
"daqdsxpb","f5ac98d3","c9349148","Paquete de fruta $0",NULL,"c6434dc7",NULL,"unidad",23,"2025-08-31 18:58:31","2025-08-31",0,23,NULL,23,NULL,NULL
"db6loe6y","2a38e321","2061a24e","Jack daniels",NULL,"35dbe1bc",NULL,"unidad",0,"2025-09-03 22:35:16","2025-09-03",0,0,NULL,NULL,NULL,NULL
"dbliah4m","9a0090b9","c9349148","Paquete de fruta $0",NULL,"c6434dc7",NULL,"unidad",27,"2025-07-17 22:23:56","2025-07-17",10,17,NULL,23,NULL,NULL
"dbsn1n0g","5b5a0572","9f390fc13","Cremoso 13 Onz",NULL,"78b8732a",NULL,"unidad",21,"2025-01-16 12:52:00","2025-01-15",21,0,NULL,NULL,NULL,NULL
"dbvqieay","aff24750","9f390fc10","Normal 12 Onz",NULL,"a4190f21",NULL,"unidad",203,"2025-12-07 01:06:45","2025-12-06",81,122,NULL,180,NULL,NULL
"dbyvr6l5","c832bd6d","9f390fc12","Normal 24 Onz",NULL,"e114aa93",NULL,"unidad",22,"2025-02-02 19:21:45","2025-02-02",20,2,NULL,NULL,NULL,NULL
"dc778107","a5f903bf","8a734bcd","Shot de tequila",NULL,"bd785ddb",NULL,"unidad",5,"2025-12-28 19:11:00","2025-12-27",1,4,NULL,NULL,NULL,NULL
"dca77buk","d129f99f","9f390fc10","Normal 12 Onz",NULL,"a4190f21",NULL,"unidad",62,"2025-08-03 19:02:00","2025-08-03",34,28,NULL,40,NULL,NULL
"dceqvcpu","30f8c655","9f390fc11","Normal 16 Onz",NULL,"feb4c064",NULL,"unidad",24,"2025-05-22 22:33:10","2025-05-22",14,10,NULL,20,NULL,NULL
"dci1jm5f","4b147062","9f390fc12","Normal 24 Onz",NULL,"e114aa93",NULL,"unidad",18,"2025-11-21 23:59:10","2025-11-21",15,3,NULL,NULL,NULL,NULL
"dcoe9qov","2f43739d","9f390fc13","Cremoso 13 Onz",NULL,"78b8732a",NULL,"unidad",22,"2025-05-08 22:14:26","2025-05-08",21,1,NULL,-1,NULL,NULL
"dcrviwar","96457b06","c9349148","Paquete de fruta $0",NULL,"c6434dc7",NULL,"unidad",13,"2025-11-17 19:03:35","2025-11-17",1,12,NULL,NULL,NULL,NULL
"dde4ocf2","cb371b4b","9f390fc16","Normal 12 Onz Sin licor",NULL,"a4190f21",NULL,"unidad",65,"2025-12-18 23:07:37","2025-12-18",0,65,NULL,60,NULL,NULL
"ddf78a3c","f71ef327","9f390fc13","Cremoso 13 Onz","4ff5b09a","78b8732a",NULL,"unidad",24,"2025-04-06 00:40:16","2025-04-05",16,8,NULL,NULL,NULL,NULL
"ddvu58uk","c15ea36b","9f390fc16","Normal 12 Onz Sin licor",NULL,"a4190f21",NULL,"unidad",61,"2024-11-10 11:43:40","2024-11-10",25,36,NULL,30,NULL,NULL
"demi6ewq","b49f7b00","b5a797f3","Adicional de gomas",NULL,"1f077d1a",NULL,"unidad",8,"2025-08-14 18:37:42","2025-08-14",7,1,NULL,NULL,NULL,NULL
"df745cd2","5c43fb31","8a734bcd","Shot de tequila","0d04f632","bd785ddb",NULL,"unidad",6,"2024-11-02 14:00:44","2024-11-02",0,6,NULL,NULL,NULL,NULL
"dfhs7tnf","02c8d138","9f390fc13","Cremoso 13 Onz",NULL,"78b8732a",NULL,"unidad",6,"2025-06-05 22:18:04","2025-06-05",5,1,NULL,NULL,NULL,NULL
"dg0qtt6e","67fcb676","c9349148","Paquete de fruta $0",NULL,"c6434dc7",NULL,"unidad",0,"2026-01-06 21:26:58","2026-01-06",0,0,NULL,NULL,NULL,NULL
"dgzw7to3","90797593","9f390fc10","Normal 12 Onz",NULL,"a4190f21",NULL,"unidad",51,"2025-04-11 00:16:31","2025-04-10",4,47,NULL,30,NULL,NULL
"dhgrvdb2","2c217547","9f390fc13","Cremoso 13 Onz",NULL,"78b8732a",NULL,"unidad",0,"2024-12-01 14:00:35","2024-12-01",0,0,NULL,NULL,NULL,NULL
"digito9w","2d7f4b47","9f390fc10","Normal 12 Onz",NULL,"a4190f21",NULL,"unidad",111,"2025-09-05 23:45:36","2025-09-05",34,77,NULL,40,NULL,NULL
"diie3szs","e97ef01f","b5a797f3","Adicional de gomas",NULL,"1f077d1a",NULL,"unidad",7,"2025-10-10 23:48:41","2025-10-10",6,1,NULL,NULL,NULL,NULL
"dijlkny6","f9b706aa","9f390fc12","Normal 24 Onz",NULL,"e114aa93",NULL,"unidad",28,"2025-05-10 23:22:13","2025-05-10",14,14,NULL,20,NULL,NULL
"djjrjizu","d7a8cd0d","9f390fc16","Normal 12 Onz Sin licor",NULL,"a4190f21",NULL,"unidad",101,"2025-02-01 23:59:08","2025-02-01",23,78,NULL,25,NULL,NULL
"djltsf14","3277d896","9f390fc11","Normal 16 Onz",NULL,"feb4c064",NULL,"unidad",9,"2025-08-21 22:53:13","2025-08-21",4,5,NULL,NULL,NULL,NULL
"dlzl52yj","16843c37","9f390fc16","Normal 12 Onz Sin licor",NULL,"a4190f21",NULL,"unidad",57,"2025-09-10 22:45:06","2025-09-10",12,45,NULL,20,NULL,NULL
"dn0qr3rs","a78c59e2","9f390fc16","Normal 12 Onz Sin licor",NULL,"a4190f21",NULL,"unidad",70,"2025-11-19 23:04:15","2025-11-19",45,25,NULL,59,NULL,NULL
"dnv977qv","046eed1c","e852ea91","Tapas domicilio",NULL,"f4e7a67f",NULL,"unidad",6,"2025-12-17 23:13:27","2025-12-17",3,3,NULL,NULL,NULL,NULL
"do28qjho","f71ef327","9f390fc11","Normal 16 Onz",NULL,"feb4c064",NULL,"unidad",31,"2025-04-06 00:39:16","2025-04-05",3,28,NULL,20,NULL,NULL
"dov5p2hj","e5334a85","9f390fc16","Normal 12 Onz Sin licor",NULL,"a4190f21",NULL,"unidad",198,"2025-11-02 00:34:57","2025-11-01",90,108,NULL,180,NULL,NULL
"dpdqvif4","0674313a","9f390fc11","Normal 16 Onz",NULL,"feb4c064",NULL,"unidad",21,"2025-10-17 23:54:33","2025-10-17",10,11,NULL,20,NULL,NULL
"dpistuj7","efba96f5","9f390fc16","Normal 12 Onz Sin licor",NULL,"a4190f21",NULL,"unidad",43,"2025-03-19 22:39:01","2025-03-19",9,34,NULL,-6,NULL,NULL
"dpl7yfrr","f790a8b4","9c172aed","Paquete de fruta con Precio",NULL,"c6434dc7",NULL,"unidad",2,"2025-06-29 17:48:28","2025-06-29",2,0,NULL,NULL,NULL,NULL
"dqd680aj","1a4eb5bc","9f390fc16","Normal 12 Onz Sin licor",NULL,"a4190f21",NULL,"unidad",36,"2025-01-30 23:09:19","2025-01-30",18,18,NULL,NULL,NULL,NULL
"drp2db56","64d49f15","9f390fc10","Normal 12 Onz",NULL,"a4190f21",NULL,"unidad",86,"2025-04-26 00:14:03","2025-04-25",10,76,NULL,20,NULL,NULL
"ds18yqfb","705c425b","9f390fc10","Normal 12 Onz",NULL,"a4190f21",NULL,"unidad",107,"2025-07-11 23:29:29","2025-07-11",9,98,NULL,40,NULL,NULL
"ds2h89uc","77295614","9f390fc10","Normal 12 Onz",NULL,"a4190f21",NULL,"unidad",115,"2025-08-24 18:48:17","2025-08-24",70,45,NULL,80,NULL,NULL
"ds36gn3l","4d805e8a","c9349148","Paquete de fruta $0",NULL,"c6434dc7",NULL,"unidad",28,"2025-06-30 18:48:51","2025-06-30",0,28,NULL,24,NULL,NULL
"ds6w72uz","092ff74b","b5a797f3","Adicional de gomas",NULL,"1f077d1a",NULL,"unidad",0,"2025-11-26 19:42:00","2025-11-26",0,0,NULL,NULL,NULL,NULL
"dsjtrdqt","fb452291","9f390fc13","Cremoso 13 Onz",NULL,"78b8732a",NULL,"unidad",2,"2025-04-20 18:49:40","2025-04-20",2,0,NULL,NULL,NULL,NULL
"dsyimoy3","c7bde486","9f390fc13","Cremoso 13 Onz",NULL,"78b8732a",NULL,"unidad",12,"2025-06-18 22:33:15","2025-06-18",10,2,NULL,NULL,NULL,NULL
"du4e454a","bf9a4d4e","9f390fc11","Normal 16 Onz",NULL,"feb4c064",NULL,"unidad",9,"2025-07-16 22:16:53","2025-07-16",3,6,NULL,NULL,NULL,NULL
"duo62l62","9b21bc7b","9f390fc11","Normal 16 Onz",NULL,"feb4c064",NULL,"unidad",43,"2026-01-08 22:54:19","2026-01-08",36,7,NULL,NULL,NULL,NULL
"dup9u16s","f4ddab07","29ab6c8a","Absolut",NULL,"f6fdf4d1",NULL,"unidad",0,"2025-06-26 21:25:35","2025-06-26",0,0,NULL,NULL,NULL,NULL
"duxkakv1","0674313a","9f390fc12","Normal 24 Onz",NULL,"e114aa93",NULL,"unidad",14,"2025-10-17 23:54:29","2025-10-17",7,7,NULL,NULL,NULL,NULL
"dvc78pfk","5512c663","9f390fc13","Cremoso 13 Onz",NULL,"78b8732a",NULL,"unidad",2,"2025-04-19 18:24:04","2025-04-19",2,0,NULL,NULL,NULL,NULL
"dw341zcu","1b1830f5","9f390fc10","Normal 12 Onz",NULL,"a4190f21",NULL,"unidad",38,"2025-10-15 23:05:16","2025-10-15",26,12,NULL,NULL,NULL,NULL
"dw82c5tm","67987572","9f390fc11","Normal 16 Onz",NULL,"feb4c064",NULL,"unidad",22,"2025-10-26 19:06:30","2025-10-26",15,7,NULL,20,NULL,NULL
"dxh8pm5n","a686bf22","c9349148","Paquete de fruta $0",NULL,"c6434dc7",NULL,"unidad",19,"2025-11-13 22:47:29","2025-11-13",3,16,NULL,NULL,NULL,NULL
"dxm99seu","f42df9be","a827d17a","Chivas Regal",NULL,"8979ada5",NULL,"unidad",2,"2025-09-04 18:50:56","2025-09-04",0,2,NULL,NULL,NULL,NULL
"dy25t1j4","5c43fb31","9f390fc16","Normal 12 Onz Sin licor",NULL,"a4190f21",NULL,"unidad",70,"2024-11-02 14:00:22","2024-11-02",15,55,NULL,40,NULL,NULL
"dyh4zgqs","1356b8b7","9f390fc16","Normal 12 Onz Sin licor",NULL,"a4190f21",NULL,"unidad",67,"2025-03-23 00:47:20","2025-03-22",7,60,NULL,-3,NULL,NULL
"dzn4sd8e","a3bae712","9f390fc10","Normal 12 Onz",NULL,"a4190f21",NULL,"unidad",38,"2025-02-12 23:20:34","2025-02-12",13,25,NULL,30,NULL,NULL
"e0caqz1e","8d5054d4","9f390fc12","Normal 24 Onz",NULL,"e114aa93",NULL,"unidad",8,"2025-07-06 18:58:41","2025-07-06",6,2,NULL,NULL,NULL,NULL
"e0n9lxtw","60e7f19d","9c172aed","Paquete de fruta con Precio",NULL,"c6434dc7",NULL,"unidad",0,"2025-07-30 22:36:59","2025-07-30",0,0,NULL,NULL,NULL,NULL
"e0seywz5","16c9c0eb","9f390fc16","Normal 12 Onz Sin licor",NULL,"a4190f21",NULL,"unidad",64,"2025-02-13 23:05:59","2025-02-13",46,18,NULL,30,NULL,NULL
"e187btia","b3428d88","9f390fc13","Cremoso 13 Onz",NULL,"78b8732a",NULL,"unidad",19,"2025-06-01 17:29:31","2025-06-01",16,3,NULL,NULL,NULL,NULL
"e1y8z1v1","1721566e","c9349148","Paquete de fruta $0",NULL,"c6434dc7",NULL,"unidad",30,"2025-07-13 19:05:49","2025-07-13",0,30,NULL,30,NULL,NULL
"e343e8a8","032ea435","8f6e9d39","Extra shoot GRATIS","d30a10d9","bd785ddb",NULL,"unidad",4,"2025-12-23 10:19:03","2025-12-22",4,0,NULL,NULL,NULL,NULL
"e44n76ds","1617ecb8","9f390fc10","Normal 12 Onz",NULL,"a4190f21",NULL,"unidad",204,"2025-08-03 00:40:37","2025-08-02",22,182,NULL,40,NULL,NULL
"e4aovp1w","a66ada52","9f390fc13","Cremoso 13 Onz",NULL,"78b8732a",NULL,"unidad",21,"2025-01-17 10:15:05","2025-01-16",20,1,NULL,NULL,NULL,NULL
"e4hvrisc","f3f4a2c5","9f390fc10","Normal 12 Onz",NULL,"a4190f21",NULL,"unidad",45,"2025-01-27 19:10:11","2025-01-26",27,18,NULL,40,NULL,NULL
"e6dpd4ea","0d08c6d8","c9349148","Paquete de fruta $0",NULL,"c6434dc7",NULL,"unidad",15,"2025-12-08 18:08:24","2025-12-08",0,15,NULL,12,NULL,NULL
"e6zq0c1v","e007bd4a","9c172aed","Paquete de fruta con Precio",NULL,"c6434dc7",NULL,"unidad",0,"2025-11-22 19:08:23","2025-11-22",0,0,NULL,NULL,NULL,NULL
"e8yfpyvo","edb7bf08","9f390fc16","Normal 12 Onz Sin licor",NULL,"a4190f21",NULL,"unidad",110,"2025-04-18 21:49:30","2025-04-18",20,90,NULL,20,NULL,NULL
"e93s15sq","1fbc7b32","9f390fc16","Normal 12 Onz Sin licor",NULL,"a4190f21",NULL,"unidad",43,"2025-06-05 12:38:23","2025-06-04",12,31,NULL,-1,NULL,NULL
"eafy21zo","118067d9","c9349148","Paquete de fruta $0",NULL,"c6434dc7",NULL,"unidad",13,"2025-09-12 23:41:04","2025-09-12",1,12,NULL,13,NULL,NULL
"eajq6euq","1fd0b958","9c172aed","Paquete de fruta con Precio",NULL,"c6434dc7",NULL,"unidad",0,"2025-08-01 20:02:54","2025-08-01",0,0,NULL,NULL,NULL,NULL
"eb0ryjtn","a78c59e2","e852ea91","Tapas domicilio",NULL,"f4e7a67f",NULL,"unidad",12,"2025-11-19 23:05:27","2025-11-19",7,5,NULL,9,NULL,NULL
"ebe635ds","f72e0685","9f390fc16","Normal 12 Onz Sin licor",NULL,"a4190f21",NULL,"unidad",137,"2025-06-22 00:42:18","2025-06-21",15,122,NULL,20,NULL,NULL
"ecs0i42w","d7a8cd0d","8a734bcd","Shot de tequila",NULL,"bd785ddb",NULL,"unidad",0,"2025-02-01 17:46:57","2025-02-01",0,0,NULL,NULL,NULL,NULL
"edh7f5bx","3277d896","b5a797f3","Adicional de gomas",NULL,"1f077d1a",NULL,"unidad",4,"2025-08-21 22:51:00","2025-08-21",4,0,NULL,NULL,NULL,NULL
"edwia8ak","12ef6fd1","9f390fc16","Normal 12 Onz Sin licor",NULL,"a4190f21",NULL,"unidad",89,"2025-01-12 11:04:38","2025-01-11",13,76,NULL,-45,NULL,NULL
"eekujijr","70b2ef17","9f390fc10","Normal 12 Onz",NULL,"a4190f21",NULL,"unidad",47,"2025-05-04 19:09:38","2025-05-04",3,44,NULL,25,NULL,NULL
"eeqwot4e","4f774db7","9c172aed","Paquete de fruta con Precio",NULL,"c6434dc7",NULL,"unidad",0,"2026-01-07 23:12:41","2026-01-07",0,0,NULL,NULL,NULL,NULL
"ef4oxq3m","6fd784f5","9f390fc13","Cremoso 13 Onz",NULL,"78b8732a",NULL,"unidad",15,"2025-05-14 22:00:37","2025-05-14",15,0,NULL,NULL,NULL,NULL
"efds8egg","ab130531","9f390fc16","Normal 12 Onz Sin licor",NULL,"a4190f21",NULL,"unidad",34,"2025-04-30 23:43:15","2025-04-30",12,22,NULL,30,NULL,NULL
"efk734oa","b50518ef","9f390fc10","Normal 12 Onz",NULL,"a4190f21",NULL,"unidad",81,"2025-11-02 19:10:41","2025-11-02",44,37,NULL,NULL,NULL,NULL
"egly3h69","036190eb","c9349148","Paquete de fruta $0",NULL,"c6434dc7",NULL,"unidad",14,"2025-09-25 22:51:20","2025-09-25",1,13,NULL,6,NULL,NULL
"egw77ynv","360826f0","9f390fc16","Normal 12 Onz Sin licor",NULL,"a4190f21",NULL,"unidad",60,"2025-07-03 22:43:18","2025-07-03",23,37,NULL,40,NULL,NULL
"ehgmptd7","27cfd7fe","9f390fc16","Normal 12 Onz Sin licor",NULL,"a4190f21",NULL,"unidad",76,"2024-12-25 11:39:04","2024-12-25",0,76,NULL,20,NULL,NULL
"ehumx23y","7eca950b","9f390fc11","Normal 16 Onz",NULL,"feb4c064",NULL,"unidad",39,"2025-12-21 00:31:30","2025-12-20",15,24,NULL,19,NULL,NULL
"ej4l29v7","b3556d27","9f390fc12","Normal 24 Onz",NULL,"e114aa93",NULL,"unidad",20,"2025-04-27 01:00:47","2025-04-26",4,16,NULL,NULL,NULL,NULL
"ej8g1tlb","4f774db7","e852ea91","Tapas domicilio",NULL,"f4e7a67f",NULL,"unidad",26,"2026-01-07 23:12:29","2026-01-07",10,16,NULL,19,NULL,NULL
"ejieuwyx","21ecc0ec","9f390fc16","Normal 12 Onz Sin licor",NULL,"a4190f21",NULL,"unidad",204,"2025-07-27 00:38:50","2025-07-26",12,192,NULL,40,NULL,NULL
"ekzgmt62","9b881b60","9f390fc12","Normal 24 Onz",NULL,"e114aa93",NULL,"unidad",21,"2025-05-16 22:33:06","2025-05-16",11,10,NULL,20,NULL,NULL
"el9dwodq","ddc60dbd","9f390fc16","Normal 12 Onz Sin licor",NULL,"a4190f21",NULL,"unidad",196,"2025-11-16 00:48:53","2025-11-15",61,135,NULL,180,NULL,NULL
"elfcps7f","f4bd8102","2061a24e","Jack daniels",NULL,"35dbe1bc",NULL,"unidad",1,"2025-08-18 18:01:38","2025-08-18",1,0,NULL,NULL,NULL,NULL
"emtx6bq0","2b48c12f","9f390fc10","Normal 12 Onz",NULL,"a4190f21",NULL,"unidad",51,"2025-05-11 19:05:34","2025-05-11",0,51,NULL,50,NULL,NULL
"enlbyahm","d4682046","c9349148","Paquete de fruta $0",NULL,"c6434dc7",NULL,"unidad",18,"2025-10-30 23:02:03","2025-10-30",0,18,NULL,10,NULL,NULL
"eokvxgv3","1fcab4ca","9f390fc12","Normal 24 Onz",NULL,"e114aa93",NULL,"unidad",20,"2025-07-18 23:29:35","2025-07-18",19,1,NULL,NULL,NULL,NULL
"eonilu0p","ac2c5559","9f390fc12","Normal 24 Onz",NULL,"e114aa93",NULL,"unidad",9,"2025-12-24 21:15:20","2025-12-24",6,3,NULL,NULL,NULL,NULL
"ep9lrxfg","f42df9be","9f390fc10","Normal 12 Onz",NULL,"a4190f21",NULL,"unidad",58,"2025-09-04 23:23:53","2025-09-04",11,47,NULL,40,NULL,NULL
"eqb9htoy","f790a8b4","9f390fc10","Normal 12 Onz",NULL,"a4190f21",NULL,"unidad",79,"2025-06-29 19:14:16","2025-06-29",37,42,NULL,60,NULL,NULL
"eqdtq4p5","c54c362a","9f390fc12","Normal 24 Onz",NULL,"e114aa93",NULL,"unidad",17,"2025-01-02 12:39:26","2024-12-31",13,4,NULL,NULL,NULL,NULL
"er4eb2xo","25c72555","9f390fc12","Normal 24 Onz",NULL,"e114aa93",NULL,"unidad",4,"2025-09-07 19:09:34","2025-09-07",3,1,NULL,NULL,NULL,NULL
"es0t5hba","a2ef0041","9c172aed","Paquete de fruta con Precio",NULL,"c6434dc7",NULL,"unidad",0,"2025-08-10 17:43:49","2025-08-10",0,0,NULL,NULL,NULL,NULL
"esfohp9k","02c8d138","9c172aed","Paquete de fruta con Precio",NULL,"c6434dc7",NULL,"unidad",2,"2025-06-05 22:18:16","2025-06-05",2,0,NULL,NULL,NULL,NULL
"eui5c43d","30f8c655","9f390fc10","Normal 12 Onz",NULL,"a4190f21",NULL,"unidad",69,"2025-05-22 23:03:46","2025-05-22",14,55,NULL,NULL,NULL,NULL
"euyepxk2","13c3b71c","9f390fc10","Normal 12 Onz",NULL,"a4190f21",NULL,"unidad",105,"2025-06-07 00:02:31","2025-06-06",7,98,NULL,20,NULL,NULL
"ew56wx7t","fd7aedb1","9f390fc12","Normal 24 Onz",NULL,"e114aa93",NULL,"unidad",25,"2024-11-15 14:33:29","2024-11-15",16,9,NULL,20,NULL,NULL
"exma1rj4","6e373fab","9f390fc12","Normal 24 Onz",NULL,"e114aa93",NULL,"unidad",19,"2024-12-29 10:57:23","2024-12-28",4,15,NULL,NULL,NULL,NULL
"ezkqirum","2b48c12f","9f390fc11","Normal 16 Onz",NULL,"feb4c064",NULL,"unidad",11,"2025-05-11 18:35:52","2025-05-11",9,2,NULL,NULL,NULL,NULL
"f0yk7ccu","3277d896","9f390fc16","Normal 12 Onz Sin licor",NULL,"a4190f21",NULL,"unidad",35,"2025-08-21 22:49:56","2025-08-21",19,16,NULL,NULL,NULL,NULL
"f188kno6","16c9c0eb","9f390fc12","Normal 24 Onz",NULL,"e114aa93",NULL,"unidad",22,"2025-02-13 23:06:07","2025-02-13",22,0,NULL,19,NULL,NULL
"f25r2a7b","0f02172c","b5a797f3","Adicional de gomas",NULL,"1f077d1a",NULL,"unidad",5,"2025-12-29 20:23:25","2025-12-29",5,0,NULL,3,NULL,NULL
"f2ypm3we","a78c672f","b5a797f3","Adicional de gomas",NULL,"1f077d1a",NULL,"unidad",2,"2025-12-04 22:30:42","2025-12-04",2,0,NULL,NULL,NULL,NULL
"f3egp9qu","b49f7b00","9f390fc12","Normal 24 Onz",NULL,"e114aa93",NULL,"unidad",3,"2025-08-14 18:37:37","2025-08-14",3,0,NULL,NULL,NULL,NULL
"f3m18nek","9382c03a","9f390fc10","Normal 12 Onz",NULL,"a4190f21",NULL,"unidad",40,"2025-02-19 22:59:06","2025-02-19",27,13,NULL,20,NULL,NULL
"f48illwe","3277d896","29ab6c8a","Absolut",NULL,"f6fdf4d1",NULL,"unidad",2,"2025-08-21 22:50:02","2025-08-21",2,0,NULL,NULL,NULL,NULL
"f4oigf0l","4b147062","c9349148","Paquete de fruta $0",NULL,"c6434dc7",NULL,"unidad",8,"2025-11-22 00:00:17","2025-11-21",0,8,NULL,9,NULL,NULL
"f4txzesp","b58f7426","9f390fc11","Normal 16 Onz",NULL,"feb4c064",NULL,"unidad",0,"2025-12-26 23:24:00","2025-12-26",0,0,NULL,NULL,NULL,NULL
"f5fbewnu","0dca8b7e","9f390fc16","Normal 12 Onz Sin licor",NULL,"a4190f21",NULL,"unidad",99,"2025-11-15 00:06:02","2025-11-14",16,83,NULL,20,NULL,NULL
"f5s5ejtu","a78c672f","9f390fc16","Normal 12 Onz Sin licor",NULL,"a4190f21",NULL,"unidad",86,"2025-12-04 22:40:12","2025-12-04",8,78,NULL,20,NULL,NULL
"f5sqkbab","40b6e8e7","9f390fc16","Normal 12 Onz Sin licor",NULL,"a4190f21",NULL,"unidad",79,"2025-04-13 00:53:42","2025-04-12",0,79,NULL,-8,NULL,NULL
"f6v4dua4","80ffddd9","c9349148","Paquete de fruta $0",NULL,"c6434dc7",NULL,"unidad",19,"2025-06-08 18:37:55","2025-06-08",1,18,NULL,19,NULL,NULL
"f7xjki1j","3fd82ad3","9c172aed","Paquete de fruta con Precio",NULL,"c6434dc7",NULL,"unidad",0,"2025-10-01 18:35:25","2025-10-01",0,0,NULL,NULL,NULL,NULL
"f83mzrxn","a02a89f9","9f390fc10","Normal 12 Onz",NULL,"a4190f21",NULL,"unidad",55,"2025-07-23 22:41:50","2025-07-23",10,45,NULL,40,NULL,NULL
"f933xuo4","a02a89f9","9c172aed","Paquete de fruta con Precio",NULL,"c6434dc7",NULL,"unidad",0,"2025-07-23 18:48:17","2025-07-23",0,0,NULL,NULL,NULL,NULL
"f9b0262n","1b9b667f","9f390fc16","Normal 12 Onz Sin licor",NULL,"a4190f21",NULL,"unidad",88,"2025-12-11 22:52:31","2025-12-11",0,88,NULL,4,NULL,NULL
"f9fwnx9p","9b881b60","9f390fc16","Normal 12 Onz Sin licor",NULL,"a4190f21",NULL,"unidad",62,"2025-05-16 23:51:02","2025-05-16",5,57,NULL,-1,NULL,NULL
"f9ncf74f","3ab94560","9f390fc16","Normal 12 Onz Sin licor",NULL,"a4190f21",NULL,"unidad",58,"2025-02-16 19:22:06","2025-02-16",23,35,NULL,2,NULL,NULL
"f9s2wz6y","a686bf22","e852ea91","Tapas domicilio",NULL,"f4e7a67f",NULL,"unidad",8,"2025-11-13 22:47:52","2025-11-13",4,4,NULL,NULL,NULL,NULL
"fc0rgogt","423d64de","9f390fc10","Normal 12 Onz",NULL,"a4190f21",NULL,"unidad",88,"2026-01-02 21:58:32","2026-01-02",53,35,NULL,19,NULL,NULL
"fcdu7gfp","30f8c655","9f390fc12","Normal 24 Onz",NULL,"e114aa93",NULL,"unidad",13,"2025-05-22 22:33:21","2025-05-22",6,7,NULL,NULL,NULL,NULL
"fcrym8dz","baac369c","9f390fc10","Normal 12 Onz",NULL,"a4190f21",NULL,"unidad",148,"2025-06-01 00:57:22","2025-05-31",9,139,NULL,30,NULL,NULL
"fegg37tr","0dca8b7e","e852ea91","Tapas domicilio",NULL,"f4e7a67f",NULL,"unidad",4,"2025-11-14 23:09:13","2025-11-14",0,4,NULL,NULL,NULL,NULL
"ffaqliny","23fa9273","9f390fc12","Normal 24 Onz",NULL,"e114aa93",NULL,"unidad",34,"2026-01-09 20:45:22","2026-01-09",28,6,NULL,NULL,NULL,NULL
"fh1k1y5a","147116cb","9c172aed","Paquete de fruta con Precio",NULL,"c6434dc7",NULL,"unidad",1,"2025-11-28 18:12:15","2025-11-28",0,1,NULL,1,NULL,NULL
"fh4eacnk","3beb74f8","8a734bcd","Shot de tequila",NULL,"bd785ddb",NULL,"unidad",0,"2025-01-07 20:01:57","2025-01-07",0,0,NULL,NULL,NULL,NULL
"fh8hrrst","f767c545","2061a24e","Jack daniels",NULL,"35dbe1bc",NULL,"unidad",3,"2025-08-16 17:52:01","2025-08-16",3,0,NULL,NULL,NULL,NULL
"fkmmhy1v","b49f7b00","9f390fc16","Normal 12 Onz Sin licor",NULL,"a4190f21",NULL,"unidad",69,"2025-08-14 22:57:36","2025-08-14",6,63,NULL,10,NULL,NULL
"fknn7dfm","e2d06b97","b4224687","PROMO cremoso 12 onz",NULL,"78b8732a",NULL,"unidad",11,"2025-01-30 10:43:22","2025-01-29",8,3,NULL,-5,NULL,NULL
"fkqohgv6","efbb6c71","9f390fc11","Normal 16 Onz",NULL,"feb4c064",NULL,"unidad",21,"2026-04-30 16:56:04","2026-04-30",NULL,21,NULL,8,NULL,NULL
"fkxo7t48","5584ae3d","9f390fc11","Normal 16 Onz",NULL,"feb4c064",NULL,"unidad",12,"2025-08-20 22:53:16","2025-08-20",9,3,NULL,NULL,NULL,NULL
"fl2vuyyy","70e9213f","9f390fc16","Normal 12 Onz Sin licor",NULL,"a4190f21",NULL,"unidad",74,"2025-10-23 23:01:41","2025-10-23",11,63,NULL,20,NULL,NULL
"fl4ry6nh","aff24750","e852ea91","Tapas domicilio",NULL,"f4e7a67f",NULL,"unidad",20,"2025-12-07 00:49:38","2025-12-06",11,9,NULL,8,NULL,NULL
"fmtoyjl2","3dad02c7","9f390fc12","Normal 24 Onz",NULL,"e114aa93",NULL,"unidad",7,"2025-07-27 19:00:59","2025-07-27",2,5,NULL,NULL,NULL,NULL
"fn0i4480","a2ef0041","9f390fc12","Normal 24 Onz",NULL,"e114aa93",NULL,"unidad",17,"2025-08-10 18:59:02","2025-08-10",8,9,NULL,NULL,NULL,NULL
"fnjcx1j3","547f0bbb","9f390fc12","Normal 24 Onz",NULL,"e114aa93",NULL,"unidad",8,"2024-12-23 08:51:00","2024-12-23",4,4,NULL,NULL,NULL,NULL
"fnpxpyij","6fd784f5","9f390fc16","Normal 12 Onz Sin licor",NULL,"a4190f21",NULL,"unidad",50,"2025-05-14 23:01:00","2025-05-14",27,23,NULL,40,NULL,NULL
"fnr3xp7g","1721566e","9f390fc16","Normal 12 Onz Sin licor",NULL,"a4190f21",NULL,"unidad",124,"2025-07-13 19:14:42","2025-07-13",3,121,NULL,20,NULL,NULL
"fpsp5wzg","675767ca","9f390fc11","Normal 16 Onz",NULL,"feb4c064",NULL,"unidad",20,"2025-09-24 22:45:33","2025-09-24",16,4,NULL,NULL,NULL,NULL
"fqgd5t5g","4d805e8a","9c172aed","Paquete de fruta con Precio",NULL,"c6434dc7",NULL,"unidad",0,"2025-06-30 18:49:03","2025-06-30",0,0,NULL,NULL,NULL,NULL
"fqofqzxu","ca4d1dcc","9f390fc11","Normal 16 Onz",NULL,"feb4c064",NULL,"unidad",31,"2025-09-07 00:16:05","2025-09-06",7,24,NULL,20,NULL,NULL
"frp3c7xf","877c746c","9f390fc11","Normal 16 Onz",NULL,"feb4c064",NULL,"unidad",3,"2025-04-06 18:32:05","2025-04-06",0,3,NULL,NULL,NULL,NULL
"fs8vmicc","5d889f7b","a827d17a","Chivas Regal",NULL,"8979ada5",NULL,"unidad",2,"2025-08-30 18:26:49","2025-08-30",2,0,NULL,NULL,NULL,NULL
"fsfrmoph","b793b01f","9f390fc13","Cremoso 13 Onz",NULL,"78b8732a",NULL,"unidad",7,"2025-02-22 00:20:28","2025-02-21",2,5,NULL,NULL,NULL,NULL
"fsiwb7ah","b80106c3","b5a797f3","Adicional de gomas",NULL,"1f077d1a",NULL,"unidad",14,"2025-08-08 20:10:26","2025-08-08",13,1,NULL,NULL,NULL,NULL
"ft1017ae","b474a5ad","9f390fc12","Normal 24 Onz",NULL,"e114aa93",NULL,"unidad",34,"2025-10-11 23:13:32","2025-10-11",19,15,NULL,20,NULL,NULL
"ft16vvs7","01c126e3","9f390fc12","Normal 24 Onz",NULL,"e114aa93",NULL,"unidad",5,"2024-12-10 08:10:57","2024-12-10",4,1,NULL,NULL,NULL,NULL
"ftiqctor","c7ace635","9f390fc11","Normal 16 Onz",NULL,"feb4c064",NULL,"unidad",19,"2025-06-21 00:03:43","2025-06-20",8,11,NULL,NULL,NULL,NULL
"fu35ed74","1d6c5003","9f390fc10","Normal 12 Onz",NULL,"a4190f21",NULL,"unidad",35,"2024-11-14 13:33:11","2024-11-14",11,24,NULL,30,NULL,NULL
"fvdhgnli","2f43739d","9f390fc10","Normal 12 Onz",NULL,"a4190f21",NULL,"unidad",47,"2025-05-08 22:47:33","2025-05-08",13,34,NULL,40,NULL,NULL
"fwp4nmyh","dda8830d","9f390fc16","Normal 12 Onz Sin licor",NULL,"a4190f21",NULL,"unidad",43,"2025-03-22 00:35:58","2025-03-21",18,25,NULL,-1,NULL,NULL
"fxo5k9n2","979f652e","c9349148","Paquete de fruta $0",NULL,"c6434dc7",NULL,"unidad",21,"2025-08-23 22:04:17","2025-08-23",0,21,NULL,21,NULL,NULL
"fy1mec1r","c7bde486","9f390fc12","Normal 24 Onz",NULL,"e114aa93",NULL,"unidad",7,"2025-06-18 22:39:47","2025-06-18",4,3,NULL,NULL,NULL,NULL
"fy4a22bz","c48b91eb","9f390fc13","Cremoso 13 Onz",NULL,"78b8732a",NULL,"unidad",8,"2024-11-24 14:36:54","2024-11-24",8,0,NULL,NULL,NULL,NULL
"fykt4few","75a6265b","e852ea91","Tapas domicilio",NULL,"f4e7a67f",NULL,"unidad",16,"2025-12-30 23:05:54","2025-12-30",4,12,NULL,NULL,NULL,NULL
"fzqc4nnq","f790a8b4","9f390fc11","Normal 16 Onz",NULL,"feb4c064",NULL,"unidad",11,"2025-06-29 17:48:14","2025-06-29",7,4,NULL,-2,NULL,NULL
"g17l1z61","423d64de","9c172aed","Paquete de fruta con Precio",NULL,"c6434dc7",NULL,"unidad",0,"2026-01-02 22:00:21","2026-01-02",0,0,NULL,NULL,NULL,NULL
"g26evlnc","d234629c","c9349148","Paquete de fruta $0",NULL,"c6434dc7",NULL,"unidad",24,"2026-01-11 16:28:19","2026-01-11",4,20,NULL,23,NULL,NULL
"g2myxzdf","2b48c12f","9f390fc13","Cremoso 13 Onz",NULL,"78b8732a",NULL,"unidad",15,"2025-05-11 17:40:38","2025-05-11",15,0,NULL,NULL,NULL,NULL
"g4axvcli","515560fc","9f390fc10","Normal 12 Onz",NULL,"a4190f21",NULL,"unidad",72,"2025-11-23 19:06:36","2025-11-23",12,60,NULL,20,NULL,NULL
"g4j14jbq","8c500593","9f390fc10","Normal 12 Onz",NULL,"a4190f21",NULL,"unidad",36,"2024-11-28 15:51:53","2024-11-28",7,29,NULL,30,NULL,NULL
"g4sj55k9","2b48c12f","9f390fc12","Normal 24 Onz",NULL,"e114aa93",NULL,"unidad",14,"2025-05-11 18:36:51","2025-05-11",10,4,NULL,NULL,NULL,NULL
"g5x35okb","9fa561e1","9f390fc16","Normal 12 Onz Sin licor",NULL,"a4190f21",NULL,"unidad",40,"2024-12-27 10:09:06","2024-12-26",14,26,NULL,40,NULL,NULL
"g6dkjjtw","f42df9be","9f390fc16","Normal 12 Onz Sin licor",NULL,"a4190f21",NULL,"unidad",64,"2025-09-04 23:18:55","2025-09-04",15,49,NULL,20,NULL,NULL
"g6psg8p9","56c0d800","b5a797f3","Adicional de gomas",NULL,"1f077d1a",NULL,"unidad",15,"2025-10-18 23:23:24","2025-10-18",6,9,NULL,NULL,NULL,NULL
"g79rcsi9","d129f99f","9c172aed","Paquete de fruta con Precio",NULL,"c6434dc7",NULL,"unidad",0,"2025-08-03 18:12:47","2025-08-03",0,0,NULL,NULL,NULL,NULL
"g7vwqmht","1b9b667f","9f390fc12","Normal 24 Onz",NULL,"e114aa93",NULL,"unidad",23,"2025-12-11 22:52:52","2025-12-11",15,8,NULL,20,NULL,NULL
"g7x48dp5","6fd784f5","9f390fc10","Normal 12 Onz",NULL,"a4190f21",NULL,"unidad",40,"2025-05-14 23:00:22","2025-05-14",4,36,NULL,40,NULL,NULL
"g9jdzhnd","f3c33a45","9f390fc16","Normal 12 Onz Sin licor",NULL,"a4190f21",NULL,"unidad",70,"2025-01-11 07:25:07","2025-01-10",19,51,NULL,20,NULL,NULL
"gala8ebl","423d64de","9f390fc12","Normal 24 Onz",NULL,"e114aa93",NULL,"unidad",18,"2026-01-02 21:59:06","2026-01-02",12,6,NULL,NULL,NULL,NULL
"gar6wcqn","26fbbbb5","c9349148","Paquete de fruta $0",NULL,"c6434dc7",NULL,"unidad",24,"2025-09-19 22:44:24","2025-09-19",0,24,NULL,24,NULL,NULL
"gcfhi5re","8d950448","b5a797f3","Adicional de gomas",NULL,"1f077d1a",NULL,"unidad",5,"2025-12-31 19:56:25","2025-12-31",4,1,NULL,NULL,NULL,NULL
"gd5y0myx","3dad02c7","9f390fc10","Normal 12 Onz",NULL,"a4190f21",NULL,"unidad",69,"2025-07-27 19:33:13","2025-07-27",21,48,NULL,20,NULL,NULL
"gex463u0","8557c12a","9f390fc16","Normal 12 Onz Sin licor",NULL,"a4190f21",NULL,"unidad",69,"2025-05-29 23:05:01","2025-05-29",18,51,NULL,20,NULL,NULL
"gf1dcq9s","37ee9340","9c172aed","Paquete de fruta con Precio",NULL,"c6434dc7",NULL,"unidad",0,"2025-09-11 22:38:02","2025-09-11",0,0,NULL,NULL,NULL,NULL
"gf6krd1q","aff24750","9f390fc16","Normal 12 Onz Sin licor",NULL,"a4190f21",NULL,"unidad",183,"2025-12-07 01:14:20","2025-12-06",32,151,NULL,1,NULL,NULL
"gg581hqg","3ca4a1ff","8a734bcd","Shot de tequila",NULL,"bd785ddb",NULL,"unidad",4,"2024-11-20 14:09:36","2024-11-20",1,3,NULL,NULL,NULL,NULL
"ggehe3ee","4469b40c","9f390fc10","Normal 12 Onz",NULL,"a4190f21",NULL,"unidad",119,"2025-12-13 00:01:18","2025-12-12",11,108,NULL,19,NULL,NULL
"ghuqav2u","5ccade86","e852ea91","Tapas domicilio",NULL,"f4e7a67f",NULL,"unidad",8,"2025-12-21 18:25:40","2025-12-21",2,6,NULL,NULL,NULL,NULL
"ghzjw2fv","56b60f94","9c172aed","Paquete de fruta con Precio",NULL,"c6434dc7",NULL,"unidad",0,"2025-08-29 23:41:30","2025-08-29",0,0,NULL,NULL,NULL,NULL
"gijn8gaf","b1f0473a","9f390fc16","Normal 12 Onz Sin licor",NULL,"a4190f21",NULL,"unidad",36,"2024-12-11 15:33:23","2024-12-11",25,11,NULL,30,NULL,NULL
"gjdqtcj5","122ae512","9f390fc10","Normal 12 Onz",NULL,"a4190f21",NULL,"unidad",73,"2025-09-14 18:57:11","2025-09-14",17,56,NULL,NULL,NULL,NULL
"gkr5cmtb","64d49f15","9f390fc12","Normal 24 Onz",NULL,"e114aa93",NULL,"unidad",27,"2025-04-25 22:12:12","2025-04-25",20,7,NULL,20,NULL,NULL
"gm5nrega","6fd784f5","9f390fc12","Normal 24 Onz",NULL,"e114aa93",NULL,"unidad",10,"2025-05-14 22:00:32","2025-05-14",3,7,NULL,NULL,NULL,NULL
"gm82x2bq","5c2255ff","c9349148","Paquete de fruta $0",NULL,"c6434dc7",NULL,"unidad",13,"2025-12-25 23:00:10","2025-12-25",0,13,NULL,13,NULL,NULL
"gmfbnce3","b0f6e0de","29ab6c8a","Absolut",NULL,"f6fdf4d1",NULL,"unidad",3,"2025-08-15 18:32:52","2025-08-15",3,0,NULL,NULL,NULL,NULL
"gn0aw6li","9382c03a","8a734bcd","Shot de tequila",NULL,"bd785ddb",NULL,"unidad",0,"2025-02-19 22:59:57","2025-02-19",0,0,NULL,NULL,NULL,NULL
"gn50sh4i","2a38e321","b5a797f3","Adicional de gomas",NULL,"1f077d1a",NULL,"unidad",11,"2025-09-03 22:34:19","2025-09-03",10,1,NULL,NULL,NULL,NULL
"goca588z","b4aeccc3","9f390fc12","Normal 24 Onz",NULL,"e114aa93",NULL,"unidad",16,"2024-11-16 10:18:01","2024-11-16",8,8,NULL,NULL,NULL,NULL
"gogym2y4","ac35ccea","9c172aed","Paquete de fruta con Precio",NULL,"c6434dc7",NULL,"unidad",0,"2025-08-13 22:46:58","2025-08-13",0,0,NULL,NULL,NULL,NULL
"gomgfnbr","b366009a","8a734bcd","Shot de tequila",NULL,"bd785ddb",NULL,"unidad",12,"2024-11-30 12:18:55","2024-11-30",4,8,NULL,12,NULL,NULL
"gp7gtx8m","c848385b","9f390fc10","Normal 12 Onz",NULL,"a4190f21",NULL,"unidad",80,"2025-12-15 23:04:20","2025-12-15",30,50,NULL,80,NULL,NULL
"gpmvkt5d","bee9eb90","9f390fc11","Normal 16 Onz",NULL,"feb4c064",NULL,"unidad",45,"2025-09-14 00:49:59","2025-09-13",15,30,NULL,20,NULL,NULL
"gpnh1h5c","f5ac98d3","b5a797f3","Adicional de gomas",NULL,"1f077d1a",NULL,"unidad",13,"2025-08-31 18:58:22","2025-08-31",11,2,NULL,NULL,NULL,NULL
"gqg321wi","c7ace635","9f390fc10","Normal 12 Onz",NULL,"a4190f21",NULL,"unidad",82,"2025-06-21 00:04:57","2025-06-20",3,79,NULL,2,NULL,NULL
"gqs8t7cg","efbb6c71","b5a797f3","Adicional de gomas",NULL,"1f077d1a",NULL,"unidad",5,"2026-04-30 16:56:44","2026-04-30",NULL,5,NULL,4,NULL,NULL
"grbvzgcu","70e7cd80","9f390fc16","Normal 12 Onz Sin licor",NULL,"a4190f21",NULL,"unidad",210,"2025-12-28 18:57:03","2025-12-28",4,206,NULL,160,NULL,NULL
"grekuqpm","1b9b667f","e852ea91","Tapas domicilio",NULL,"f4e7a67f",NULL,"unidad",20,"2025-12-11 22:53:59","2025-12-11",16,4,NULL,20,NULL,NULL
"grewqg18","cc4de389","9f390fc16","Normal 12 Onz Sin licor",NULL,"a4190f21",NULL,"unidad",48,"2025-02-01 00:05:14","2025-01-31",13,35,NULL,30,NULL,NULL
"grpd2owp","6e22e915","9f390fc13","Cremoso 13 Onz",NULL,"78b8732a",NULL,"unidad",21,"2025-05-09 23:36:09","2025-05-09",15,6,NULL,NULL,NULL,NULL
"gs0hyqjh","1299650a","8a734bcd","Shot de tequila",NULL,"bd785ddb",NULL,"unidad",13,"2024-12-08 10:55:51","2024-12-08",5,8,NULL,NULL,NULL,NULL
"gs634z5d","092ff74b","9f390fc10","Normal 12 Onz",NULL,"a4190f21",NULL,"unidad",52,"2025-11-26 22:58:30","2025-11-26",9,43,NULL,20,NULL,NULL
"gsqie3fz","02c8d138","9f390fc16","Normal 12 Onz Sin licor",NULL,"a4190f21",NULL,"unidad",52,"2025-06-05 22:53:12","2025-06-05",19,33,NULL,20,NULL,NULL
"gtgomiub","1721566e","9c172aed","Paquete de fruta con Precio",NULL,"c6434dc7",NULL,"unidad",0,"2025-07-13 17:34:12","2025-07-13",0,0,NULL,NULL,NULL,NULL
"gw7lkdaw","14833500","c9349148","Paquete de fruta $0",NULL,"c6434dc7",NULL,"unidad",22,"2025-07-20 19:24:05","2025-07-20",0,22,NULL,22,NULL,NULL
"gx95003n","a66ada52","9f390fc16","Normal 12 Onz Sin licor",NULL,"a4190f21",NULL,"unidad",38,"2025-01-17 10:15:59","2025-01-16",19,19,NULL,30,NULL,NULL
"gxymqn9t","2a38e321","9f390fc16","Normal 12 Onz Sin licor",NULL,"a4190f21",NULL,"unidad",41,"2025-09-03 22:51:50","2025-09-03",4,37,NULL,40,NULL,NULL
"gyateq7v","96457b06","e852ea91","Tapas domicilio",NULL,"f4e7a67f",NULL,"unidad",10,"2025-11-17 19:04:41","2025-11-17",3,7,NULL,NULL,NULL,NULL
"gydoms98","8d950448","9f390fc10","Normal 12 Onz",NULL,"a4190f21",NULL,"unidad",151,"2025-12-31 20:05:14","2025-12-31",31,120,NULL,140,NULL,NULL
"gz38l664","788bd240","c9349148","Paquete de fruta $0",NULL,"c6434dc7",NULL,"unidad",30,"2025-07-12 23:50:23","2025-07-12",0,30,NULL,25,NULL,NULL
"h05p0yxf","2855d2bf","9c172aed","Paquete de fruta con Precio",NULL,"c6434dc7",NULL,"unidad",1,"2025-05-30 23:38:45","2025-05-30",0,1,NULL,NULL,NULL,NULL
"h06vlucm","360826f0","9f390fc12","Normal 24 Onz",NULL,"e114aa93",NULL,"unidad",19,"2025-07-03 22:42:36","2025-07-03",16,3,NULL,NULL,NULL,NULL
"h0lnw9d9","99a2dcf5","9f390fc11","Normal 16 Onz",NULL,"feb4c064",NULL,"unidad",0,"2025-03-28 18:31:40","2025-03-28",0,0,NULL,NULL,NULL,NULL
"h0rg3dyh","d234629c","b5a797f3","Adicional de gomas",NULL,"1f077d1a",NULL,"unidad",3,"2026-01-11 16:27:41","2026-01-11",1,2,NULL,NULL,NULL,NULL
"h11rxyyk","0f02172c","9f390fc16","Normal 12 Onz Sin licor",NULL,"a4190f21",NULL,"unidad",103,"2025-12-29 23:10:53","2025-12-29",12,91,NULL,20,NULL,NULL
"h128a1bf","1c778322","9f390fc10","Normal 12 Onz",NULL,"a4190f21",NULL,"unidad",114,"2025-05-23 23:57:18","2025-05-23",28,86,NULL,40,NULL,NULL
"h1xgg7wi","05d934a8","c9349148","Paquete de fruta $0",NULL,"c6434dc7",NULL,"unidad",2,"2025-12-16 22:46:19","2025-12-16",2,0,NULL,NULL,NULL,NULL
"h1z0fvrz","fa8f666e","8a734bcd","Shot de tequila",NULL,"bd785ddb",NULL,"unidad",0,"2025-03-06 15:48:25","2025-03-06",0,0,NULL,NULL,NULL,NULL
"h31veg3y","1fd0b958","c9349148","Paquete de fruta $0",NULL,"c6434dc7",NULL,"unidad",17,"2025-08-01 23:51:22","2025-08-01",1,16,NULL,NULL,NULL,NULL
"h3cx2u2w","515560fc","c9349148","Paquete de fruta $0",NULL,"c6434dc7",NULL,"unidad",20,"2025-11-23 18:47:16","2025-11-23",0,20,NULL,1,NULL,NULL
"h3dggson","c832bd6d","9f390fc13","Cremoso 13 Onz",NULL,"78b8732a",NULL,"unidad",34,"2025-02-02 19:21:36","2025-02-02",29,5,NULL,NULL,NULL,NULL
"h44ycqr7","8d950448","8a734bcd","Shot de tequila",NULL,"bd785ddb",NULL,"unidad",1,"2025-12-31 19:56:27","2025-12-31",0,1,NULL,1,NULL,NULL
"h5h0u0yh","8d5054d4","9c172aed","Paquete de fruta con Precio",NULL,"c6434dc7",NULL,"unidad",0,"2025-07-06 18:59:54","2025-07-06",0,0,NULL,NULL,NULL,NULL
"h6tiud8j","7eca950b","9f390fc12","Normal 24 Onz",NULL,"e114aa93",NULL,"unidad",22,"2025-12-21 01:20:53","2025-12-20",0,22,NULL,0,NULL,NULL
"h85cshgg","1fd0b958","9f390fc12","Normal 24 Onz",NULL,"e114aa93",NULL,"unidad",20,"2025-08-01 23:51:41","2025-08-01",11,9,NULL,NULL,NULL,NULL
"h9a0ita5","060e027a","9f390fc16","Normal 12 Onz Sin licor",NULL,"a4190f21",NULL,"unidad",50,"2025-07-31 23:07:59","2025-07-31",1,49,NULL,40,NULL,NULL
"ha2gzb6l","4b147062","9f390fc16","Normal 12 Onz Sin licor",NULL,"a4190f21",NULL,"unidad",104,"2025-11-22 12:15:00","2025-11-21",30,74,NULL,100,NULL,NULL
"hbc873t6","b0f6e0de","b5a797f3","Adicional de gomas",NULL,"1f077d1a",NULL,"unidad",7,"2025-08-15 18:32:44","2025-08-15",5,2,NULL,NULL,NULL,NULL
"hbirfgvb","404a8aea","c9349148","Paquete de fruta $0",NULL,"c6434dc7",NULL,"unidad",27,"2025-11-01 10:38:50","2025-10-31",0,27,NULL,6,NULL,NULL
"hbxpbh6q","f3abcfde","9f390fc16","Normal 12 Onz Sin licor",NULL,"a4190f21",NULL,"unidad",70,"2024-11-29 09:56:11","2024-11-29",42,28,NULL,30,NULL,NULL
"hcibfptx","8eeae93b","9f390fc13","Cremoso 13 Onz",NULL,"78b8732a",NULL,"unidad",12,"2025-02-23 00:28:26","2025-02-22",2,10,NULL,-3,NULL,NULL
"hcv217tz","c222dea3","9f390fc10","Normal 12 Onz",NULL,"a4190f21",NULL,"unidad",42,"2025-10-09 22:56:50","2025-10-09",1,41,NULL,40,NULL,NULL
"hdzgs2rt","f42df9be","c9349148","Paquete de fruta $0",NULL,"c6434dc7",NULL,"unidad",12,"2025-09-04 23:19:28","2025-09-04",0,12,NULL,11,NULL,NULL
"he9iwwlc","0f02172c","9f390fc10","Normal 12 Onz",NULL,"a4190f21",NULL,"unidad",116,"2025-12-29 23:10:56","2025-12-29",2,114,NULL,1,NULL,NULL
"hf52wibe","79958a29","9f390fc13","Cremoso 13 Onz",NULL,"78b8732a",NULL,"unidad",3,"2024-11-17 14:48:49","2024-11-17",3,0,NULL,NULL,NULL,NULL
"hf5ec7lr","aff24750","b5a797f3","Adicional de gomas",NULL,"1f077d1a",NULL,"unidad",5,"2025-12-07 00:49:57","2025-12-06",1,4,NULL,4,NULL,NULL
"hfeysoor","bd3538d1","b5a797f3","Adicional de gomas",NULL,"1f077d1a",NULL,"unidad",2,"2025-11-09 19:07:43","2025-11-09",1,1,NULL,NULL,NULL,NULL
"hg7m67fl","13c3b71c","9f390fc11","Normal 16 Onz",NULL,"feb4c064",NULL,"unidad",23,"2025-06-07 00:02:50","2025-06-06",6,17,NULL,NULL,NULL,NULL
"hg8txf5m","23fa9273","c9349148","Paquete de fruta $0",NULL,"c6434dc7",NULL,"unidad",0,"2026-01-09 19:17:19","2026-01-09",0,0,NULL,NULL,NULL,NULL
"hhdx4drp","e1ed0f5f","c9349148","Paquete de fruta $0",NULL,"c6434dc7",NULL,"unidad",13,"2025-07-25 17:56:31","2025-07-25",0,13,NULL,NULL,NULL,NULL
"hi6o9q5q","1b9b667f","9c172aed","Paquete de fruta con Precio",NULL,"c6434dc7",NULL,"unidad",0,"2025-12-11 22:54:07","2025-12-11",0,0,NULL,NULL,NULL,NULL
"higl33xb","d4682046","9f390fc11","Normal 16 Onz",NULL,"feb4c064",NULL,"unidad",12,"2025-10-30 22:45:46","2025-10-30",8,4,NULL,NULL,NULL,NULL
"hijyp0sw","8557c12a","9c172aed","Paquete de fruta con Precio",NULL,"c6434dc7",NULL,"unidad",1,"2025-05-29 19:06:01","2025-05-29",0,1,NULL,NULL,NULL,NULL
"hinkc6vh","7344941f","b5a797f3","Adicional de gomas",NULL,"1f077d1a",NULL,"unidad",2,"2025-12-05 19:28:14","2025-12-05",1,1,NULL,NULL,NULL,NULL
"hiw4n7tj","5c2255ff","9f390fc11","Normal 16 Onz",NULL,"feb4c064",NULL,"unidad",12,"2025-12-25 22:31:21","2025-12-25",0,12,NULL,NULL,NULL,NULL
"hjyl60xd","c5b4b7f0","9c172aed","Paquete de fruta con Precio",NULL,"c6434dc7",NULL,"unidad",0,"2025-07-04 18:35:38","2025-07-04",0,0,NULL,NULL,NULL,NULL
"hk6cd55j","122ae512","9f390fc16","Normal 12 Onz Sin licor",NULL,"a4190f21",NULL,"unidad",133,"2025-09-14 18:56:55","2025-09-14",10,123,NULL,20,NULL,NULL
"hkjp5qcp","f72e0685","9f390fc11","Normal 16 Onz",NULL,"feb4c064",NULL,"unidad",28,"2025-06-22 00:41:58","2025-06-21",6,22,NULL,20,NULL,NULL
"hloodvht","41c02110","c9349148","Paquete de fruta $0",NULL,"c6434dc7",NULL,"unidad",19,"2025-09-18 20:28:43","2025-09-18",0,19,NULL,19,NULL,NULL
"hlr41zop","c079dec3","9f390fc12","Normal 24 Onz",NULL,"e114aa93",NULL,"unidad",21,"2025-10-02 21:06:55","2025-10-02",19,2,NULL,20,NULL,NULL
"hlu8gkd3","c3770e2b","9f390fc10","Normal 12 Onz",NULL,"a4190f21",NULL,"unidad",66,"2025-01-18 13:50:47","2025-01-17",15,51,NULL,20,NULL,NULL
"hlxn18ed","ee0db852","9c172aed","Paquete de fruta con Precio",NULL,"c6434dc7",NULL,"unidad",0,"2025-09-27 17:11:53","2025-09-27",0,0,NULL,NULL,NULL,NULL
"hmepvloi","10bb56c9","9c172aed","Paquete de fruta con Precio",NULL,"c6434dc7",NULL,"unidad",1,"2025-06-12 22:52:22","2025-06-12",0,1,NULL,NULL,NULL,NULL
"hmg3pou7","e381d9f1","9f390fc10","Normal 12 Onz",NULL,"a4190f21",NULL,"unidad",115,"2025-11-07 23:56:19","2025-11-07",13,102,NULL,20,NULL,NULL
"hna5bcap","e97ef01f","9c172aed","Paquete de fruta con Precio",NULL,"c6434dc7",NULL,"unidad",0,"2025-10-10 23:48:42","2025-10-10",0,0,NULL,NULL,NULL,NULL
"hp392oyb","b8b05ad2","c9349148","Paquete de fruta $0",NULL,"c6434dc7",NULL,"unidad",26,"2025-12-14 00:09:19","2025-12-13",4,22,NULL,NULL,NULL,NULL
"hppri7f8","cf744f31","9f390fc16","Normal 12 Onz Sin licor",NULL,"a4190f21",NULL,"unidad",164,"2025-08-09 23:46:54","2025-08-09",26,138,NULL,40,NULL,NULL
"hqcjneji","c62e961e","9f390fc12","Normal 24 Onz",NULL,"e114aa93",NULL,"unidad",4,"2025-12-10 22:57:10","2025-12-10",3,1,NULL,NULL,NULL,NULL
"hr02ftvg","6eeadca3","b5a797f3","Adicional de gomas",NULL,"1f077d1a",NULL,"unidad",5,"2025-10-12 19:09:43","2025-10-12",3,2,NULL,NULL,NULL,NULL
"hr4v2gka","7344941f","9f390fc10","Normal 12 Onz",NULL,"a4190f21",NULL,"unidad",114,"2025-12-05 23:47:06","2025-12-05",23,91,NULL,-1,NULL,NULL
"hrezonbx","fe6d6765","c9349148","Paquete de fruta $0",NULL,"c6434dc7",NULL,"unidad",14,"2025-10-08 22:48:15","2025-10-08",0,14,NULL,NULL,NULL,NULL
"hrwzze7x","aac39214","9f390fc12","Normal 24 Onz",NULL,"e114aa93",NULL,"unidad",28,"2025-03-16 00:52:13","2025-03-15",18,10,NULL,20,NULL,NULL
"hrzvugyg","7344941f","9f390fc16","Normal 12 Onz Sin licor",NULL,"a4190f21",NULL,"unidad",89,"2025-12-05 23:53:15","2025-12-05",2,87,NULL,41,NULL,NULL
"htdl2lvx","bbba1b75","9f390fc16","Normal 12 Onz Sin licor",NULL,"a4190f21",NULL,"unidad",86,"2025-11-03 19:09:36","2025-11-03",28,58,NULL,80,NULL,NULL
"htnp2ry4","523002d1","9f390fc16","Normal 12 Onz Sin licor",NULL,"a4190f21",NULL,"unidad",71,"2025-07-24 22:46:17","2025-07-24",40,31,NULL,60,NULL,NULL
"hvtgjcpn","060e027a","9f390fc12","Normal 24 Onz",NULL,"e114aa93",NULL,"unidad",21,"2025-07-31 18:18:40","2025-07-31",20,1,NULL,20,NULL,NULL
"hwicorhx","5b5a0572","8a734bcd","Shot de tequila",NULL,"bd785ddb",NULL,"unidad",0,"2025-01-16 12:52:07","2025-01-15",0,0,NULL,NULL,NULL,NULL
"hws2413s","7992300d","9f390fc16","Normal 12 Onz Sin licor",NULL,"a4190f21",NULL,"unidad",40,"2025-06-11 22:48:17","2025-06-11",15,25,NULL,40,NULL,NULL
"hxz2xow3","7456bf87","9f390fc12","Normal 24 Onz",NULL,"e114aa93",NULL,"unidad",5,"2025-03-27 22:46:53","2025-03-27",2,3,NULL,NULL,NULL,NULL
"hynrqy4p","a41431b5","9c172aed","Paquete de fruta con Precio",NULL,"c6434dc7",NULL,"unidad",0,"2025-07-10 22:16:55","2025-07-10",0,0,NULL,NULL,NULL,NULL
"hz95xwkl","515560fc","9f390fc11","Normal 16 Onz",NULL,"feb4c064",NULL,"unidad",23,"2025-11-23 18:39:21","2025-11-23",14,9,NULL,20,NULL,NULL
"hzp8xkh5","1617ecb8","9f390fc12","Normal 24 Onz",NULL,"e114aa93",NULL,"unidad",31,"2025-08-03 00:41:16","2025-08-02",16,15,NULL,20,NULL,NULL
"hzuzx5pk","f3c33a45","9f390fc10","Normal 12 Onz",NULL,"a4190f21",NULL,"unidad",86,"2025-01-11 09:40:20","2025-01-10",11,75,"1 cremoso",-1,NULL,NULL
"i11egkn3","4a26d336","9f390fc12","Normal 24 Onz",NULL,"e114aa93",NULL,"unidad",0,"2024-12-17 10:02:23","2024-12-17",0,0,NULL,NULL,NULL,NULL
"i1cbt3e7","fe6d6765","9c172aed","Paquete de fruta con Precio",NULL,"c6434dc7",NULL,"unidad",0,"2025-10-08 19:11:45","2025-10-08",0,0,NULL,NULL,NULL,NULL
"i1jzij3d","14833500","9f390fc12","Normal 24 Onz",NULL,"e114aa93",NULL,"unidad",8,"2025-07-20 19:23:16","2025-07-20",7,1,NULL,NULL,NULL,NULL
"i2hbja9l","2519d86b","9f390fc11","Normal 16 Onz",NULL,"feb4c064",NULL,"unidad",13,"2025-11-16 19:03:27","2025-11-16",11,2,NULL,NULL,NULL,NULL
"i2iria3x","f5e946d5","b5a797f3","Adicional de gomas",NULL,"1f077d1a",NULL,"unidad",4,"2025-10-24 22:24:09","2025-10-24",2,2,NULL,NULL,NULL,NULL
"i3lkhc6f","1c778322","9f390fc11","Normal 16 Onz",NULL,"feb4c064",NULL,"unidad",34,"2025-05-23 23:41:53","2025-05-23",20,14,NULL,20,NULL,NULL
"i6e605rp","2a38e321","9f390fc11","Normal 16 Onz",NULL,"feb4c064",NULL,"unidad",32,"2025-09-03 22:35:07","2025-09-03",19,13,NULL,20,NULL,NULL
"i73yylrs","f3abcfde","9f390fc10","Normal 12 Onz",NULL,"a4190f21",NULL,"unidad",67,"2024-11-29 09:56:07","2024-11-29",16,51,NULL,30,NULL,NULL
"i89r9k5o","a41431b5","c9349148","Paquete de fruta $0",NULL,"c6434dc7",NULL,"unidad",27,"2025-07-10 22:55:52","2025-07-10",14,13,NULL,19,NULL,NULL
"i8nh2nnm","2c55d30d","9f390fc10","Normal 12 Onz",NULL,"a4190f21",NULL,"unidad",83,"2025-08-07 22:07:43","2025-08-07",14,69,NULL,20,NULL,NULL
"i94metwf","eb0775cc","9f390fc12","Normal 24 Onz",NULL,"e114aa93",NULL,"unidad",23,"2024-11-23 09:29:43","2024-11-23",13,10,NULL,NULL,NULL,NULL
"i9qolth5","3fa1eb0d","9f390fc16","Normal 12 Onz Sin licor",NULL,"a4190f21",NULL,"unidad",50,"2025-02-28 23:13:03","2025-02-28",11,39,NULL,40,NULL,NULL
"ib2gddgq","41ad3231","9f390fc12","Normal 24 Onz",NULL,"e114aa93",NULL,"unidad",0,"2025-03-30 18:06:00","2025-03-30",0,0,NULL,NULL,NULL,NULL
"ib7tq9zq","d7a8cd0d","b4224687","PROMO cremoso 12 onz",NULL,"78b8732a",NULL,"unidad",27,"2025-02-02 00:00:14","2025-02-01",11,16,NULL,25,NULL,NULL
"ic7znizs","56b60f94","c9349148","Paquete de fruta $0",NULL,"c6434dc7",NULL,"unidad",25,"2025-08-29 23:41:12","2025-08-29",0,25,NULL,25,NULL,NULL
"icte523u","ca4d1dcc","b5a797f3","Adicional de gomas",NULL,"1f077d1a",NULL,"unidad",16,"2025-09-07 00:22:39","2025-09-06",9,7,NULL,9,NULL,NULL
"idsff1ui","a5f903bf","9f390fc12","Normal 24 Onz",NULL,"e114aa93",NULL,"unidad",15,"2025-12-28 01:08:47","2025-12-27",1,14,NULL,NULL,NULL,NULL
"ifchyg9t","2a76948a","c9349148","Paquete de fruta $0",NULL,"c6434dc7",NULL,"unidad",39,"2025-07-20 00:37:54","2025-07-19",1,38,NULL,39,NULL,NULL
"ifed6p7w","bf9a4d4e","9c172aed","Paquete de fruta con Precio",NULL,"c6434dc7",NULL,"unidad",1,"2025-07-17 12:49:59","2025-07-16",0,1,NULL,NULL,NULL,NULL
"ih26m17d","30dd8e5a","9f390fc12","Normal 24 Onz",NULL,"e114aa93",NULL,"unidad",14,"2025-03-02 17:03:44","2025-03-02",10,4,NULL,NULL,NULL,NULL
"ihp9klht","1dda8359","2061a24e","Jack daniels",NULL,"35dbe1bc",NULL,"unidad",0,"2025-08-28 22:43:16","2025-08-28",0,0,NULL,NULL,NULL,NULL
"iih8z3xd","f4ddab07","c9349148","Paquete de fruta $0",NULL,"c6434dc7",NULL,"unidad",26,"2025-06-26 23:08:27","2025-06-26",0,26,NULL,25,NULL,NULL
"ijovu4zw","67987572","9f390fc16","Normal 12 Onz Sin licor",NULL,"a4190f21",NULL,"unidad",183,"2025-10-26 19:14:21","2025-10-26",55,128,NULL,160,NULL,NULL
"ikkjepet","1617ecb8","9f390fc11","Normal 16 Onz",NULL,"feb4c064",NULL,"unidad",29,"2025-08-03 00:41:33","2025-08-02",7,22,NULL,20,NULL,NULL
"il4j68ud","147116cb","9f390fc11","Normal 16 Onz",NULL,"feb4c064",NULL,"unidad",23,"2025-11-28 23:44:15","2025-11-28",1,22,NULL,20,NULL,NULL
"ilcgw1yp","2c217547","9f390fc12","Normal 24 Onz",NULL,"e114aa93",NULL,"unidad",17,"2024-12-01 14:00:32","2024-12-01",17,0,NULL,NULL,NULL,NULL
"ilq5ggzj","ee8872ac","9f390fc16","Normal 12 Onz Sin licor",NULL,"a4190f21",NULL,"unidad",75,"2025-07-09 22:37:33","2025-07-09",27,48,NULL,30,NULL,NULL
"ilsr637k","e007bd4a","b5a797f3","Adicional de gomas",NULL,"1f077d1a",NULL,"unidad",5,"2025-11-22 22:36:56","2025-11-22",1,4,NULL,NULL,NULL,NULL
"inb0v44o","33369702","9f390fc11","Normal 16 Onz",NULL,"feb4c064",NULL,"unidad",20,"2025-05-02 23:34:56","2025-05-02",14,6,NULL,20,NULL,NULL
"ink57myr","a4998b91","9f390fc16","Normal 12 Onz Sin licor",NULL,"a4190f21",NULL,"unidad",58,"2025-01-05 18:57:28","2025-01-04",21,37,NULL,20,NULL,NULL
"ino5nhom","f5e946d5","9f390fc10","Normal 12 Onz",NULL,"a4190f21",NULL,"unidad",84,"2025-10-24 23:50:04","2025-10-24",18,66,NULL,80,NULL,NULL
"io4058m8","4b147062","b5a797f3","Adicional de gomas",NULL,"1f077d1a",NULL,"unidad",7,"2025-11-22 00:05:01","2025-11-21",4,3,NULL,2,NULL,NULL
"io64hpdb","0dca8b7e","9c172aed","Paquete de fruta con Precio",NULL,"c6434dc7",NULL,"unidad",0,"2025-11-14 23:09:16","2025-11-14",0,0,NULL,NULL,NULL,NULL
"ioelgz2j","96eec3c9","9f390fc10","Normal 12 Onz",NULL,"a4190f21",NULL,"unidad",54,"2025-04-23 22:56:03","2025-04-23",22,32,NULL,40,NULL,NULL
"iol90f8j","423d64de","e852ea91","Tapas domicilio",NULL,"f4e7a67f",NULL,"unidad",11,"2026-01-02 21:58:55","2026-01-02",3,8,NULL,NULL,NULL,NULL
"ioofy3vo","b4b512c4","9f390fc16","Normal 12 Onz Sin licor",NULL,"a4190f21",NULL,"unidad",28,"2025-11-06 11:30:23","2025-11-05",11,17,NULL,-1,NULL,NULL
"ipj3z6os","e2721cee","c9349148","Paquete de fruta $0",NULL,"c6434dc7",NULL,"unidad",32,"2025-06-22 20:04:19","2025-06-22",0,32,NULL,30,NULL,NULL
"ipqda8kn","a686bf22","9f390fc12","Normal 24 Onz",NULL,"e114aa93",NULL,"unidad",19,"2025-11-13 22:47:33","2025-11-13",19,0,NULL,NULL,NULL,NULL
"iq9qk8jz","a5f903bf","b5a797f3","Adicional de gomas",NULL,"1f077d1a",NULL,"unidad",5,"2025-12-28 00:39:07","2025-12-27",3,2,NULL,4,NULL,NULL
"iqfbc13y","a78c59e2","9c172aed","Paquete de fruta con Precio",NULL,"c6434dc7",NULL,"unidad",0,"2025-11-19 23:04:08","2025-11-19",0,0,NULL,NULL,NULL,NULL
"iqi5h0av","9a0090b9","9f390fc11","Normal 16 Onz",NULL,"feb4c064",NULL,"unidad",23,"2025-07-17 22:23:01","2025-07-17",15,8,NULL,20,NULL,NULL
"iqqbwqwq","fe6d6765","b5a797f3","Adicional de gomas",NULL,"1f077d1a",NULL,"unidad",10,"2025-10-08 22:57:53","2025-10-08",8,2,NULL,1,NULL,NULL
"ir0vtdjg","bee9eb90","9f390fc16","Normal 12 Onz Sin licor",NULL,"a4190f21",NULL,"unidad",168,"2025-09-14 00:50:03","2025-09-13",33,135,NULL,80,NULL,NULL
"ir1bv243","3dad02c7","9f390fc16","Normal 12 Onz Sin licor",NULL,"a4190f21",NULL,"unidad",153,"2025-07-27 19:32:50","2025-07-27",5,148,NULL,40,NULL,NULL
"irmg0ax9","a052e726","9f390fc10","Normal 12 Onz",NULL,"a4190f21",NULL,"unidad",63,"2025-02-27 23:31:11","2025-02-27",13,50,NULL,20,NULL,NULL
"irsubymq","c079dec3","9f390fc16","Normal 12 Onz Sin licor",NULL,"a4190f21",NULL,"unidad",59,"2025-10-02 22:51:53","2025-10-02",6,53,NULL,40,NULL,NULL
"isw2dtc6","c54c362a","9f390fc16","Normal 12 Onz Sin licor",NULL,"a4190f21",NULL,"unidad",44,"2025-01-02 12:39:09","2024-12-31",19,25,NULL,40,NULL,NULL
"iswx3b4w","80b8da94","9f390fc16","Normal 12 Onz Sin licor",NULL,"a4190f21",NULL,"unidad",56,"2025-02-15 00:34:06","2025-02-14",30,26,NULL,10,NULL,NULL
"ith4wbtt","6ba78bb8","9f390fc10","Normal 12 Onz",NULL,"a4190f21",NULL,"unidad",41,"2025-05-21 22:55:27","2025-05-21",7,34,NULL,20,NULL,NULL
"ivl1yamu","48754b2d","9f390fc16","Normal 12 Onz Sin licor",NULL,"a4190f21",NULL,"unidad",29,"2024-12-16 10:57:05","2024-12-16",13,16,NULL,NULL,NULL,NULL
"ivr9v027","8d5054d4","c9349148","Paquete de fruta $0",NULL,"c6434dc7",NULL,"unidad",25,"2025-07-06 18:59:48","2025-07-06",2,23,NULL,25,NULL,NULL
"ivs13jbn","f31213e2","9f390fc16","Normal 12 Onz Sin licor",NULL,"a4190f21",NULL,"unidad",49,"2024-12-13 11:12:56","2024-12-13",34,15,NULL,30,NULL,NULL
"ivywvl38","40b6e8e7","9f390fc10","Normal 12 Onz",NULL,"a4190f21",NULL,"unidad",167,"2025-04-13 00:53:34","2025-04-12",2,165,NULL,8,NULL,NULL
"iw380430","bee9eb90","b5a797f3","Adicional de gomas",NULL,"1f077d1a",NULL,"unidad",10,"2025-09-13 23:14:29","2025-09-13",8,2,NULL,NULL,NULL,NULL
"iw63dria","2f43739d","9f390fc12","Normal 24 Onz",NULL,"e114aa93",NULL,"unidad",10,"2025-05-08 22:36:13","2025-05-08",9,1,NULL,NULL,NULL,NULL
"iwhmy7ga","df3e49bd","c9349148","Paquete de fruta $0",NULL,"c6434dc7",NULL,"unidad",25,"2025-11-08 22:35:37","2025-11-08",0,25,NULL,NULL,NULL,NULL
"ixvrulwf","a3bae712","8a734bcd","Shot de tequila",NULL,"bd785ddb",NULL,"unidad",0,"2025-02-12 22:45:18","2025-02-12",0,0,NULL,NULL,NULL,NULL
"ixx5ipmu","e2721cee","9f390fc11","Normal 16 Onz",NULL,"feb4c064",NULL,"unidad",26,"2025-06-22 20:04:17","2025-06-22",20,6,NULL,20,NULL,NULL
"ixyhkxgu","9b21bc7b","9f390fc16","Normal 12 Onz Sin licor",NULL,"a4190f21",NULL,"unidad",127,"2026-01-08 22:51:44","2026-01-08",37,90,NULL,80,NULL,NULL
"izbpkkva","3ca4a1ff","9f390fc16","Normal 12 Onz Sin licor",NULL,"a4190f21",NULL,"unidad",34,"2024-11-20 14:09:34","2024-11-20",14,20,NULL,30,NULL,NULL
"izjkkh7d","f3c33a45","9f390fc12","Normal 24 Onz",NULL,"e114aa93",NULL,"unidad",26,"2025-01-11 07:28:59","2025-01-10",20,6,NULL,20,NULL,NULL
"j0emky09","23bcec05","29ab6c8a","Absolut",NULL,"f6fdf4d1",NULL,"unidad",0,"2025-07-02 22:26:05","2025-07-02",0,0,NULL,NULL,NULL,NULL
"j0h4hcip","b3428d88","c9349148","Paquete de fruta $0",NULL,"c6434dc7",NULL,"unidad",27,"2025-06-01 19:35:13","2025-06-01",8,19,NULL,26,NULL,NULL
"j1hj96b1","11f6e930","9f390fc16","Normal 12 Onz Sin licor",NULL,"a4190f21",NULL,"unidad",64,"2024-12-14 13:16:30","2024-12-14",12,52,NULL,30,NULL,NULL
"j3kog4ib","6cf74fb6","9f390fc10","Normal 12 Onz",NULL,"a4190f21",NULL,"unidad",68,"2024-11-22 13:38:12","2024-11-22",7,61,NULL,10,NULL,NULL
"j4ecq9ke","b49f7b00","9f390fc10","Normal 12 Onz",NULL,"a4190f21",NULL,"unidad",77,"2025-08-14 22:57:50","2025-08-14",8,69,NULL,10,NULL,NULL
"j4whbudj","1c82e727","9f390fc16","Normal 12 Onz Sin licor",NULL,"a4190f21",NULL,"unidad",51,"2025-11-06 23:04:42","2025-11-06",12,39,NULL,40,NULL,NULL
"j51tb1i5","1c778322","9f390fc16","Normal 12 Onz Sin licor",NULL,"a4190f21",NULL,"unidad",74,"2025-05-23 23:42:12","2025-05-23",28,46,NULL,60,NULL,NULL
"j55y93l4","d7a8cd0d","9f390fc10","Normal 12 Onz",NULL,"a4190f21",NULL,"unidad",153,"2025-02-01 23:59:53","2025-02-01",18,135,NULL,17,NULL,NULL
"j5r3drv2","95013068","9f390fc12","Normal 24 Onz",NULL,"e114aa93",NULL,"unidad",23,"2025-04-17 22:22:38","2025-04-17",19,4,NULL,20,NULL,NULL
"j5szr1vl","b393d3b2","9c172aed","Paquete de fruta con Precio",NULL,"c6434dc7",NULL,"unidad",10,"2025-05-25 17:49:09","2025-05-25",0,10,NULL,23,NULL,NULL
"j8atnxcx","5cdf6ed6","9f390fc16","Normal 12 Onz Sin licor",NULL,"a4190f21",NULL,"unidad",51,"2025-06-25 23:01:57","2025-06-25",16,35,NULL,40,NULL,NULL
"j8otjl7c","4d9d856a","9f390fc16","Normal 12 Onz Sin licor",NULL,"a4190f21",NULL,"unidad",33,"2025-02-27 22:55:47","2025-02-26",14,19,NULL,30,NULL,NULL
"j910kn1o","b1f0473a","8a734bcd","Shot de tequila",NULL,"bd785ddb",NULL,"unidad",2,"2024-12-11 15:33:24","2024-12-11",1,1,NULL,NULL,NULL,NULL
"j99ha2al","a2ef0041","9f390fc11","Normal 16 Onz",NULL,"feb4c064",NULL,"unidad",23,"2025-08-10 17:43:27","2025-08-10",19,4,NULL,20,NULL,NULL
"jaaush1q","947178b6","9f390fc16","Normal 12 Onz Sin licor",NULL,"a4190f21",NULL,"unidad",103,"2025-02-09 01:07:02","2025-02-08",37,66,NULL,20,NULL,NULL
"jc45b0nm","3fd82ad3","9f390fc12","Normal 24 Onz",NULL,"e114aa93",NULL,"unidad",2,"2025-10-01 22:33:14","2025-10-01",1,1,NULL,NULL,NULL,NULL
"jdlpj5t7","122ae512","9f390fc11","Normal 16 Onz",NULL,"feb4c064",NULL,"unidad",15,"2025-09-14 17:53:41","2025-09-14",10,5,NULL,NULL,NULL,NULL
"jdv9ht7w","b747e509","9f390fc16","Normal 12 Onz Sin licor",NULL,"a4190f21",NULL,"unidad",137,"2025-09-28 19:02:55","2025-09-28",19,118,NULL,20,NULL,NULL
"jflegfyi","77295614","a827d17a","Chivas Regal",NULL,"8979ada5",NULL,"unidad",2,"2025-08-24 18:46:55","2025-08-24",2,0,NULL,NULL,NULL,NULL
"jfnlk806","1a4eb5bc","9f390fc12","Normal 24 Onz",NULL,"e114aa93",NULL,"unidad",17,"2025-01-30 23:08:54","2025-01-30",10,7,NULL,NULL,NULL,NULL
"jhbym4hy","d129f99f","9f390fc11","Normal 16 Onz",NULL,"feb4c064",NULL,"unidad",27,"2025-08-03 19:01:52","2025-08-03",25,2,NULL,20,NULL,NULL
"jhskvszd","ed54ccf7","9f390fc13","Cremoso 13 Onz",NULL,"78b8732a",NULL,"unidad",5,"2024-12-24 14:44:36","2024-12-24",0,5,NULL,NULL,NULL,NULL
"ji62hazz","30f8c655","9f390fc16","Normal 12 Onz Sin licor",NULL,"a4190f21",NULL,"unidad",67,"2025-05-22 23:04:05","2025-05-22",14,53,NULL,2,NULL,NULL
"jitgkrvv","8eeae93b","9f390fc12","Normal 24 Onz",NULL,"e114aa93",NULL,"unidad",20,"2025-02-22 23:33:48","2025-02-22",10,10,NULL,20,NULL,NULL
"jj4t1ooo","bc824e15","9f390fc12","Normal 24 Onz",NULL,"e114aa93",NULL,"unidad",19,"2025-01-10 09:27:41","2025-01-09",6,13,NULL,NULL,NULL,NULL
"jkddjq7k","1fbc7b32","9f390fc11","Normal 16 Onz",NULL,"feb4c064",NULL,"unidad",9,"2025-06-04 21:58:18","2025-06-04",3,6,NULL,NULL,NULL,NULL
"jkuqveza","b58f7426","9f390fc16","Normal 12 Onz Sin licor",NULL,"a4190f21",NULL,"unidad",178,"2025-12-27 00:01:51","2025-12-26",15,163,NULL,120,NULL,NULL
"jlc6ivng","50934300","8a734bcd","Shot de tequila",NULL,"bd785ddb",NULL,"unidad",13,"2024-11-06 10:29:13","2024-11-06",10,3,NULL,NULL,NULL,NULL
"jlfw1g1a","c7bde486","9f390fc11","Normal 16 Onz",NULL,"feb4c064",NULL,"unidad",10,"2025-06-18 22:32:10","2025-06-18",9,1,NULL,NULL,NULL,NULL
"jm1y842u","ef8b894e","9f390fc16","Normal 12 Onz Sin licor",NULL,"a4190f21",NULL,"unidad",74,"2025-06-23 19:43:59","2025-06-23",11,63,NULL,40,NULL,NULL
"jnpnj3ps","c4493a67","9f390fc10","Normal 12 Onz",NULL,"a4190f21",NULL,"unidad",35,"2025-03-21 00:05:58","2025-03-20",2,33,NULL,-5,NULL,NULL
"jp3pxvpe","a41431b5","9f390fc11","Normal 16 Onz",NULL,"feb4c064",NULL,"unidad",11,"2025-07-10 22:16:43","2025-07-10",3,8,NULL,NULL,NULL,NULL
"jpdy066h","e381d9f1","9f390fc12","Normal 24 Onz",NULL,"e114aa93",NULL,"unidad",17,"2025-11-07 23:39:04","2025-11-07",14,3,NULL,20,NULL,NULL
"jr19wapf","877c746c","9f390fc16","Normal 12 Onz Sin licor",NULL,"a4190f21",NULL,"unidad",65,"2025-04-06 18:58:12","2025-04-06",16,49,NULL,20,NULL,NULL
"jrduh7bv","16843c37","9c172aed","Paquete de fruta con Precio",NULL,"c6434dc7",NULL,"unidad",0,"2025-09-10 18:41:02","2025-09-10",0,0,NULL,NULL,NULL,NULL
"jsar0kmm","eba6c87b","c9349148","Paquete de fruta $0",NULL,"c6434dc7",NULL,"unidad",24,"2025-12-23 23:17:35","2025-12-23",0,24,NULL,24,NULL,NULL
"jsy33xtp","67fcb676","9f390fc16","Normal 12 Onz Sin licor",NULL,"a4190f21",NULL,"unidad",149,"2026-01-06 21:25:21","2026-01-06",79,70,NULL,120,NULL,NULL
"jt81p8n0","06d99d55","9f390fc11","Normal 16 Onz",NULL,"feb4c064",NULL,"unidad",0,"2025-03-24 16:32:33","2025-03-24",0,0,NULL,NULL,NULL,NULL
"jtrwp1hp","9382c03a","9f390fc16","Normal 12 Onz Sin licor",NULL,"a4190f21",NULL,"unidad",43,"2025-02-19 22:59:25","2025-02-19",18,25,NULL,20,NULL,NULL
"jv56n9qj","4d9d856a","8a734bcd","Shot de tequila",NULL,"bd785ddb",NULL,"unidad",0,"2025-02-26 23:25:32","2025-02-26",0,0,NULL,NULL,NULL,NULL
"jv7xq3ja","2a76948a","9c172aed","Paquete de fruta con Precio",NULL,"c6434dc7",NULL,"unidad",0,"2025-07-19 18:20:23","2025-07-19",0,0,NULL,NULL,NULL,NULL
"jvsr4vua","8f0b1d91","9f390fc11","Normal 16 Onz",NULL,"feb4c064",NULL,"unidad",32,"2025-10-04 00:00:11","2025-10-03",17,15,NULL,20,NULL,NULL
"jvx0ples","5584ae3d","9f390fc16","Normal 12 Onz Sin licor",NULL,"a4190f21",NULL,"unidad",52,"2025-08-20 22:59:31","2025-08-20",35,17,NULL,10,NULL,NULL
"jwi0xah3","9279f3d2","c9349148","Paquete de fruta $0",NULL,"c6434dc7",NULL,"unidad",20,"2025-09-20 21:28:12","2025-09-20",0,20,NULL,21,NULL,NULL
"jwqbvxeb","41ad3231","9f390fc10","Normal 12 Onz",NULL,"a4190f21",NULL,"unidad",47,"2025-03-30 19:16:50","2025-03-30",8,39,NULL,10,NULL,NULL
"jxcjn4y3","30f8c655","9f390fc13","Cremoso 13 Onz",NULL,"78b8732a",NULL,"unidad",7,"2025-05-22 18:48:40","2025-05-22",7,0,NULL,NULL,NULL,NULL
"jxuqk3a4","2519d86b","9c172aed","Paquete de fruta con Precio",NULL,"c6434dc7",NULL,"unidad",0,"2025-11-16 19:04:46","2025-11-16",0,0,NULL,NULL,NULL,NULL
"jxz40zr7","33369702","9f390fc12","Normal 24 Onz",NULL,"e114aa93",NULL,"unidad",25,"2025-05-02 23:35:04","2025-05-02",16,9,NULL,20,NULL,NULL
"jydcrxm9","f790a8b4","c9349148","Paquete de fruta $0",NULL,"c6434dc7",NULL,"unidad",31,"2025-06-29 19:04:18","2025-06-29",4,27,NULL,31,NULL,NULL
"jykqp95y","547f0bbb","9f390fc13","Cremoso 13 Onz",NULL,"78b8732a",NULL,"unidad",7,"2024-12-23 08:51:00","2024-12-23",5,2,NULL,NULL,NULL,NULL
"jyppto7r","05d934a8","9f390fc16","Normal 12 Onz Sin licor",NULL,"a4190f21",NULL,"unidad",96,"2025-12-16 22:46:11","2025-12-16",15,81,NULL,20,NULL,NULL
"jzdviq59","f810a077","9f390fc12","Normal 24 Onz",NULL,"e114aa93",NULL,"unidad",6,"2025-02-09 18:34:41","2025-02-09",4,2,NULL,NULL,NULL,NULL
"jzitt3jz","c848385b","9f390fc12","Normal 24 Onz",NULL,"e114aa93",NULL,"unidad",18,"2025-12-15 23:06:36","2025-12-15",16,2,NULL,NULL,NULL,NULL
"k06xrqm0","c7d0b6ac","9c172aed","Paquete de fruta con Precio",NULL,"c6434dc7",NULL,"unidad",0,"2025-08-17 19:08:23","2025-08-17",0,0,NULL,NULL,NULL,NULL
"k0l313ip","ed54ccf7","8a734bcd","Shot de tequila",NULL,"bd785ddb",NULL,"unidad",4,"2024-12-24 14:44:35","2024-12-24",2,2,NULL,NULL,NULL,NULL
"k1q6s2sj","1fbc7b32","9f390fc12","Normal 24 Onz",NULL,"e114aa93",NULL,"unidad",8,"2025-06-04 21:59:30","2025-06-04",5,3,NULL,NULL,NULL,NULL
"k1r8cmlu","5e8dd76a","9f390fc12","Normal 24 Onz",NULL,"e114aa93",NULL,"unidad",16,"2025-06-29 00:55:43","2025-06-28",5,11,NULL,NULL,NULL,NULL
"k2yay8y4","cb371b4b","b5a797f3","Adicional de gomas",NULL,"1f077d1a",NULL,"unidad",4,"2025-12-18 23:13:00","2025-12-18",2,2,NULL,NULL,NULL,NULL
"k325rl3y","dbec468e","29ab6c8a","Absolut",NULL,"f6fdf4d1",NULL,"unidad",0,"2025-06-27 18:31:27","2025-06-27",0,0,NULL,NULL,NULL,NULL
"k38rk45l","ac2c5559","c9349148","Paquete de fruta $0",NULL,"c6434dc7",NULL,"unidad",15,"2025-12-24 21:16:09","2025-12-24",0,15,NULL,15,NULL,NULL
"k4dn9r5p","4f774db7","9f390fc16","Normal 12 Onz Sin licor",NULL,"a4190f21",NULL,"unidad",158,"2026-01-08 15:34:22","2026-01-07",47,111,NULL,80,NULL,NULL
"k4hw9rqb","9c8b0183","9f390fc16","Normal 12 Onz Sin licor",NULL,"a4190f21",NULL,"unidad",34,"2024-12-21 09:54:47","2024-12-21",11,23,NULL,NULL,NULL,NULL
"k4tfhhgb","d8ec1bc3","9f390fc13","Cremoso 13 Onz",NULL,"78b8732a",NULL,"unidad",22,"2025-02-16 00:47:48","2025-02-15",15,7,NULL,NULL,NULL,NULL
"k4xta3wg","c9484a09","b5a797f3","Adicional de gomas",NULL,"1f077d1a",NULL,"unidad",10,"2025-10-05 18:02:22","2025-10-05",9,1,NULL,NULL,NULL,NULL
"k5bqzswn","bfd0143e","b5a797f3","Adicional de gomas",NULL,"1f077d1a",NULL,"unidad",3,"2025-10-16 20:49:31","2025-10-16",3,0,NULL,NULL,NULL,NULL
"k68gmkoc","032ea435","9f390fc16","Normal 12 Onz Sin licor",NULL,"a4190f21",NULL,"unidad",78,"2025-12-23 10:24:48","2025-12-22",8,70,NULL,-2,NULL,NULL
"k6eohn59","8dae1e80","c9349148","Paquete de fruta $0",NULL,"c6434dc7",NULL,"unidad",15,"2025-10-29 22:56:04","2025-10-29",8,7,NULL,NULL,NULL,NULL
"k73iwq5k","7c6eacc2","9f390fc12","Normal 24 Onz",NULL,"e114aa93",NULL,"unidad",6,"2025-01-19 16:52:27","2025-01-19",1,5,NULL,NULL,NULL,NULL
"k77gh65o","c5b4b7f0","9f390fc11","Normal 16 Onz",NULL,"feb4c064",NULL,"unidad",17,"2025-07-04 23:57:55","2025-07-04",11,6,NULL,NULL,NULL,NULL
"k7edf3g8","85ffae5e","9f390fc12","Normal 24 Onz",NULL,"e114aa93",NULL,"unidad",16,"2025-01-24 13:31:49","2025-01-23",10,6,NULL,NULL,NULL,NULL
"k8tyjjbh","c123671b","8a734bcd","Shot de tequila",NULL,"bd785ddb",NULL,"unidad",0,"2025-02-23 16:37:49","2025-02-23",0,0,NULL,NULL,NULL,NULL
"k9uhfc1k","b4b512c4","c9349148","Paquete de fruta $0",NULL,"c6434dc7",NULL,"unidad",16,"2025-11-05 22:52:55","2025-11-05",10,6,NULL,NULL,NULL,NULL
"ka2ifo1a","4d9d856a","9f390fc12","Normal 24 Onz",NULL,"e114aa93",NULL,"unidad",8,"2025-02-27 22:55:54","2025-02-26",5,3,NULL,NULL,NULL,NULL
"kam3kd0a","ca4d1dcc","9c172aed","Paquete de fruta con Precio",NULL,"c6434dc7",NULL,"unidad",0,"2025-09-06 18:13:06","2025-09-06",0,0,NULL,NULL,NULL,NULL
"kapixfkj","c9484a09","9f390fc16","Normal 12 Onz Sin licor",NULL,"a4190f21",NULL,"unidad",167,"2025-10-05 19:36:12","2025-10-05",41,126,NULL,80,NULL,NULL
"kaqj6mv2","fb680441","9f390fc16","Normal 12 Onz Sin licor",NULL,"a4190f21",NULL,"unidad",49,"2025-01-04 10:35:58","2025-01-03",38,11,NULL,30,NULL,NULL
"kbournz2","5cdf6ed6","9f390fc10","Normal 12 Onz",NULL,"a4190f21",NULL,"unidad",60,"2025-06-25 23:01:33","2025-06-25",14,46,NULL,60,NULL,NULL
"ke21mmol","8d950448","9f390fc11","Normal 16 Onz",NULL,"feb4c064",NULL,"unidad",0,"2025-12-31 19:56:31","2025-12-31",0,0,NULL,NULL,NULL,NULL
"ke2w6p2z","b50518ef","9f390fc12","Normal 24 Onz",NULL,"e114aa93",NULL,"unidad",7,"2025-11-02 18:46:25","2025-11-02",4,3,NULL,NULL,NULL,NULL
"kfpo77vc","21ecc0ec","9f390fc11","Normal 16 Onz",NULL,"feb4c064",NULL,"unidad",39,"2025-07-27 00:38:36","2025-07-26",18,21,NULL,20,NULL,NULL
"kgrwsewk","ee8872ac","9c172aed","Paquete de fruta con Precio",NULL,"c6434dc7",NULL,"unidad",0,"2025-07-09 22:37:48","2025-07-09",0,0,NULL,NULL,NULL,NULL
"khqbbn0b","b3428d88","9f390fc12","Normal 24 Onz",NULL,"e114aa93",NULL,"unidad",15,"2025-06-01 18:17:06","2025-06-01",11,4,NULL,NULL,NULL,NULL
"ki2rpqez","fa9465ed","9f390fc11","Normal 16 Onz",NULL,"feb4c064",NULL,"unidad",5,"2025-04-13 18:40:46","2025-04-13",0,5,NULL,NULL,NULL,NULL
"kiu5uakk","1a4eb5bc","8a734bcd","Shot de tequila",NULL,"bd785ddb",NULL,"unidad",0,"2025-01-30 23:10:03","2025-01-30",0,0,NULL,NULL,NULL,NULL
"kj0nfrci","50934300","9f390fc12","Normal 24 Onz",NULL,"e114aa93",NULL,"unidad",13,"2024-11-06 10:29:11","2024-11-06",13,0,NULL,NULL,NULL,NULL
"kjltkjhc","9da2f23e","9c172aed","Paquete de fruta con Precio",NULL,"c6434dc7",NULL,"unidad",0,"2025-06-04 13:12:48","2025-06-02",0,0,NULL,NULL,NULL,NULL
"kkj9j6km","c05a8f51","9f390fc13","Cremoso 13 Onz",NULL,"78b8732a",NULL,"unidad",0,"2024-12-07 14:12:51","2024-12-07",0,0,NULL,NULL,NULL,NULL
"kl1qaaxy","f31213e2","9f390fc10","Normal 12 Onz",NULL,"a4190f21",NULL,"unidad",43,"2024-12-13 11:12:54","2024-12-13",12,31,NULL,30,NULL,NULL
"kl975pi3","bbba1b75","b5a797f3","Adicional de gomas",NULL,"1f077d1a",NULL,"unidad",8,"2025-11-03 19:09:59","2025-11-03",8,0,NULL,NULL,NULL,NULL
"kljv2qcd","423d64de","9f390fc11","Normal 16 Onz",NULL,"feb4c064",NULL,"unidad",0,"2026-01-02 22:00:15","2026-01-02",0,0,NULL,NULL,NULL,NULL
"klpv77ss","9c8b0183","9f390fc13","Cremoso 13 Onz",NULL,"78b8732a",NULL,"unidad",18,"2024-12-21 09:54:49","2024-12-21",13,5,NULL,-2,NULL,NULL
"km36mgly","675767ca","9f390fc12","Normal 24 Onz",NULL,"e114aa93",NULL,"unidad",8,"2025-09-24 22:48:22","2025-09-24",7,1,NULL,NULL,NULL,NULL
"kmnva8o3","9fa561e1","9f390fc10","Normal 12 Onz",NULL,"a4190f21",NULL,"unidad",60,"2024-12-27 10:08:56","2024-12-26",6,54,NULL,20,NULL,NULL
"kmr7weck","05f46cfb","e852ea91","Tapas domicilio",NULL,"f4e7a67f",NULL,"unidad",23,"2026-01-04 21:02:33","2026-01-04",0,23,NULL,NULL,NULL,NULL
"kn5rwj2z","7d889539","9f390fc11","Normal 16 Onz",NULL,"feb4c064",NULL,"unidad",34,"2025-05-04 00:26:09","2025-05-03",10,24,NULL,20,NULL,NULL
"knaxaqlm","036190eb","9f390fc11","Normal 16 Onz",NULL,"feb4c064",NULL,"unidad",16,"2025-09-25 22:51:01","2025-09-25",12,4,NULL,NULL,NULL,NULL
"knhby35g","5512c663","9f390fc16","Normal 12 Onz Sin licor",NULL,"a4190f21",NULL,"unidad",120,"2025-04-20 01:17:31","2025-04-19",22,98,NULL,20,NULL,NULL
"knzzyk9m","a78c672f","9f390fc11","Normal 16 Onz",NULL,"feb4c064",NULL,"unidad",5,"2025-12-04 22:42:07","2025-12-04",0,5,NULL,NULL,NULL,NULL
"kosddykl","33369702","9f390fc16","Normal 12 Onz Sin licor",NULL,"a4190f21",NULL,"unidad",80,"2025-05-02 23:29:54","2025-05-02",21,59,NULL,30,NULL,NULL
"kpfor38t","26fff2ed","9f390fc12","Normal 24 Onz",NULL,"e114aa93",NULL,"unidad",17,"2025-11-30 00:58:12","2025-11-29",9,8,NULL,NULL,NULL,NULL
"kpiw6zzc","7344941f","c9349148","Paquete de fruta $0",NULL,"c6434dc7",NULL,"unidad",29,"2025-12-05 23:47:37","2025-12-05",0,29,NULL,29,NULL,NULL
"kpjrop1g","648572fe","9f390fc10","Normal 12 Onz",NULL,"a4190f21",NULL,"unidad",64,"2025-05-15 22:58:31","2025-05-15",8,56,NULL,20,NULL,NULL
"kqzi2yrp","26fff2ed","c9349148","Paquete de fruta $0",NULL,"c6434dc7",NULL,"unidad",27,"2025-11-30 00:58:27","2025-11-29",0,27,NULL,NULL,NULL,NULL
"kr3u0bok","a5f903bf","9f390fc11","Normal 16 Onz",NULL,"feb4c064",NULL,"unidad",0,"2025-12-27 19:56:04","2025-12-27",0,0,NULL,NULL,NULL,NULL
"ks9g3l22","c5752c48","9f390fc10","Normal 12 Onz",NULL,"a4190f21",NULL,"unidad",68,"2025-04-02 23:46:50","2025-04-02",18,50,NULL,20,NULL,NULL
"ksfx9v99","8b14c831","9f390fc13","Cremoso 13 Onz",NULL,"78b8732a",NULL,"unidad",10,"2024-12-30 23:12:11","2024-12-30",6,4,NULL,NULL,NULL,NULL
"ksghngeq","b393d3b2","9f390fc11","Normal 16 Onz",NULL,"feb4c064",NULL,"unidad",12,"2025-05-25 18:50:00","2025-05-25",11,1,NULL,NULL,NULL,NULL
"kt3iwc97","ee622fc7","9f390fc11","Normal 16 Onz",NULL,"feb4c064",NULL,"unidad",14,"2025-06-15 19:18:54","2025-06-15",10,4,NULL,NULL,NULL,NULL
"ktkpm4v8","7967d72c","9f390fc13","Cremoso 13 Onz",NULL,"78b8732a",NULL,"unidad",8,"2024-11-27 16:59:52","2024-11-27",8,0,NULL,NULL,NULL,NULL
"ku36cf9u","6ebdfa46","8a734bcd","Shot de tequila",NULL,"bd785ddb",NULL,"unidad",0,"2024-12-30 09:21:14","2024-12-29",0,0,NULL,NULL,NULL,NULL
"kuvg48iw","61285ef7","8a734bcd","Shot de tequila",NULL,"bd785ddb",NULL,"unidad",0,"2025-02-07 23:38:07","2025-02-07",0,0,NULL,NULL,NULL,NULL
"kv0wvwtp","0d08c6d8","b5a797f3","Adicional de gomas",NULL,"1f077d1a",NULL,"unidad",1,"2025-12-08 18:07:39","2025-12-08",0,1,NULL,NULL,NULL,NULL
"kv3tzkmf","0f02172c","8a734bcd","Shot de tequila",NULL,"bd785ddb",NULL,"unidad",11,"2025-12-29 23:25:36","2025-12-29",0,11,NULL,NULL,NULL,NULL
"kvl3lf0g","8b14c831","9f390fc10","Normal 12 Onz",NULL,"a4190f21",NULL,"unidad",79,"2024-12-30 23:12:00","2024-12-30",10,69,NULL,20,NULL,NULL
"kvmylvnf","ee622fc7","c9349148","Paquete de fruta $0",NULL,"c6434dc7",NULL,"unidad",11,"2025-06-16 12:45:41","2025-06-15",0,11,NULL,NULL,NULL,NULL
"kwcy4aw6","5e8894ab","3ca2a346","DIA DE LA MUJER LICOR",NULL,"a4190f21",NULL,"unidad",0,"2025-03-08 19:46:57","2025-03-08",0,0,NULL,NULL,NULL,NULL
"kxk862ka","ef8b894e","c9349148","Paquete de fruta $0",NULL,"c6434dc7",NULL,"unidad",17,"2025-06-23 19:03:48","2025-06-23",0,17,NULL,17,NULL,NULL
"kxltx04d","ab130531","9f390fc10","Normal 12 Onz",NULL,"a4190f21",NULL,"unidad",68,"2025-04-30 23:42:39","2025-04-30",15,53,NULL,20,NULL,NULL
"kxny4zny","11f6e930","8a734bcd","Shot de tequila",NULL,"bd785ddb",NULL,"unidad",12,"2024-12-14 13:16:33","2024-12-14",10,2,NULL,NULL,NULL,NULL
"kyfofyef","7c6eacc2","8a734bcd","Shot de tequila",NULL,"bd785ddb",NULL,"unidad",0,"2025-01-19 16:52:15","2025-01-19",0,0,NULL,NULL,NULL,NULL
"kyv5og0c","e381d9f1","9f390fc16","Normal 12 Onz Sin licor",NULL,"a4190f21",NULL,"unidad",92,"2025-11-07 23:44:32","2025-11-07",6,86,NULL,20,NULL,NULL
"kzpw1dco","e368d39b","9f390fc12","Normal 24 Onz",NULL,"e114aa93",NULL,"unidad",10,"2025-03-26 21:23:22","2025-03-26",5,5,NULL,NULL,NULL,NULL
"l0q4xtuw","75a6265b","9c172aed","Paquete de fruta con Precio",NULL,"c6434dc7",NULL,"unidad",0,"2025-12-30 19:37:36","2025-12-30",0,0,NULL,NULL,NULL,NULL
"l13qd27j","648572fe","9f390fc13","Cremoso 13 Onz",NULL,"78b8732a",NULL,"unidad",15,"2025-05-15 21:44:55","2025-05-15",15,0,NULL,NULL,NULL,NULL
"l155at6t","d234629c","9c172aed","Paquete de fruta con Precio",NULL,"c6434dc7",NULL,"unidad",1,"2026-01-11 16:27:33","2026-01-11",0,1,NULL,NULL,NULL,NULL
"l21xnvna","a78c59e2","9f390fc12","Normal 24 Onz",NULL,"e114aa93",NULL,"unidad",3,"2025-11-19 23:03:22","2025-11-19",1,2,NULL,NULL,NULL,NULL
"l25zpfxp","5c2255ff","e852ea91","Tapas domicilio",NULL,"f4e7a67f",NULL,"unidad",18,"2025-12-25 22:31:37","2025-12-25",7,11,NULL,NULL,NULL,NULL
"l2c7rz5o","93e698d1","9f390fc16","Normal 12 Onz Sin licor",NULL,"a4190f21",NULL,"unidad",57,"2025-11-12 22:49:38","2025-11-12",14,43,NULL,40,NULL,NULL
"l2d57doy","fb680441","8a734bcd","Shot de tequila",NULL,"bd785ddb",NULL,"unidad",0,"2025-01-04 10:09:45","2025-01-03",0,0,NULL,NULL,NULL,NULL
"l3ja70rq","ac2c5559","9f390fc11","Normal 16 Onz",NULL,"feb4c064",NULL,"unidad",19,"2025-12-24 21:03:56","2025-12-24",12,7,NULL,NULL,NULL,NULL
"l4es7max","6a0ec7e9","9f390fc13","Cremoso 13 Onz",NULL,"78b8732a",NULL,"unidad",29,"2025-02-05 22:54:48","2025-02-05",29,0,NULL,NULL,NULL,NULL
"l5fbew0y","1617ecb8","9c172aed","Paquete de fruta con Precio",NULL,"c6434dc7",NULL,"unidad",0,"2025-08-02 19:05:34","2025-08-02",0,0,NULL,NULL,NULL,NULL
"l77jui5m","df3e49bd","9f390fc12","Normal 24 Onz",NULL,"e114aa93",NULL,"unidad",14,"2025-11-09 00:54:09","2025-11-08",6,8,NULL,NULL,NULL,NULL
"l7vj9c88","603c0672","9f390fc16","Normal 12 Onz Sin licor",NULL,"a4190f21",NULL,"unidad",44,"2025-05-28 22:33:32","2025-05-28",9,35,NULL,40,NULL,NULL
"l7ytuggr","b366009a","9f390fc10","Normal 12 Onz",NULL,"a4190f21",NULL,"unidad",116,"2024-11-30 12:18:51","2024-11-30",18,98,NULL,40,NULL,NULL
"l8mpi2qh","9da2f23e","9f390fc16","Normal 12 Onz Sin licor",NULL,"a4190f21",NULL,"unidad",88,"2025-06-04 11:21:43","2025-06-02",4,84,NULL,20,NULL,NULL
"l90i2z9e","67987572","9f390fc12","Normal 24 Onz",NULL,"e114aa93",NULL,"unidad",11,"2025-10-26 17:50:15","2025-10-26",9,2,NULL,NULL,NULL,NULL
"la3w41u3","ee67e387","9f390fc13","Cremoso 13 Onz",NULL,"78b8732a",NULL,"unidad",7,"2025-05-18 18:35:19","2025-05-18",7,0,NULL,NULL,NULL,NULL
"laj9dn8v","3d6db953","9f390fc13","Cremoso 13 Onz",NULL,"78b8732a",NULL,"unidad",29,"2025-02-07 10:02:12","2025-02-06",25,4,NULL,NULL,NULL,NULL
"lbo85x7k","1a67e7d8","9f390fc12","Normal 24 Onz",NULL,"e114aa93",NULL,"unidad",6,"2024-11-21 16:42:23","2024-11-21",6,0,NULL,NULL,NULL,NULL
"ld0crrhz","40f13496","9f390fc10","Normal 12 Onz",NULL,"a4190f21",NULL,"unidad",89,"2025-03-23 21:38:08","2025-03-23",4,85,NULL,-10,NULL,NULL
"ldo5ncos","f42df9be","9f390fc11","Normal 16 Onz",NULL,"feb4c064",NULL,"unidad",19,"2025-09-04 18:50:45","2025-09-04",17,2,NULL,NULL,NULL,NULL
"ldxmhg2w","c079dec3","c9349148","Paquete de fruta $0",NULL,"c6434dc7",NULL,"unidad",9,"2025-10-02 21:12:38","2025-10-02",0,9,NULL,6,NULL,NULL
"le1co6wz","3fa1eb0d","9f390fc10","Normal 12 Onz",NULL,"a4190f21",NULL,"unidad",90,"2025-03-01 00:00:49","2025-02-28",18,72,NULL,20,NULL,NULL
"lelk6z3a","40467525","9f390fc16","Normal 12 Onz Sin licor",NULL,"a4190f21",NULL,"unidad",122,"2025-05-25 14:38:46","2025-05-24",14,108,NULL,-6,NULL,NULL
"lfvzcyo2","8b14c831","8a734bcd","Shot de tequila",NULL,"bd785ddb",NULL,"unidad",0,"2024-12-30 23:12:03","2024-12-30",0,0,NULL,NULL,NULL,NULL
"lfz83e6y","efbb6c71","e852ea91","Tapas domicilio",NULL,"f4e7a67f",NULL,"unidad",15,"2026-04-30 16:56:23","2026-04-30",NULL,15,NULL,11,NULL,NULL
"lggvoal9","cb371b4b","e852ea91","Tapas domicilio",NULL,"f4e7a67f",NULL,"unidad",20,"2025-12-18 23:00:56","2025-12-18",14,6,NULL,17,NULL,NULL
"lguhjkda","547f0bbb","8a734bcd","Shot de tequila",NULL,"bd785ddb",NULL,"unidad",4,"2024-12-23 08:51:00","2024-12-23",4,0,NULL,NULL,NULL,NULL
"lgvgz112","b67aa975","9f390fc10","Normal 12 Onz",NULL,"a4190f21",NULL,"unidad",54,"2025-04-27 19:21:21","2025-04-27",18,36,NULL,2,NULL,NULL
"lgxgccff","67fcb676","9f390fc12","Normal 24 Onz",NULL,"e114aa93",NULL,"unidad",40,"2026-01-06 21:38:50","2026-01-06",38,2,NULL,20,NULL,NULL
"lgz3jebg","8557c12a","9f390fc10","Normal 12 Onz",NULL,"a4190f21",NULL,"unidad",59,"2025-05-29 23:05:11","2025-05-29",20,39,NULL,40,NULL,NULL
"li493kbr","5d889f7b","9f390fc16","Normal 12 Onz Sin licor",NULL,"a4190f21",NULL,"unidad",150,"2025-08-31 00:13:56","2025-08-30",29,121,NULL,80,NULL,NULL
"li7yabw9","13c3b71c","29ab6c8a","Absolut",NULL,"f6fdf4d1",NULL,"unidad",1,"2025-06-06 18:58:35","2025-06-06",1,0,NULL,NULL,NULL,NULL
"lixywiep","118a5c56","9f390fc12","Normal 24 Onz",NULL,"e114aa93",NULL,"unidad",10,"2025-01-25 10:36:42","2025-01-24",5,5,NULL,NULL,NULL,NULL
"lj158yce","423d64de","8a734bcd","Shot de tequila",NULL,"bd785ddb",NULL,"unidad",0,"2026-01-02 21:59:57","2026-01-02",0,0,NULL,NULL,NULL,NULL
"lj2tdbw6","d4682046","9f390fc12","Normal 24 Onz",NULL,"e114aa93",NULL,"unidad",6,"2025-10-30 22:45:41","2025-10-30",5,1,NULL,NULL,NULL,NULL
"lj8f6vla","c848385b","9f390fc16","Normal 12 Onz Sin licor",NULL,"a4190f21",NULL,"unidad",81,"2025-12-15 23:06:14","2025-12-15",36,45,NULL,80,NULL,NULL
"lkdk350b","4d805e8a","29ab6c8a","Absolut",NULL,"f6fdf4d1",NULL,"unidad",0,"2025-06-30 18:48:54","2025-06-30",0,0,NULL,NULL,NULL,NULL
"ll4ak4dl","249e57ef","9c172aed","Paquete de fruta con Precio",NULL,"c6434dc7",NULL,"unidad",1,"2025-09-21 17:45:10","2025-09-21",0,1,NULL,NULL,NULL,NULL
"ll9licco","b474a5ad","c9349148","Paquete de fruta $0",NULL,"c6434dc7",NULL,"unidad",24,"2025-10-11 23:13:39","2025-10-11",0,24,NULL,24,NULL,NULL
"llprmwk5","fa9465ed","9f390fc12","Normal 24 Onz",NULL,"e114aa93",NULL,"unidad",9,"2025-04-13 18:40:49","2025-04-13",0,9,NULL,NULL,NULL,NULL
"lm0m530z","7967d72c","9f390fc10","Normal 12 Onz",NULL,"a4190f21",NULL,"unidad",38,"2024-11-27 16:59:44","2024-11-27",6,32,NULL,30,NULL,NULL
"lm4kqhif","b6d985ea","c9349148","Paquete de fruta $0",NULL,"c6434dc7",NULL,"unidad",23,"2025-12-14 19:10:30","2025-12-14",3,20,NULL,19,NULL,NULL
"lmt8ssxu","122ae512","9c172aed","Paquete de fruta con Precio",NULL,"c6434dc7",NULL,"unidad",0,"2025-09-14 17:54:40","2025-09-14",0,0,NULL,NULL,NULL,NULL
"ln3epmf1","90797593","9f390fc16","Normal 12 Onz Sin licor",NULL,"a4190f21",NULL,"unidad",51,"2025-04-11 00:17:31","2025-04-10",23,28,NULL,30,NULL,NULL
"lng66l2g","3dad02c7","9f390fc11","Normal 16 Onz",NULL,"feb4c064",NULL,"unidad",17,"2025-07-27 19:02:37","2025-07-27",10,7,NULL,NULL,NULL,NULL
"lo90pbev","b393d3b2","9f390fc13","Cremoso 13 Onz",NULL,"78b8732a",NULL,"unidad",26,"2025-05-25 18:05:11","2025-05-25",23,3,NULL,NULL,NULL,NULL
"loau85aj","cb371b4b","c9349148","Paquete de fruta $0",NULL,"c6434dc7",NULL,"unidad",14,"2025-12-18 23:01:07","2025-12-18",2,12,NULL,14,NULL,NULL
"lojv0xi5","25c72555","9f390fc16","Normal 12 Onz Sin licor",NULL,"a4190f21",NULL,"unidad",189,"2025-09-10 10:41:36","2025-09-07",37,152,NULL,120,NULL,NULL
"lqik60mk","40467525","9f390fc10","Normal 12 Onz",NULL,"a4190f21",NULL,"unidad",174,"2025-05-25 14:38:52","2025-05-24",13,161,NULL,6,NULL,NULL
"lqx9ygwo","c9484a09","9c172aed","Paquete de fruta con Precio",NULL,"c6434dc7",NULL,"unidad",0,"2025-10-05 18:02:26","2025-10-05",0,0,NULL,NULL,NULL,NULL
"lqxtf6bz","5f811ff4","8a734bcd","Shot de tequila",NULL,"bd785ddb",NULL,"unidad",0,"2025-01-19 10:02:14","2025-01-18",0,0,NULL,NULL,NULL,NULL
"lr47jokx","bfb5eb99","9f390fc10","Normal 12 Onz",NULL,"a4190f21",NULL,"unidad",73,"2025-11-30 19:23:31","2025-11-30",2,71,NULL,20,NULL,NULL
"lraudfn6","b2980c95","c9349148","Paquete de fruta $0",NULL,"c6434dc7",NULL,"unidad",19,"2026-01-10 23:53:25","2026-01-10",1,18,NULL,-1,NULL,NULL
"ls87cw1d","2b33ab85","9f390fc11","Normal 16 Onz",NULL,"feb4c064",NULL,"unidad",4,"2025-11-27 22:57:58","2025-11-27",3,1,NULL,NULL,NULL,NULL
"lsz8w63d","05d934a8","9f390fc12","Normal 24 Onz",NULL,"e114aa93",NULL,"unidad",16,"2025-12-16 22:46:58","2025-12-16",16,0,NULL,NULL,NULL,NULL
"ltgxlpr8","64d49f15","9f390fc16","Normal 12 Onz Sin licor",NULL,"a4190f21",NULL,"unidad",49,"2025-04-25 23:54:55","2025-04-25",10,39,NULL,20,NULL,NULL
"ltiqs0hw","b67aa975","9f390fc16","Normal 12 Onz Sin licor",NULL,"a4190f21",NULL,"unidad",71,"2025-04-27 19:22:23","2025-04-27",4,67,NULL,-2,NULL,NULL
"lvttb1to","f42df9be","2061a24e","Jack daniels",NULL,"35dbe1bc",NULL,"unidad",0,"2025-09-04 18:51:06","2025-09-04",0,0,NULL,NULL,NULL,NULL
"lvxvvrzi","37ee9340","b5a797f3","Adicional de gomas",NULL,"1f077d1a",NULL,"unidad",7,"2025-09-11 22:38:00","2025-09-11",4,3,NULL,NULL,NULL,NULL
"lwvvdu2d","eaeb689a","9f390fc10","Normal 12 Onz",NULL,"a4190f21",NULL,"unidad",101,"2025-04-04 23:16:16","2025-04-04",10,91,NULL,20,NULL,NULL
"m0m7vru7","d1eefa16","8a734bcd","Shot de tequila",NULL,"bd785ddb",NULL,"unidad",0,"2025-01-09 08:46:46","2025-01-08",0,0,NULL,NULL,NULL,NULL
"m17qkgas","c05a8f51","9f390fc12","Normal 24 Onz",NULL,"e114aa93",NULL,"unidad",13,"2024-12-07 14:12:47","2024-12-07",13,0,NULL,NULL,NULL,NULL
"m22wii51","c62e961e","e852ea91","Tapas domicilio",NULL,"f4e7a67f",NULL,"unidad",8,"2025-12-10 22:57:50","2025-12-10",0,8,NULL,NULL,NULL,NULL
"m3d5dhaj","060e027a","9f390fc10","Normal 12 Onz",NULL,"a4190f21",NULL,"unidad",59,"2025-07-31 23:07:53","2025-07-31",15,44,NULL,40,NULL,NULL
"m3ubxrqu","9a58a8a2","c9349148","Paquete de fruta $0",NULL,"c6434dc7",NULL,"unidad",6,"2025-06-19 21:39:52","2025-06-19",0,6,NULL,-1,NULL,NULL
"m45e6o5m","ee0db852","b5a797f3","Adicional de gomas",NULL,"1f077d1a",NULL,"unidad",9,"2025-09-28 00:44:28","2025-09-27",0,9,NULL,NULL,NULL,NULL
"m4frxlnx","f4bd8102","a827d17a","Chivas Regal",NULL,"8979ada5",NULL,"unidad",2,"2025-08-18 18:01:39","2025-08-18",2,0,NULL,NULL,NULL,NULL
"m6lys1tr","0f02172c","9f390fc12","Normal 24 Onz",NULL,"e114aa93",NULL,"unidad",9,"2025-12-29 20:23:48","2025-12-29",1,8,NULL,NULL,NULL,NULL
"m79giv02","5c2255ff","9c172aed","Paquete de fruta con Precio",NULL,"c6434dc7",NULL,"unidad",0,"2025-12-25 22:31:53","2025-12-25",0,0,NULL,NULL,NULL,NULL
"m7w6n361","2b33ab85","9f390fc10","Normal 12 Onz",NULL,"a4190f21",NULL,"unidad",69,"2025-11-27 22:57:37","2025-11-27",36,33,NULL,60,NULL,NULL
"m7xgkvxd","ba1af6b6","9f390fc12","Normal 24 Onz",NULL,"e114aa93",NULL,"unidad",31,"2025-05-17 23:14:22","2025-05-17",19,12,NULL,20,NULL,NULL
"m92aevw8","f4c96005","8a734bcd","Shot de tequila",NULL,"bd785ddb",NULL,"unidad",0,"2024-12-28 08:39:29","2024-12-27",0,0,NULL,NULL,NULL,NULL
"m9eo6td0","2306a8f5","9f390fc10","Normal 12 Onz",NULL,"a4190f21",NULL,"unidad",39,"2024-11-13 16:14:45","2024-11-13",5,34,NULL,30,NULL,NULL
"m9ni0aqn","1d6c5003","8a734bcd","Shot de tequila",NULL,"bd785ddb",NULL,"unidad",0,"2024-11-14 13:33:18","2024-11-14",0,0,NULL,NULL,NULL,NULL
"m9nppn89","7344941f","9f390fc11","Normal 16 Onz",NULL,"feb4c064",NULL,"unidad",20,"2025-12-05 23:47:49","2025-12-05",1,19,NULL,20,NULL,NULL
"ma9jubm5","3d6db953","9f390fc12","Normal 24 Onz",NULL,"e114aa93",NULL,"unidad",20,"2025-02-07 10:02:26","2025-02-06",19,1,NULL,NULL,NULL,NULL
"mbll51ke","ff2257c7","9f390fc11","Normal 16 Onz",NULL,"feb4c064",NULL,"unidad",17,"2025-10-04 23:31:26","2025-10-04",5,12,NULL,NULL,NULL,NULL
"mbn6k3ra","c62e961e","b5a797f3","Adicional de gomas",NULL,"1f077d1a",NULL,"unidad",5,"2025-12-10 22:57:29","2025-12-10",3,2,NULL,5,NULL,NULL
"mcmipgw6","a78c672f","9f390fc10","Normal 12 Onz",NULL,"a4190f21",NULL,"unidad",53,"2025-12-04 22:42:20","2025-12-04",15,38,NULL,40,NULL,NULL
"mcpuhlxi","8d569e67","9f390fc16","Normal 12 Onz Sin licor",NULL,"a4190f21",NULL,"unidad",38,"2025-02-20 22:41:15","2025-02-20",15,23,NULL,20,NULL,NULL
"mcsx4qyq","e2721cee","9c172aed","Paquete de fruta con Precio",NULL,"c6434dc7",NULL,"unidad",0,"2025-06-22 20:04:20","2025-06-22",0,0,NULL,NULL,NULL,NULL
"mdflvy48","bd3538d1","9c172aed","Paquete de fruta con Precio",NULL,"c6434dc7",NULL,"unidad",0,"2025-11-09 19:07:36","2025-11-09",0,0,NULL,NULL,NULL,NULL
"mdgkcy2y","ee67e387","9f390fc16","Normal 12 Onz Sin licor",NULL,"a4190f21",NULL,"unidad",80,"2025-05-18 19:28:41","2025-05-18",8,72,NULL,20,NULL,NULL
"mdoqvf1l","10bb56c9","c9349148","Paquete de fruta $0",NULL,"c6434dc7",NULL,"unidad",30,"2025-06-12 22:57:52","2025-06-12",9,21,NULL,27,NULL,NULL
"mdvx2t49","0dca8b7e","b5a797f3","Adicional de gomas",NULL,"1f077d1a",NULL,"unidad",11,"2025-11-14 23:17:47","2025-11-14",10,1,NULL,1,NULL,NULL
"meqqe06x","360826f0","9c172aed","Paquete de fruta con Precio",NULL,"c6434dc7",NULL,"unidad",0,"2025-07-03 22:42:39","2025-07-03",0,0,NULL,NULL,NULL,NULL
"mf1qbl9s","26fbbbb5","9f390fc12","Normal 24 Onz",NULL,"e114aa93",NULL,"unidad",27,"2025-09-19 22:44:18","2025-09-19",17,10,NULL,20,NULL,NULL
"mf47ue4y","26c92f93","c9349148","Paquete de fruta $0",NULL,"c6434dc7",NULL,"unidad",24,"2025-08-22 23:21:54","2025-08-22",0,24,NULL,14,NULL,NULL
"mfh8hgwj","d129f99f","9f390fc16","Normal 12 Onz Sin licor",NULL,"a4190f21",NULL,"unidad",92,"2025-08-03 19:02:25","2025-08-03",7,85,NULL,60,NULL,NULL
"mgh41e2r","a4998b91","9f390fc10","Normal 12 Onz",NULL,"a4190f21",NULL,"unidad",45,"2025-01-05 18:57:18","2025-01-04",3,42,NULL,20,NULL,NULL
"mgh6f9wz","2855d2bf","29ab6c8a","Absolut",NULL,"f6fdf4d1",NULL,"unidad",5,"2025-05-30 21:45:07","2025-05-30",4,1,NULL,NULL,NULL,NULL
"mgvwv1a5","70e9213f","9c172aed","Paquete de fruta con Precio",NULL,"c6434dc7",NULL,"unidad",0,"2025-10-23 20:50:07","2025-10-23",0,0,NULL,NULL,NULL,NULL
"mh0lhyzd","bee9eb90","9c172aed","Paquete de fruta con Precio",NULL,"c6434dc7",NULL,"unidad",0,"2025-09-13 17:55:10","2025-09-13",0,0,NULL,NULL,NULL,NULL
"mhcmf25k","d5bd13f8","9f390fc12","Normal 24 Onz",NULL,"e114aa93",NULL,"unidad",14,"2025-10-19 17:38:57","2025-10-19",13,1,NULL,NULL,NULL,NULL
"mhy7os65","efbb6c71","9f390fc16","Normal 12 Onz Sin licor",NULL,"a4190f21",NULL,"unidad",125,"2026-04-30 16:55:37","2026-04-30",NULL,125,NULL,-29,NULL,NULL
"mi7jcewj","06d99d55","9f390fc16","Normal 12 Onz Sin licor",NULL,"a4190f21",NULL,"unidad",63,"2025-03-24 19:21:14","2025-03-24",7,56,NULL,20,NULL,NULL
"mif8rtjx","9c8b0183","9f390fc10","Normal 12 Onz",NULL,"a4190f21",NULL,"unidad",93,"2024-12-21 09:54:44","2024-12-21",9,84,NULL,18,NULL,NULL
"minrer59","297f6235","9c172aed","Paquete de fruta con Precio",NULL,"c6434dc7",NULL,"unidad",0,"2025-08-06 22:38:35","2025-08-06",0,0,NULL,NULL,NULL,NULL
"ml7u4gpj","d3b608a8","8a734bcd","Shot de tequila",NULL,"bd785ddb",NULL,"unidad",0,"2026-01-03 21:22:12","2026-01-03",0,0,NULL,NULL,NULL,NULL
"mmbke2yi","463bd778","9c172aed","Paquete de fruta con Precio",NULL,"c6434dc7",NULL,"unidad",0,"2025-10-22 18:49:42","2025-10-22",0,0,NULL,NULL,NULL,NULL
"mmfbgge2","99a2dcf5","9f390fc16","Normal 12 Onz Sin licor",NULL,"a4190f21",NULL,"unidad",63,"2025-03-29 00:06:39","2025-03-28",19,44,NULL,20,NULL,NULL
"mmpc2py9","f6b609b1","c9349148","Paquete de fruta $0",NULL,"c6434dc7",NULL,"unidad",15,"2025-12-03 22:47:33","2025-12-03",1,14,NULL,14,NULL,NULL
"mn0anwub","8eeae93b","9f390fc10","Normal 12 Onz",NULL,"a4190f21",NULL,"unidad",163,"2025-02-23 00:46:59","2025-02-22",18,145,NULL,20,NULL,NULL
"mn0t6zpp","80b8da94","8a734bcd","Shot de tequila",NULL,"bd785ddb",NULL,"unidad",0,"2025-02-14 23:42:39","2025-02-14",0,0,NULL,NULL,NULL,NULL
"mocq5vst","eb0775cc","9f390fc16","Normal 12 Onz Sin licor",NULL,"a4190f21",NULL,"unidad",86,"2024-11-23 09:29:45","2024-11-23",23,63,NULL,20,NULL,NULL
"mofuhzlj","1dda8359","a827d17a","Chivas Regal",NULL,"8979ada5",NULL,"unidad",2,"2025-08-28 22:43:12","2025-08-28",2,0,NULL,NULL,NULL,NULL
"moie6j0y","fb680441","9f390fc13","Cremoso 13 Onz",NULL,"78b8732a",NULL,"unidad",24,"2025-01-04 10:09:16","2025-01-03",22,2,NULL,NULL,NULL,NULL
"mons24ij","90797593","9f390fc11","Normal 16 Onz",NULL,"feb4c064",NULL,"unidad",0,"2025-04-10 23:06:12","2025-04-10",0,0,NULL,NULL,NULL,NULL
"moqpdw2x","ee622fc7","9c172aed","Paquete de fruta con Precio",NULL,"c6434dc7",NULL,"unidad",0,"2025-06-16 12:46:44","2025-06-15",0,0,NULL,NULL,NULL,NULL
"mp4snlba","63813313","9c172aed","Paquete de fruta con Precio",NULL,"c6434dc7",NULL,"unidad",0,"2025-07-05 17:44:05","2025-07-05",0,0,NULL,NULL,NULL,NULL
"mqgngez0","c62e961e","9f390fc16","Normal 12 Onz Sin licor",NULL,"a4190f21",NULL,"unidad",63,"2025-12-10 22:57:57","2025-12-10",7,56,NULL,60,NULL,NULL
"ms5ywuvn","788bd240","9f390fc11","Normal 16 Onz",NULL,"feb4c064",NULL,"unidad",34,"2025-07-12 23:50:07","2025-07-12",14,20,NULL,20,NULL,NULL
"mt9q0ww4","a2ef0041","b5a797f3","Adicional de gomas",NULL,"1f077d1a",NULL,"unidad",11,"2025-08-10 17:44:37","2025-08-10",9,2,NULL,NULL,NULL,NULL
"mtlwnzi1","1356b8b7","9f390fc10","Normal 12 Onz",NULL,"a4190f21",NULL,"unidad",101,"2025-03-23 00:47:16","2025-03-22",19,82,NULL,3,NULL,NULL
"mvos5zzz","12ef6fd1","9f390fc13","Cremoso 13 Onz",NULL,"78b8732a",NULL,"unidad",25,"2025-01-12 09:37:26","2025-01-11",22,3,NULL,25,NULL,NULL
"mwndd6a4","1dda8359","9f390fc11","Normal 16 Onz",NULL,"feb4c064",NULL,"unidad",20,"2025-08-28 22:43:00","2025-08-28",19,1,NULL,NULL,NULL,NULL
"mwvnzgzj","e24360d1","9f390fc10","Normal 12 Onz",NULL,"a4190f21",NULL,"unidad",68,"2025-03-13 23:58:46","2025-03-13",16,52,NULL,20,NULL,NULL
"mx31i798","6ebdfa46","9f390fc16","Normal 12 Onz Sin licor",NULL,"a4190f21",NULL,"unidad",49,"2024-12-30 09:23:48","2024-12-29",21,28,NULL,30,NULL,NULL
"mxf1lcr9","8d950448","e852ea91","Tapas domicilio",NULL,"f4e7a67f",NULL,"unidad",11,"2025-12-31 19:56:13","2025-12-31",11,0,NULL,7,NULL,NULL
"mxhe30zn","4400634f","9f390fc12","Normal 24 Onz",NULL,"e114aa93",NULL,"unidad",16,"2024-12-20 08:09:13","2024-12-20",0,16,NULL,19,NULL,NULL
"mxj8rpgv","fe6d6765","9f390fc11","Normal 16 Onz",NULL,"feb4c064",NULL,"unidad",20,"2025-10-08 22:48:08","2025-10-08",17,3,NULL,20,NULL,NULL
"mxltyj4t","1b1830f5","b5a797f3","Adicional de gomas",NULL,"1f077d1a",NULL,"unidad",3,"2025-10-15 22:12:12","2025-10-15",3,0,NULL,NULL,NULL,NULL
"n0phz4j8","b74aaa3a","9f390fc12","Normal 24 Onz",NULL,"e114aa93",NULL,"unidad",17,"2025-05-07 22:17:02","2025-05-07",10,7,NULL,NULL,NULL,NULL
"n22dyw0v","b747e509","b5a797f3","Adicional de gomas",NULL,"1f077d1a",NULL,"unidad",2,"2025-09-28 17:36:33","2025-09-28",0,2,NULL,NULL,NULL,NULL
"n38ta4nt","96457b06","9f390fc10","Normal 12 Onz",NULL,"a4190f21",NULL,"unidad",52,"2025-11-17 19:10:21","2025-11-17",17,35,NULL,40,NULL,NULL
"n3o2osxq","a5f903bf","9f390fc10","Normal 12 Onz",NULL,"a4190f21",NULL,"unidad",246,"2025-12-28 01:08:38","2025-12-27",10,236,NULL,39,NULL,NULL
"n3rr7js4","297f6235","c9349148","Paquete de fruta $0",NULL,"c6434dc7",NULL,"unidad",26,"2025-08-06 23:06:02","2025-08-06",12,14,NULL,NULL,NULL,NULL
"n58glud4","b6d985ea","9f390fc10","Normal 12 Onz",NULL,"a4190f21",NULL,"unidad",72,"2025-12-14 19:10:09","2025-12-14",0,72,NULL,1,NULL,NULL
"n5zncvcc","f42df9be","9c172aed","Paquete de fruta con Precio",NULL,"c6434dc7",NULL,"unidad",0,"2025-09-04 18:50:58","2025-09-04",0,0,NULL,NULL,NULL,NULL
"n6asw8am","27cfd7fe","8a734bcd","Shot de tequila",NULL,"bd785ddb",NULL,"unidad",2,"2024-12-25 11:39:06","2024-12-25",0,2,NULL,NULL,NULL,NULL
"n6lkamrf","046eed1c","c9349148","Paquete de fruta $0",NULL,"c6434dc7",NULL,"unidad",13,"2025-12-17 23:13:10","2025-12-17",0,13,NULL,11,NULL,NULL
"n8ar0ezg","3ca4a1ff","9f390fc12","Normal 24 Onz",NULL,"e114aa93",NULL,"unidad",6,"2024-11-20 14:09:32","2024-11-20",6,0,NULL,NULL,NULL,NULL
"n8k2t48o","648572fe","9f390fc11","Normal 16 Onz",NULL,"feb4c064",NULL,"unidad",16,"2025-05-15 22:58:47","2025-05-15",10,6,NULL,NULL,NULL,NULL
"n9amr303","5e8dd76a","9f390fc16","Normal 12 Onz Sin licor",NULL,"a4190f21",NULL,"unidad",129,"2025-06-29 00:55:25","2025-06-28",12,117,NULL,40,NULL,NULL
"n9d3o9w0","5584ae3d","b5a797f3","Adicional de gomas",NULL,"1f077d1a",NULL,"unidad",7,"2025-08-20 22:53:31","2025-08-20",4,3,NULL,NULL,NULL,NULL
"n9m2f8p8","05f46cfb","8a734bcd","Shot de tequila",NULL,"bd785ddb",NULL,"unidad",1,"2026-01-04 21:02:57","2026-01-04",0,1,NULL,NULL,NULL,NULL
"nb574kof","ddc60dbd","e852ea91","Tapas domicilio",NULL,"f4e7a67f",NULL,"unidad",20,"2025-11-15 23:53:45","2025-11-15",11,9,NULL,20,NULL,NULL
"nbavq0te","1356b8b7","9f390fc11","Normal 16 Onz",NULL,"feb4c064",NULL,"unidad",16,"2025-03-22 21:41:14","2025-03-22",0,16,NULL,NULL,NULL,NULL
"nbgochih","2a38e321","29ab6c8a","Absolut",NULL,"f6fdf4d1",NULL,"unidad",0,"2025-09-03 22:35:15","2025-09-03",0,0,NULL,NULL,NULL,NULL
"nbhxuvkn","d4682046","9f390fc10","Normal 12 Onz",NULL,"a4190f21",NULL,"unidad",64,"2025-10-30 23:02:50","2025-10-30",15,49,NULL,40,NULL,NULL
"nbjgefzk","75a6265b","9f390fc10","Normal 12 Onz",NULL,"a4190f21",NULL,"unidad",178,"2025-12-30 23:25:53","2025-12-30",11,167,NULL,59,NULL,NULL
"nca90yxq","baac369c","29ab6c8a","Absolut",NULL,"f6fdf4d1",NULL,"unidad",4,"2025-05-31 17:49:28","2025-05-31",4,0,NULL,NULL,NULL,NULL
"ndspfshn","35f7bcaa","9c172aed","Paquete de fruta con Precio",NULL,"c6434dc7",NULL,"unidad",0,"2025-10-13 19:04:01","2025-10-13",0,0,NULL,NULL,NULL,NULL
"ne02cwee","1556c086","9f390fc16","Normal 12 Onz Sin licor",NULL,"a4190f21",NULL,"unidad",88,"2025-05-01 20:04:44","2025-05-01",3,85,NULL,5,NULL,NULL
"necgyb8g","b4b512c4","9c172aed","Paquete de fruta con Precio",NULL,"c6434dc7",NULL,"unidad",0,"2025-11-05 22:51:50","2025-11-05",0,0,NULL,NULL,NULL,NULL
"neg7vjs8","648572fe","9f390fc12","Normal 24 Onz",NULL,"e114aa93",NULL,"unidad",3,"2025-05-15 21:44:59","2025-05-15",1,2,NULL,NULL,NULL,NULL
"nezasvg1","a96fd7b7","9f390fc12","Normal 24 Onz",NULL,"e114aa93",NULL,"unidad",19,"2025-03-02 01:03:52","2025-03-01",14,5,NULL,-40,NULL,NULL
"nfvqwqkh","b0f6e0de","9f390fc12","Normal 24 Onz",NULL,"e114aa93",NULL,"unidad",23,"2025-08-15 23:52:37","2025-08-15",21,2,NULL,20,NULL,NULL
"ng1i7ukb","9fa561e1","8a734bcd","Shot de tequila",NULL,"bd785ddb",NULL,"unidad",0,"2024-12-27 10:09:18","2024-12-26",0,0,NULL,NULL,NULL,NULL
"ngup6qc8","d4682046","9f390fc16","Normal 12 Onz Sin licor",NULL,"a4190f21",NULL,"unidad",53,"2025-10-30 23:02:23","2025-10-30",18,35,NULL,20,NULL,NULL
"nhwpn4jt","5e8894ab","9f390fc12","Normal 24 Onz",NULL,"e114aa93",NULL,"unidad",19,"2025-03-09 01:03:24","2025-03-08",3,16,NULL,NULL,NULL,NULL
"nhye64sp","fd7aedb1","8a734bcd","Shot de tequila",NULL,"bd785ddb",NULL,"unidad",0,"2024-11-15 14:33:32","2024-11-15",0,0,NULL,NULL,NULL,NULL
"niy79zr9","13c3b71c","9f390fc16","Normal 12 Onz Sin licor",NULL,"a4190f21",NULL,"unidad",59,"2025-06-07 00:02:55","2025-06-06",6,53,NULL,20,NULL,NULL
"njbfklwl","56c0d800","9f390fc10","Normal 12 Onz",NULL,"a4190f21",NULL,"unidad",253,"2025-10-19 01:09:21","2025-10-18",90,163,NULL,180,NULL,NULL
"njk8vf1u","10bb56c9","9f390fc11","Normal 16 Onz",NULL,"feb4c064",NULL,"unidad",12,"2025-06-12 22:49:55","2025-06-12",4,8,NULL,NULL,NULL,NULL
"njlrg4qz","b0f6e0de","2061a24e","Jack daniels",NULL,"35dbe1bc",NULL,"unidad",3,"2025-08-15 18:32:49","2025-08-15",3,0,NULL,NULL,NULL,NULL
"nkckv23i","6fd784f5","9f390fc11","Normal 16 Onz",NULL,"feb4c064",NULL,"unidad",29,"2025-05-14 23:00:33","2025-05-14",16,13,NULL,20,NULL,NULL
"nkq3uyap","cf744f31","9f390fc10","Normal 12 Onz",NULL,"a4190f21",NULL,"unidad",211,"2025-08-10 00:49:43","2025-08-09",22,189,NULL,40,NULL,NULL
"nkrybcpl","eba6c87b","9c172aed","Paquete de fruta con Precio",NULL,"c6434dc7",NULL,"unidad",0,"2025-12-23 23:17:47","2025-12-23",0,0,NULL,NULL,NULL,NULL
"nkvded62","c9484a09","9f390fc10","Normal 12 Onz",NULL,"a4190f21",NULL,"unidad",72,"2025-10-05 19:36:17","2025-10-05",15,57,NULL,NULL,NULL,NULL
"nlcopzbg","b49f7b00","9f390fc11","Normal 16 Onz",NULL,"feb4c064",NULL,"unidad",12,"2025-08-14 18:37:32","2025-08-14",11,1,NULL,NULL,NULL,NULL
"nls43zzi","b2980c95","e852ea91","Tapas domicilio",NULL,"f4e7a67f",NULL,"unidad",17,"2026-01-10 23:52:10","2026-01-10",4,13,NULL,NULL,NULL,NULL
"nn18hok7","d3b608a8","c9349148","Paquete de fruta $0",NULL,"c6434dc7",NULL,"unidad",0,"2026-01-03 21:22:15","2026-01-03",0,0,NULL,NULL,NULL,NULL
"nnzmb5bk","b6d985ea","9f390fc12","Normal 24 Onz",NULL,"e114aa93",NULL,"unidad",22,"2025-12-14 19:02:33","2025-12-14",18,4,NULL,20,NULL,NULL
"noggw7dk","c4ff0dcb","9f390fc11","Normal 16 Onz",NULL,"feb4c064",NULL,"unidad",9,"2025-03-16 18:03:23","2025-03-16",7,2,NULL,NULL,NULL,NULL
"nois5qwi","27cfd7fe","9f390fc13","Cremoso 13 Onz",NULL,"78b8732a",NULL,"unidad",19,"2024-12-25 11:39:08","2024-12-25",13,6,NULL,24,NULL,NULL
"npqa9khg","56b60f94","9f390fc12","Normal 24 Onz",NULL,"e114aa93",NULL,"unidad",12,"2025-08-29 23:41:25","2025-08-29",6,6,NULL,NULL,NULL,NULL
"nq970w40","f5ac98d3","a827d17a","Chivas Regal",NULL,"8979ada5",NULL,"unidad",3,"2025-08-31 18:57:52","2025-08-31",2,1,NULL,NULL,NULL,NULL
"nrn74ymr","bf9a4d4e","9f390fc12","Normal 24 Onz",NULL,"e114aa93",NULL,"unidad",4,"2025-07-16 22:17:21","2025-07-16",2,2,NULL,NULL,NULL,NULL
"nsab2ndy","c848385b","9c172aed","Paquete de fruta con Precio",NULL,"c6434dc7",NULL,"unidad",0,"2025-12-15 23:07:04","2025-12-15",0,0,NULL,NULL,NULL,NULL
"nszmdxdi","4d9d856a","9f390fc10","Normal 12 Onz",NULL,"a4190f21",NULL,"unidad",60,"2025-02-27 22:55:39","2025-02-26",16,44,NULL,20,NULL,NULL
"nt8cl5hy","c7d0b6ac","c9349148","Paquete de fruta $0",NULL,"c6434dc7",NULL,"unidad",24,"2025-08-17 19:08:08","2025-08-17",0,24,NULL,NULL,NULL,NULL
"ntr67wx5","baac369c","9f390fc11","Normal 16 Onz",NULL,"feb4c064",NULL,"unidad",22,"2025-05-31 23:39:59","2025-05-31",3,19,NULL,NULL,NULL,NULL
"nu23t3vl","c7ace635","9c172aed","Paquete de fruta con Precio",NULL,"c6434dc7",NULL,"unidad",0,"2025-06-20 18:31:19","2025-06-20",0,0,NULL,NULL,NULL,NULL
"nunucz4z","9da2f23e","9f390fc10","Normal 12 Onz",NULL,"a4190f21",NULL,"unidad",51,"2025-06-04 11:21:36","2025-06-02",10,41,NULL,40,NULL,NULL
"nuxl4of2","4400634f","9f390fc13","Cremoso 13 Onz",NULL,"78b8732a",NULL,"unidad",28,"2024-12-20 08:09:17","2024-12-20",25,3,NULL,5,NULL,NULL
"nvk1epyu","c7d0b6ac","2061a24e","Jack daniels",NULL,"35dbe1bc",NULL,"unidad",3,"2025-08-17 19:07:36","2025-08-17",1,2,NULL,NULL,NULL,NULL
"nvk7nbzp","79958a29","9f390fc12","Normal 24 Onz",NULL,"e114aa93",NULL,"unidad",8,"2024-11-17 14:48:45","2024-11-17",6,2,NULL,NULL,NULL,NULL
"nwck2qd9","b7c18bac","9f390fc13","Cremoso 13 Onz",NULL,"78b8732a",NULL,"unidad",29,"2025-01-03 14:34:50","2025-01-02",24,5,NULL,NULL,NULL,NULL
"nxa8yd98","3fa1eb0d","9f390fc12","Normal 24 Onz",NULL,"e114aa93",NULL,"unidad",25,"2025-03-01 13:02:14","2025-02-28",19,6,NULL,20,NULL,NULL
"nxtaj9bj","9c8b0183","9f390fc12","Normal 24 Onz",NULL,"e114aa93",NULL,"unidad",20,"2024-12-21 09:54:45","2024-12-21",18,2,NULL,20,NULL,NULL
"nxxge2e8","515560fc","b5a797f3","Adicional de gomas",NULL,"1f077d1a",NULL,"unidad",3,"2025-11-23 18:39:30","2025-11-23",0,3,NULL,1,NULL,NULL
"nxzmot0p","092ff74b","9f390fc16","Normal 12 Onz Sin licor",NULL,"a4190f21",NULL,"unidad",48,"2025-11-26 22:58:33","2025-11-26",8,40,NULL,20,NULL,NULL
"ny2xobqf","d3b608a8","9f390fc16","Normal 12 Onz Sin licor",NULL,"a4190f21",NULL,"unidad",167,"2026-01-03 21:22:10","2026-01-03",59,108,NULL,139,NULL,NULL
"ny58y7sn","c7d0b6ac","9f390fc11","Normal 16 Onz",NULL,"feb4c064",NULL,"unidad",23,"2025-08-17 19:06:44","2025-08-17",18,5,NULL,20,NULL,NULL
"nyi0pxc4","8557c12a","9f390fc13","Cremoso 13 Onz",NULL,"78b8732a",NULL,"unidad",18,"2025-05-29 18:57:22","2025-05-29",18,0,NULL,NULL,NULL,NULL
"nykelo2n","3beb74f8","9f390fc13","Cremoso 13 Onz",NULL,"78b8732a",NULL,"unidad",16,"2025-01-07 20:01:47","2025-01-07",14,2,NULL,-1,NULL,NULL
"nyssb9r0","1a67e7d8","9f390fc16","Normal 12 Onz Sin licor",NULL,"a4190f21",NULL,"unidad",44,"2024-11-21 16:42:25","2024-11-21",24,20,NULL,20,NULL,NULL
"o0vcnkwq","b2980c95","9f390fc10","Normal 12 Onz Con licor",NULL,"a4190f21",NULL,"unidad",255,"2026-01-11 10:35:00","2026-01-10",60,195,NULL,-63,NULL,NULL
"o10gewhi","ac35ccea","b5a797f3","Adicional de gomas",NULL,"1f077d1a",NULL,"unidad",9,"2025-08-13 19:11:34","2025-08-13",8,1,NULL,NULL,NULL,NULL
"o1sjhr9g","c0ae91fb","8a734bcd","Shot de tequila",NULL,"bd785ddb",NULL,"unidad",8,"2024-12-22 12:24:23","2024-12-22",4,4,NULL,NULL,NULL,NULL
"o25fhqvf","85ffae5e","9f390fc10","Normal 12 Onz",NULL,"a4190f21",NULL,"unidad",46,"2025-01-24 08:40:34","2025-01-23",0,46,NULL,15,NULL,NULL
"o2to17vt","edb7bf08","9f390fc12","Normal 24 Onz",NULL,"e114aa93",NULL,"unidad",19,"2025-04-18 21:49:54","2025-04-18",18,1,NULL,NULL,NULL,NULL
"o5o8b6fh","b747e509","9f390fc11","Normal 16 Onz",NULL,"feb4c064",NULL,"unidad",22,"2025-09-28 19:03:13","2025-09-28",19,3,NULL,20,NULL,NULL
"o6uclop5","2b33ab85","c9349148","Paquete de fruta $0",NULL,"c6434dc7",NULL,"unidad",19,"2025-11-27 22:58:06","2025-11-27",1,18,NULL,11,NULL,NULL
"o7ewa7fu","aac39214","9f390fc16","Normal 12 Onz Sin licor",NULL,"a4190f21",NULL,"unidad",99,"2025-03-16 00:51:51","2025-03-15",21,78,NULL,30,NULL,NULL
"o84o02go","547f0bbb","9f390fc16","Normal 12 Onz Sin licor",NULL,"a4190f21",NULL,"unidad",30,"2024-12-23 08:51:00","2024-12-23",15,15,NULL,30,NULL,NULL
"o9t82p2q","52ff395b","9f390fc10","Normal 12 Onz",NULL,"a4190f21",NULL,"unidad",64,"2024-12-19 08:48:48","2024-12-19",16,48,NULL,20,NULL,NULL
"o9x7ahuh","75dc5b07","b5a797f3","Adicional de gomas",NULL,"1f077d1a",NULL,"unidad",10,"2025-09-26 18:10:00","2025-09-26",9,1,NULL,10,NULL,NULL
"oa9jvxtt","6e373fab","8a734bcd","Shot de tequila",NULL,"bd785ddb",NULL,"unidad",0,"2024-12-29 10:57:24","2024-12-28",0,0,NULL,NULL,NULL,NULL
"oaoo2xzo","41c02110","9f390fc12","Normal 24 Onz",NULL,"e114aa93",NULL,"unidad",8,"2025-09-18 20:28:19","2025-09-18",7,1,NULL,NULL,NULL,NULL
"oarl4q9z","249e57ef","9f390fc12","Normal 24 Onz",NULL,"e114aa93",NULL,"unidad",9,"2025-09-21 16:30:34","2025-09-21",8,1,NULL,NULL,NULL,NULL
"obyytiz0","360826f0","9f390fc10","Normal 12 Onz",NULL,"a4190f21",NULL,"unidad",40,"2025-07-03 23:02:03","2025-07-03",3,37,NULL,-1,NULL,NULL
"od5di8z6","c123671b","9f390fc10","Normal 12 Onz",NULL,"a4190f21",NULL,"unidad",48,"2025-02-23 19:54:18","2025-02-23",10,38,NULL,30,NULL,NULL
"oef20r8s","ca4d1dcc","c9349148","Paquete de fruta $0",NULL,"c6434dc7",NULL,"unidad",21,"2025-09-06 23:09:03","2025-09-06",0,21,NULL,NULL,NULL,NULL
"of7bify0","41c02110","b5a797f3","Adicional de gomas",NULL,"1f077d1a",NULL,"unidad",6,"2025-09-18 20:28:25","2025-09-18",6,0,NULL,NULL,NULL,NULL
"ogh3o8c2","edb7bf08","9f390fc11","Normal 16 Onz",NULL,"feb4c064",NULL,"unidad",0,"2025-04-18 18:23:08","2025-04-18",0,0,NULL,NULL,NULL,NULL
"ohrtwl0x","b3428d88","9c172aed","Paquete de fruta con Precio",NULL,"c6434dc7",NULL,"unidad",0,"2025-06-01 17:32:55","2025-06-01",0,0,NULL,NULL,NULL,NULL
"oi6ckv2e","ca4d1dcc","9f390fc10","Normal 12 Onz",NULL,"a4190f21",NULL,"unidad",194,"2025-09-07 00:15:49","2025-09-06",54,140,NULL,120,NULL,NULL
"oiacs9qf","50934300","9f390fc10","Normal 12 Onz",NULL,"a4190f21",NULL,"unidad",38,"2024-11-06 10:29:10","2024-11-06",3,35,NULL,30,NULL,NULL
"okcxjhsz","1dda8359","b5a797f3","Adicional de gomas",NULL,"1f077d1a",NULL,"unidad",15,"2025-08-28 22:43:27","2025-08-28",15,0,NULL,NULL,NULL,NULL
"omfvq2s6","52ff395b","9f390fc12","Normal 24 Onz",NULL,"e114aa93",NULL,"unidad",17,"2024-12-19 08:48:50","2024-12-19",16,1,NULL,NULL,NULL,NULL
"omspfunw","b747e509","9f390fc10","Normal 12 Onz",NULL,"a4190f21",NULL,"unidad",48,"2025-09-28 19:02:16","2025-09-28",5,43,NULL,NULL,NULL,NULL
"op5o6iyg","f6b609b1","9f390fc12","Normal 24 Onz",NULL,"e114aa93",NULL,"unidad",24,"2025-12-03 22:47:30","2025-12-03",19,5,NULL,20,NULL,NULL
"oq3juqfd","f9b706aa","9f390fc16","Normal 12 Onz Sin licor",NULL,"a4190f21",NULL,"unidad",128,"2025-05-11 01:28:32","2025-05-10",23,105,NULL,1,NULL,NULL
"oqmgx2rm","67fcb676","9f390fc10","Normal 12 Onz Con licor",NULL,"a4190f21",NULL,"unidad",140,"2026-01-06 21:25:09","2026-01-06",99,41,NULL,140,NULL,NULL
"oqpr6rl9","1c82e727","9f390fc11","Normal 16 Onz",NULL,"feb4c064",NULL,"unidad",15,"2025-11-06 23:05:14","2025-11-06",7,8,NULL,NULL,NULL,NULL
"oqwj2kcd","a4998b91","9f390fc13","Cremoso 13 Onz",NULL,"78b8732a",NULL,"unidad",22,"2025-01-05 18:57:38","2025-01-04",18,4,NULL,NULL,NULL,NULL
"or3gq7sl","70e7cd80","e852ea91","Tapas domicilio",NULL,"f4e7a67f",NULL,"unidad",20,"2025-12-28 18:58:03","2025-12-28",12,8,NULL,17,NULL,NULL
"orb5r84u","e007bd4a","9f390fc12","Normal 24 Onz",NULL,"e114aa93",NULL,"unidad",15,"2025-11-23 00:30:19","2025-11-22",7,8,NULL,NULL,NULL,NULL
"orgdu205","a02a89f9","c9349148","Paquete de fruta $0",NULL,"c6434dc7",NULL,"unidad",0,"2025-07-23 18:48:19","2025-07-23",0,0,NULL,NULL,NULL,NULL
"os69sdo9","f42df9be","b5a797f3","Adicional de gomas",NULL,"1f077d1a",NULL,"unidad",10,"2025-09-04 18:51:58","2025-09-04",8,2,NULL,NULL,NULL,NULL
"osgs1q7e","bc824e15","9f390fc16","Normal 12 Onz Sin licor",NULL,"a4190f21",NULL,"unidad",46,"2025-01-10 10:21:34","2025-01-09",10,36,NULL,20,NULL,NULL
"ot1fvmqw","37ee9340","9f390fc12","Normal 24 Onz",NULL,"e114aa93",NULL,"unidad",19,"2025-09-11 22:37:42","2025-09-11",12,7,NULL,NULL,NULL,NULL
"otbnzcf5","fd0c5115","9f390fc12","Normal 24 Onz",NULL,"e114aa93",NULL,"unidad",26,"2024-11-09 13:09:20","2024-11-09",13,13,NULL,20,NULL,NULL
"oukqbtji","f31213e2","8a734bcd","Shot de tequila",NULL,"bd785ddb",NULL,"unidad",0,"2024-12-13 11:12:58","2024-12-13",0,0,NULL,NULL,NULL,NULL
"ouoz5jhy","bda941bb","9f390fc11","Normal 16 Onz",NULL,"feb4c064",NULL,"unidad",20,"2025-03-29 22:21:41","2025-03-29",0,20,NULL,20,NULL,NULL
"ouwhdmp7","118a5c56","b4224687","PROMO cremoso 12 onz",NULL,"78b8732a",NULL,"unidad",22,"2025-01-25 10:35:49","2025-01-24",9,13,NULL,NULL,NULL,NULL
"ovkg0bmw","69dc7e06","9f390fc12","Normal 24 Onz",NULL,"e114aa93",NULL,"unidad",20,"2025-01-23 10:22:42","2025-01-22",16,4,NULL,NULL,NULL,NULL
"ow5p5q3x","b393d3b2","9f390fc16","Normal 12 Onz Sin licor",NULL,"a4190f21",NULL,"unidad",94,"2025-05-25 18:50:05","2025-05-25",4,90,NULL,20,NULL,NULL
"owr3ftji","c832bd6d","9f390fc16","Normal 12 Onz Sin licor",NULL,"a4190f21",NULL,"unidad",100,"2025-02-02 19:32:01","2025-02-02",3,97,NULL,20,NULL,NULL
"owsdoyac","ba69ea36","8a734bcd","Shot de tequila",NULL,"bd785ddb",NULL,"unidad",10,"2024-12-18 13:13:31","2024-12-18",10,0,NULL,NULL,NULL,NULL
"oybkvpwv","9a58a8a2","9f390fc16","Normal 12 Onz Sin licor",NULL,"a4190f21",NULL,"unidad",34,"2025-06-19 22:58:45","2025-06-19",13,21,NULL,20,NULL,NULL
"oyh6icz6","2c55d30d","9f390fc12","Normal 24 Onz",NULL,"e114aa93",NULL,"unidad",14,"2025-08-07 21:35:54","2025-08-07",11,3,NULL,NULL,NULL,NULL
"oykrlroj","66ba9ea7","c9349148","Paquete de fruta $0",NULL,"c6434dc7",NULL,"unidad",18,"2025-11-20 21:03:20","2025-11-20",0,18,NULL,NULL,NULL,NULL
"oz0fn19w","4469b40c","9f390fc12","Normal 24 Onz",NULL,"e114aa93",NULL,"unidad",15,"2025-12-13 00:01:46","2025-12-12",8,7,NULL,NULL,NULL,NULL
"ozfotlsq","547f0bbb","9f390fc10","Normal 12 Onz",NULL,"a4190f21",NULL,"unidad",30,"2024-12-23 08:51:00","2024-12-23",9,21,NULL,30,NULL,NULL
"p1i3ttuu","70b2ef17","9f390fc12","Normal 24 Onz",NULL,"e114aa93",NULL,"unidad",19,"2025-05-04 16:18:54","2025-05-04",17,2,NULL,NULL,NULL,NULL
"p1yfemsx","11aea9d4","8a734bcd","Shot de tequila",NULL,"bd785ddb",NULL,"unidad",0,"2025-03-07 21:17:32","2025-03-07",0,0,NULL,NULL,NULL,NULL
"p37s25bu","d234629c","8a734bcd","Shot de tequila",NULL,"bd785ddb",NULL,"unidad",1,"2026-01-11 16:27:48","2026-01-11",0,1,NULL,NULL,NULL,NULL
"p3t5lvro","f3f4a2c5","8a734bcd","Shot de tequila",NULL,"bd785ddb",NULL,"unidad",0,"2025-01-27 19:10:31","2025-01-26",0,0,NULL,NULL,NULL,NULL
"p3ycorpe","2306a8f5","9f390fc12","Normal 24 Onz",NULL,"e114aa93",NULL,"unidad",10,"2024-11-13 16:14:47","2024-11-13",8,2,NULL,NULL,NULL,NULL
"p4cw3iu6","14833500","9f390fc11","Normal 16 Onz",NULL,"feb4c064",NULL,"unidad",5,"2025-07-20 19:23:28","2025-07-20",2,3,NULL,NULL,NULL,NULL
"p52g37rt","ddc60dbd","9f390fc12","Normal 24 Onz",NULL,"e114aa93",NULL,"unidad",17,"2025-11-15 23:53:52","2025-11-15",9,8,NULL,NULL,NULL,NULL
"p561nx55","a686bf22","9c172aed","Paquete de fruta con Precio",NULL,"c6434dc7",NULL,"unidad",0,"2025-11-13 22:47:37","2025-11-13",0,0,NULL,NULL,NULL,NULL
"p56lt6o9","2a38e321","9f390fc10","Normal 12 Onz",NULL,"a4190f21",NULL,"unidad",72,"2025-09-03 22:34:32","2025-09-03",18,54,NULL,20,NULL,NULL
"p5yrakwu","c7d0b6ac","9f390fc16","Normal 12 Onz Sin licor",NULL,"a4190f21",NULL,"unidad",189,"2025-08-17 19:09:42","2025-08-17",23,166,NULL,40,NULL,NULL
"p6mitycf","1fcab4ca","9f390fc16","Normal 12 Onz Sin licor",NULL,"a4190f21",NULL,"unidad",75,"2025-07-19 00:04:00","2025-07-18",14,61,NULL,20,NULL,NULL
"p6pifopm","5b1604a9","9f390fc11","Normal 16 Onz",NULL,"feb4c064",NULL,"unidad",23,"2025-06-13 21:40:15","2025-06-13",5,18,NULL,19,NULL,NULL
"p6qva9m7","bfd0143e","9f390fc12","Normal 24 Onz",NULL,"e114aa93",NULL,"unidad",15,"2025-10-16 20:48:35","2025-10-16",14,1,NULL,NULL,NULL,NULL
"p6wepo4s","cb371b4b","9f390fc12","Normal 24 Onz",NULL,"e114aa93",NULL,"unidad",14,"2025-12-18 22:58:52","2025-12-18",8,6,NULL,NULL,NULL,NULL
"p7nwmbf6","1c82e727","9f390fc12","Normal 24 Onz",NULL,"e114aa93",NULL,"unidad",22,"2025-11-06 23:05:06","2025-11-06",17,5,NULL,20,NULL,NULL
"pa0sywf7","bbba1b75","9f390fc10","Normal 12 Onz",NULL,"a4190f21",NULL,"unidad",44,"2025-11-03 19:09:19","2025-11-03",25,19,NULL,NULL,NULL,NULL
"pa8ifrkz","56c0d800","9c172aed","Paquete de fruta con Precio",NULL,"c6434dc7",NULL,"unidad",0,"2025-10-18 18:17:51","2025-10-18",0,0,NULL,NULL,NULL,NULL
"pbelounm","bfd0143e","c9349148","Paquete de fruta $0",NULL,"c6434dc7",NULL,"unidad",22,"2025-10-16 23:03:50","2025-10-16",5,17,NULL,19,NULL,NULL
"pc3vcwv1","2c55d30d","9f390fc16","Normal 12 Onz Sin licor",NULL,"a4190f21",NULL,"unidad",141,"2025-08-07 22:08:19","2025-08-07",31,110,NULL,40,NULL,NULL
"pc6z87oq","b6d985ea","e852ea91","Tapas domicilio",NULL,"f4e7a67f",NULL,"unidad",11,"2025-12-14 19:01:36","2025-12-14",0,11,NULL,10,NULL,NULL
"pczow1mm","63813313","9f390fc10","Normal 12 Onz",NULL,"a4190f21",NULL,"unidad",163,"2025-07-06 09:26:21","2025-07-05",0,163,NULL,40,NULL,NULL
"pdmz1wxg","249e57ef","b5a797f3","Adicional de gomas",NULL,"1f077d1a",NULL,"unidad",10,"2025-09-21 19:05:21","2025-09-21",5,5,NULL,NULL,NULL,NULL
"pec902v4","78c784b3","9f390fc10","Normal 12 Onz",NULL,"a4190f21",NULL,"unidad",161,"2025-12-07 18:48:30","2025-12-07",103,58,NULL,80,NULL,NULL
"pf9yjte9","e97ef01f","9f390fc12","Normal 24 Onz",NULL,"e114aa93",NULL,"unidad",20,"2025-10-10 23:48:37","2025-10-10",14,6,NULL,20,NULL,NULL
"pfmaadh3","01c126e3","9f390fc16","Normal 12 Onz Sin licor",NULL,"a4190f21",NULL,"unidad",26,"2024-12-10 08:10:59","2024-12-10",8,18,NULL,NULL,NULL,NULL
"pg4nud3c","6ba78bb8","9f390fc12","Normal 24 Onz",NULL,"e114aa93",NULL,"unidad",18,"2025-05-21 22:18:07","2025-05-21",13,5,NULL,NULL,NULL,NULL
"pg5yk0k0","4f774db7","9f390fc12","Normal 24 Onz",NULL,"e114aa93",NULL,"unidad",38,"2026-01-07 23:10:42","2026-01-07",36,2,NULL,NULL,NULL,NULL
"pgc2gj1r","56b60f94","9f390fc10","Normal 12 Onz",NULL,"a4190f21",NULL,"unidad",135,"2025-08-30 00:02:30","2025-08-29",17,118,NULL,20,NULL,NULL
"pgkwpopv","ee622fc7","9f390fc12","Normal 24 Onz",NULL,"e114aa93",NULL,"unidad",16,"2025-06-15 19:19:18","2025-06-15",7,9,NULL,NULL,NULL,NULL
"pgwxvs4v","80ffddd9","9f390fc11","Normal 16 Onz",NULL,"feb4c064",NULL,"unidad",18,"2025-06-08 18:35:51","2025-06-08",15,3,NULL,NULL,NULL,NULL
"ph0d49xp","26fbbbb5","9f390fc16","Normal 12 Onz Sin licor",NULL,"a4190f21",NULL,"unidad",112,"2025-09-19 23:56:17","2025-09-19",4,108,NULL,20,NULL,NULL
"pij0qsly","a78c672f","9f390fc12","Normal 24 Onz",NULL,"e114aa93",NULL,"unidad",19,"2025-12-04 22:40:40","2025-12-04",15,4,NULL,NULL,NULL,NULL
"pk71gs7e","5584ae3d","a827d17a","Chivas Regal",NULL,"8979ada5",NULL,"unidad",2,"2025-08-20 22:53:24","2025-08-20",2,0,NULL,NULL,NULL,NULL
"pkc7810w","2c55d30d","9f390fc11","Normal 16 Onz",NULL,"feb4c064",NULL,"unidad",20,"2025-08-07 21:35:46","2025-08-07",5,15,NULL,NULL,NULL,NULL
"pl2v3fe7","b74aaa3a","9f390fc13","Cremoso 13 Onz",NULL,"78b8732a",NULL,"unidad",23,"2025-05-07 18:45:02","2025-05-07",23,0,NULL,NULL,NULL,NULL
"pm9yc8hi","93e698d1","9f390fc12","Normal 24 Onz",NULL,"e114aa93",NULL,"unidad",20,"2025-11-12 22:49:06","2025-11-12",19,1,NULL,20,NULL,NULL
"pmfrn0bh","bfd0143e","9f390fc11","Normal 16 Onz",NULL,"feb4c064",NULL,"unidad",10,"2025-10-16 23:04:12","2025-10-16",1,9,NULL,NULL,NULL,NULL
"pntb96iu","bc824e15","8a734bcd","Shot de tequila",NULL,"bd785ddb",NULL,"unidad",0,"2025-01-10 09:27:54","2025-01-09",0,0,NULL,NULL,NULL,NULL
"poam7p3j","1b9b667f","b5a797f3","Adicional de gomas",NULL,"1f077d1a",NULL,"unidad",3,"2025-12-11 22:54:05","2025-12-11",3,0,NULL,NULL,NULL,NULL
"powwohwa","5b1604a9","9f390fc16","Normal 12 Onz Sin licor",NULL,"a4190f21",NULL,"unidad",64,"2025-06-14 00:01:01","2025-06-13",12,52,NULL,60,NULL,NULL
"pqoi8due","f767c545","9f390fc16","Normal 12 Onz Sin licor",NULL,"a4190f21",NULL,"unidad",176,"2025-08-17 00:01:29","2025-08-16",16,160,NULL,40,NULL,NULL
"prpn6fm7","3277d896","a827d17a","Chivas Regal",NULL,"8979ada5",NULL,"unidad",2,"2025-08-21 22:50:45","2025-08-21",2,0,NULL,NULL,NULL,NULL
"pupswkoz","0d08c6d8","9f390fc10","Normal 12 Onz",NULL,"a4190f21",NULL,"unidad",104,"2025-12-08 19:07:16","2025-12-08",31,73,NULL,1,NULL,NULL
"pv0odt1p","cf744f31","9f390fc11","Normal 16 Onz",NULL,"feb4c064",NULL,"unidad",24,"2025-08-10 00:49:04","2025-08-09",3,21,NULL,20,NULL,NULL
"pw7edbi5","a052e726","9f390fc12","Normal 24 Onz",NULL,"e114aa93",NULL,"unidad",6,"2025-02-27 19:40:42","2025-02-27",5,1,NULL,NULL,NULL,NULL
"pwe8qyv4","f5ac98d3","9f390fc11","Normal 16 Onz",NULL,"feb4c064",NULL,"unidad",18,"2025-08-31 18:57:04","2025-08-31",12,6,NULL,NULL,NULL,NULL
"pxc4i9j8","c222dea3","c9349148","Paquete de fruta $0",NULL,"c6434dc7",NULL,"unidad",17,"2025-10-09 22:56:59","2025-10-09",0,17,NULL,17,NULL,NULL
"pxvkxijd","75a6265b","9f390fc11","Normal 16 Onz",NULL,"feb4c064",NULL,"unidad",0,"2025-12-30 19:37:02","2025-12-30",0,0,NULL,NULL,NULL,NULL
"pxz3g4vx","70e7cd80","b5a797f3","Adicional de gomas",NULL,"1f077d1a",NULL,"unidad",3,"2025-12-28 18:46:46","2025-12-28",2,1,NULL,NULL,NULL,NULL
"pye0ajne","75a6265b","9f390fc12","Normal 24 Onz",NULL,"e114aa93",NULL,"unidad",21,"2025-12-30 23:05:31","2025-12-30",7,14,NULL,20,NULL,NULL
"pzl9l7wy","060e027a","c9349148","Paquete de fruta $0",NULL,"c6434dc7",NULL,"unidad",23,"2025-07-31 22:52:27","2025-07-31",0,23,NULL,23,NULL,NULL
"q0dgx7pi","8dae1e80","9c172aed","Paquete de fruta con Precio",NULL,"c6434dc7",NULL,"unidad",0,"2025-10-29 22:56:14","2025-10-29",0,0,NULL,NULL,NULL,NULL
"q1550o4a","9279f3d2","9f390fc10","Normal 12 Onz",NULL,"a4190f21",NULL,"unidad",201,"2025-09-21 01:06:14","2025-09-20",30,171,NULL,120,NULL,NULL
"q18gql8c","036190eb","9f390fc10","Normal 12 Onz",NULL,"a4190f21",NULL,"unidad",41,"2025-09-25 22:50:59","2025-09-25",7,34,NULL,NULL,NULL,NULL
"q1rc0r8n","c339c363","9f390fc12","Normal 24 Onz",NULL,"e114aa93",NULL,"unidad",11,"2025-03-14 23:28:59","2025-03-14",8,3,NULL,NULL,NULL,NULL
"q2kc5awi","c5752c48","9f390fc12","Normal 24 Onz",NULL,"e114aa93",NULL,"unidad",19,"2025-04-02 23:47:11","2025-04-02",11,8,NULL,19,NULL,NULL
"q3n7heuw","c0d507d1","9f390fc12","Normal 24 Onz",NULL,"e114aa93",NULL,"unidad",20,"2025-04-16 22:48:50","2025-04-16",3,17,NULL,20,NULL,NULL
"q58yls0n","648572fe","9f390fc16","Normal 12 Onz Sin licor",NULL,"a4190f21",NULL,"unidad",47,"2025-05-15 23:05:16","2025-05-15",23,24,NULL,20,NULL,NULL
"q6piku06","0b0d639a","b5a797f3","Adicional de gomas",NULL,"1f077d1a",NULL,"unidad",2,"2025-10-26 00:33:21","2025-10-25",1,1,NULL,NULL,NULL,NULL
"q8dd6oe9","95013068","9f390fc16","Normal 12 Onz Sin licor",NULL,"a4190f21",NULL,"unidad",123,"2025-04-17 22:22:55","2025-04-17",10,113,NULL,20,NULL,NULL
"qash5mm4","7eca950b","b5a797f3","Adicional de gomas",NULL,"1f077d1a",NULL,"unidad",4,"2025-12-21 01:01:45","2025-12-20",0,4,NULL,1,NULL,NULL
"qch5vpfh","9b881b60","9f390fc13","Cremoso 13 Onz",NULL,"78b8732a",NULL,"unidad",7,"2025-05-16 22:33:23","2025-05-16",7,0,NULL,NULL,NULL,NULL
"qeb9srj0","4d805e8a","9f390fc16","Normal 12 Onz Sin licor",NULL,"a4190f21",NULL,"unidad",90,"2025-06-30 18:58:30","2025-06-30",15,75,NULL,80,NULL,NULL
"qfcox1p3","5c2255ff","9f390fc16","Normal 12 Onz Sin licor",NULL,"a4190f21",NULL,"unidad",231,"2025-12-25 22:44:24","2025-12-25",45,186,NULL,15,NULL,NULL
"qg8wqgy3","f71ef327","9f390fc16","Normal 12 Onz Sin licor",NULL,"a4190f21",NULL,"unidad",116,"2025-04-06 00:39:41","2025-04-05",5,111,NULL,50,NULL,NULL
"qggityyj","7456bf87","9f390fc16","Normal 12 Onz Sin licor",NULL,"a4190f21",NULL,"unidad",38,"2025-03-27 22:47:24","2025-03-27",23,15,NULL,20,NULL,NULL
"qgjab8a6","118a5c56","8a734bcd","Shot de tequila",NULL,"bd785ddb",NULL,"unidad",0,"2025-01-25 10:36:00","2025-01-24",0,0,NULL,NULL,NULL,NULL
"qh2ggxc6","c7bde486","9c172aed","Paquete de fruta con Precio",NULL,"c6434dc7",NULL,"unidad",0,"2025-06-18 22:33:30","2025-06-18",0,0,NULL,NULL,NULL,NULL
"qhbv0049","6cf74fb6","8a734bcd","Shot de tequila",NULL,"bd785ddb",NULL,"unidad",12,"2024-11-22 13:38:16","2024-11-22",11,1,NULL,11,NULL,NULL
"qi3ecqkz","f3abcfde","9f390fc12","Normal 24 Onz",NULL,"e114aa93",NULL,"unidad",26,"2024-11-29 09:56:09","2024-11-29",22,4,NULL,20,NULL,NULL
"qj56ly2w","41c02110","9f390fc16","Normal 12 Onz Sin licor",NULL,"a4190f21",NULL,"unidad",61,"2025-09-18 23:02:54","2025-09-18",12,49,NULL,40,NULL,NULL
"qklio6ki","c7d0b6ac","29ab6c8a","Absolut",NULL,"f6fdf4d1",NULL,"unidad",3,"2025-08-17 19:07:31","2025-08-17",2,1,NULL,NULL,NULL,NULL
"qkmpucir","fd0c5115","8a734bcd","Shot de tequila",NULL,"bd785ddb",NULL,"unidad",4,"2024-11-09 13:09:23","2024-11-09",2,2,NULL,NULL,NULL,NULL
"qkxkneaq","092ff74b","c9349148","Paquete de fruta $0",NULL,"c6434dc7",NULL,"unidad",16,"2025-11-26 22:58:26","2025-11-26",8,8,NULL,NULL,NULL,NULL
"qm5bj50v","ee622fc7","9f390fc13","Cremoso 13 Onz",NULL,"78b8732a",NULL,"unidad",22,"2025-06-16 12:45:09","2025-06-15",13,9,NULL,NULL,NULL,NULL
"qmekijwq","bfd0143e","9f390fc16","Normal 12 Onz Sin licor",NULL,"a4190f21",NULL,"unidad",74,"2025-10-16 23:05:17","2025-10-16",16,58,NULL,20,NULL,NULL
"qof6flbq","38fd446d","9f390fc16","Normal 12 Onz Sin licor",NULL,"a4190f21",NULL,"unidad",36,"2025-03-12 23:13:10","2025-03-12",19,17,NULL,NULL,NULL,NULL
"qoix3pe0","edb7bf08","9f390fc13","Cremoso 13 Onz",NULL,"78b8732a",NULL,"unidad",2,"2025-04-18 18:22:58","2025-04-18",2,0,NULL,NULL,NULL,NULL
"qp5f7tzw","788bd240","9f390fc16","Normal 12 Onz Sin licor",NULL,"a4190f21",NULL,"unidad",134,"2025-07-13 01:05:04","2025-07-12",15,119,NULL,20,NULL,NULL
"qptzdg8h","e68bd1e8","9f390fc16","Normal 12 Onz Sin licor",NULL,"a4190f21",NULL,"unidad",126,"2025-06-08 00:56:56","2025-06-07",5,121,NULL,60,NULL,NULL
"qqn1lw69","fa8f666e","9f390fc16","Normal 12 Onz Sin licor",NULL,"a4190f21",NULL,"unidad",20,"2025-03-06 15:48:12","2025-03-06",11,9,NULL,NULL,NULL,NULL
"qrpe7273","02c8d138","9f390fc11","Normal 16 Onz",NULL,"feb4c064",NULL,"unidad",23,"2025-06-05 22:16:44","2025-06-05",23,0,NULL,20,NULL,NULL
"qrppu9hb","2519d86b","b5a797f3","Adicional de gomas",NULL,"1f077d1a",NULL,"unidad",10,"2025-11-16 19:09:05","2025-11-16",9,1,NULL,1,NULL,NULL
"qst4o7zu","675767ca","9f390fc10","Normal 12 Onz",NULL,"a4190f21",NULL,"unidad",82,"2025-09-24 23:22:22","2025-09-24",41,41,NULL,9,NULL,NULL
"qt0d34kk","5e8894ab","9f390fc16","Normal 12 Onz Sin licor",NULL,"a4190f21",NULL,"unidad",119,"2025-03-09 01:47:44","2025-03-08",31,88,NULL,30,NULL,NULL
"qtf8a5gj","f72e0685","9c172aed","Paquete de fruta con Precio",NULL,"c6434dc7",NULL,"unidad",0,"2025-06-21 22:50:22","2025-06-21",0,0,NULL,NULL,NULL,NULL
"qtofz9ua","23fa9273","8a734bcd","Shot de tequila",NULL,"bd785ddb",NULL,"unidad",0,"2026-01-09 19:17:17","2026-01-09",0,0,NULL,NULL,NULL,NULL
"qtx6qma6","13c3b71c","9c172aed","Paquete de fruta con Precio",NULL,"c6434dc7",NULL,"unidad",0,"2025-06-06 19:01:04","2025-06-06",0,0,NULL,NULL,NULL,NULL
"qu1tz5cm","14833500","9f390fc16","Normal 12 Onz Sin licor",NULL,"a4190f21",NULL,"unidad",139,"2025-07-23 13:54:53","2025-07-20",1,138,NULL,20,NULL,NULL
"qu5goita","48754b2d","8a734bcd","Shot de tequila",NULL,"bd785ddb",NULL,"unidad",10,"2024-12-16 10:57:07","2024-12-16",10,0,NULL,NULL,NULL,NULL
"qu6lp21a","7992300d","9f390fc10","Normal 12 Onz",NULL,"a4190f21",NULL,"unidad",42,"2025-06-11 22:47:57","2025-06-11",18,24,NULL,40,NULL,NULL
"qu9vf505","eba6c87b","e852ea91","Tapas domicilio",NULL,"f4e7a67f",NULL,"unidad",19,"2025-12-23 23:17:18","2025-12-23",12,7,NULL,NULL,NULL,NULL
"qukmkb5d","52ff395b","9f390fc13","Cremoso 13 Onz",NULL,"78b8732a",NULL,"unidad",7,"2024-12-19 08:48:54","2024-12-19",3,4,NULL,NULL,NULL,NULL
"qvpn2lwq","56c0d800","9f390fc11","Normal 16 Onz",NULL,"feb4c064",NULL,"unidad",30,"2025-10-19 00:56:05","2025-10-18",16,14,NULL,20,NULL,NULL
"qwb8l5wj","8f0b1d91","c9349148","Paquete de fruta $0",NULL,"c6434dc7",NULL,"unidad",17,"2025-10-03 23:56:12","2025-10-03",1,16,NULL,17,NULL,NULL
"qyk74xus","8c500593","9f390fc12","Normal 24 Onz",NULL,"e114aa93",NULL,"unidad",9,"2024-11-28 15:51:54","2024-11-28",6,3,NULL,NULL,NULL,NULL
"r0231d7a","7eca950b","9f390fc16","Normal 12 Onz Sin licor",NULL,"a4190f21",NULL,"unidad",241,"2025-12-21 01:13:13","2025-12-20",72,169,NULL,200,NULL,NULL
"r02hmegl","bfb5eb99","c9349148","Paquete de fruta $0",NULL,"c6434dc7",NULL,"unidad",28,"2025-11-30 19:23:56","2025-11-30",1,27,NULL,28,NULL,NULL
"r1j7iir9","14833500","9c172aed","Paquete de fruta con Precio",NULL,"c6434dc7",NULL,"unidad",1,"2025-07-20 19:24:13","2025-07-20",0,1,NULL,NULL,NULL,NULL
"r2y1h8l9","b80106c3","9f390fc10","Normal 12 Onz",NULL,"a4190f21",NULL,"unidad",94,"2025-08-08 23:48:22","2025-08-08",31,63,NULL,40,NULL,NULL
"r37p8w36","ed54ccf7","9f390fc12","Normal 24 Onz",NULL,"e114aa93",NULL,"unidad",4,"2024-12-24 14:44:32","2024-12-24",0,4,NULL,NULL,NULL,NULL
"r4tcnx0o","b50518ef","c9349148","Paquete de fruta $0",NULL,"c6434dc7",NULL,"unidad",18,"2025-11-02 18:47:26","2025-11-02",0,18,NULL,NULL,NULL,NULL
"r55knsh7","60e7f19d","9f390fc16","Normal 12 Onz Sin licor",NULL,"a4190f21",NULL,"unidad",45,"2025-07-30 22:36:31","2025-07-30",10,35,NULL,40,NULL,NULL
"r5zr8hr5","bda941bb","9f390fc12","Normal 24 Onz",NULL,"e114aa93",NULL,"unidad",9,"2025-03-29 22:29:16","2025-03-29",0,9,NULL,NULL,NULL,NULL
"r6au3yg9","96457b06","b5a797f3","Adicional de gomas",NULL,"1f077d1a",NULL,"unidad",9,"2025-11-17 19:07:35","2025-11-17",5,4,NULL,NULL,NULL,NULL
"r6bt6vps","0674313a","c9349148","Paquete de fruta $0",NULL,"c6434dc7",NULL,"unidad",16,"2025-10-17 23:54:45","2025-10-17",0,16,NULL,11,NULL,NULL
"r6l0ze18","75dc5b07","9f390fc16","Normal 12 Onz Sin licor",NULL,"a4190f21",NULL,"unidad",125,"2025-09-27 20:13:45","2025-09-26",52,73,NULL,120,NULL,NULL
"r7pt1ol0","1fbc7b32","9f390fc10","Normal 12 Onz",NULL,"a4190f21",NULL,"unidad",51,"2025-06-05 12:38:17","2025-06-04",18,33,NULL,1,NULL,NULL
"r93surrw","2a76948a","9f390fc10","Normal 12 Onz",NULL,"a4190f21",NULL,"unidad",166,"2025-07-20 00:58:20","2025-07-19",16,150,NULL,40,NULL,NULL
"r9b2ahqv","c7bde486","9f390fc16","Normal 12 Onz Sin licor",NULL,"a4190f21",NULL,"unidad",46,"2025-06-18 22:40:17","2025-06-18",14,32,NULL,40,NULL,NULL
"r9grzr4o","6e22e915","9f390fc11","Normal 16 Onz",NULL,"feb4c064",NULL,"unidad",35,"2025-05-09 23:46:02","2025-05-09",10,25,NULL,20,NULL,NULL
"r9jevbsm","95013068","9f390fc10","Normal 12 Onz",NULL,"a4190f21",NULL,"unidad",19,"2025-04-17 18:25:40","2025-04-17",19,0,NULL,NULL,NULL,NULL
"racm34oq","947178b6","8a734bcd","Shot de tequila",NULL,"bd785ddb",NULL,"unidad",0,"2025-02-08 19:21:23","2025-02-08",0,0,NULL,NULL,NULL,NULL
"raxj2miw","96eec3c9","9f390fc12","Normal 24 Onz",NULL,"e114aa93",NULL,"unidad",13,"2025-04-23 22:57:23","2025-04-23",11,2,NULL,NULL,NULL,NULL
"rb83oyyw","3277d896","9f390fc12","Normal 24 Onz",NULL,"e114aa93",NULL,"unidad",7,"2025-08-21 22:49:41","2025-08-21",5,2,NULL,NULL,NULL,NULL
"rbjne7w5","fe6d6765","9f390fc10","Normal 12 Onz",NULL,"a4190f21",NULL,"unidad",38,"2025-10-08 22:47:52","2025-10-08",2,36,NULL,20,NULL,NULL
"rbs66g7l","d3b608a8","b5a797f3","Adicional de gomas",NULL,"1f077d1a",NULL,"unidad",4,"2026-01-03 21:22:31","2026-01-03",4,0,NULL,NULL,NULL,NULL
"rd02pgs7","01c126e3","8a734bcd","Shot de tequila",NULL,"bd785ddb",NULL,"unidad",3,"2024-12-10 08:11:01","2024-12-10",2,1,NULL,NULL,NULL,NULL
"revitjlm","c5b4b7f0","c9349148","Paquete de fruta $0",NULL,"c6434dc7",NULL,"unidad",26,"2025-07-04 23:57:00","2025-07-04",0,26,NULL,21,NULL,NULL
"rfdgbkl6","f767c545","b5a797f3","Adicional de gomas",NULL,"1f077d1a",NULL,"unidad",15,"2025-08-16 17:56:41","2025-08-16",8,7,NULL,10,NULL,NULL
"rh57pmtt","c9484a09","9f390fc11","Normal 16 Onz",NULL,"feb4c064",NULL,"unidad",5,"2025-10-05 18:01:44","2025-10-05",0,5,NULL,NULL,NULL,NULL
"rhpa685k","2855d2bf","9f390fc13","Cremoso 13 Onz",NULL,"78b8732a",NULL,"unidad",16,"2025-05-31 00:03:58","2025-05-30",7,9,NULL,NULL,NULL,NULL
"rhvpdz87","1556c086","9f390fc12","Normal 24 Onz",NULL,"e114aa93",NULL,"unidad",10,"2025-05-01 20:04:57","2025-05-01",5,5,NULL,NULL,NULL,NULL
"rick4prd","dba55dff","9f390fc11","Normal 16 Onz",NULL,"feb4c064",NULL,"unidad",22,"2025-08-27 22:41:30","2025-08-27",20,2,NULL,20,NULL,NULL
"rj4te29h","5c43fb31","9f390fc12","Normal 24 Onz",NULL,"e114aa93",NULL,"unidad",20,"2024-11-02 14:00:20","2024-11-02",15,5,NULL,8,NULL,NULL
"rjjpdoyu","1c82e727","9c172aed","Paquete de fruta con Precio",NULL,"c6434dc7",NULL,"unidad",0,"2025-11-06 19:50:01","2025-11-06",0,0,NULL,NULL,NULL,NULL
"rk7zt6vf","dba55dff","9f390fc16","Normal 12 Onz Sin licor",NULL,"a4190f21",NULL,"unidad",52,"2025-08-27 22:42:42","2025-08-27",19,33,NULL,20,NULL,NULL
"rkjryyao","c763f320","9f390fc16","Normal 12 Onz Sin licor",NULL,"a4190f21",NULL,"unidad",63,"2025-04-11 23:53:00","2025-04-11",7,56,NULL,10,NULL,NULL
"rl6jaj8t","fe6d6765","9f390fc12","Normal 24 Onz",NULL,"e114aa93",NULL,"unidad",3,"2025-10-08 22:48:00","2025-10-08",2,1,NULL,NULL,NULL,NULL
"rlbo3mb1","036190eb","9c172aed","Paquete de fruta con Precio",NULL,"c6434dc7",NULL,"unidad",0,"2025-09-25 18:55:01","2025-09-25",0,0,NULL,NULL,NULL,NULL
"rlrd53jb","60e7f19d","9f390fc11","Normal 16 Onz",NULL,"feb4c064",NULL,"unidad",10,"2025-07-30 22:36:38","2025-07-30",9,1,NULL,NULL,NULL,NULL
"rlsygrx9","032ea435","9f390fc11","Normal 16 Onz",NULL,"feb4c064",NULL,"unidad",7,"2025-12-23 10:18:39","2025-12-22",3,4,NULL,NULL,NULL,NULL
"rlvlcgga","c222dea3","9f390fc16","Normal 12 Onz Sin licor",NULL,"a4190f21",NULL,"unidad",76,"2025-10-09 22:56:57","2025-10-09",10,66,NULL,20,NULL,NULL
"rmgujqa2","9279f3d2","9f390fc16","Normal 12 Onz Sin licor",NULL,"a4190f21",NULL,"unidad",164,"2025-09-21 01:01:11","2025-09-20",11,153,NULL,80,NULL,NULL
"rmklmjxn","ca4d1dcc","9f390fc16","Normal 12 Onz Sin licor",NULL,"a4190f21",NULL,"unidad",194,"2025-09-07 00:43:35","2025-09-06",29,165,NULL,40,NULL,NULL
"rmtgakv7","f5e946d5","9f390fc11","Normal 16 Onz",NULL,"feb4c064",NULL,"unidad",24,"2025-10-24 22:23:51","2025-10-24",19,5,NULL,NULL,NULL,NULL
"rny2afv1","8dae1e80","b5a797f3","Adicional de gomas",NULL,"1f077d1a",NULL,"unidad",0,"2025-10-29 22:56:12","2025-10-29",0,0,NULL,NULL,NULL,NULL
"ro2n6x26","9b21bc7b","9f390fc12","Normal 24 Onz",NULL,"e114aa93",NULL,"unidad",36,"2026-01-08 20:10:40","2026-01-08",34,2,NULL,NULL,NULL,NULL
"rpm6k7nn","7d889539","9f390fc12","Normal 24 Onz",NULL,"e114aa93",NULL,"unidad",36,"2025-05-04 11:21:23","2025-05-03",19,17,NULL,20,NULL,NULL
"rq5vipu9","b3556d27","9f390fc13","Cremoso 13 Onz",NULL,"78b8732a",NULL,"unidad",39,"2025-04-27 01:00:02","2025-04-26",22,17,NULL,25,NULL,NULL
"rqn2x73m","e2721cee","9f390fc12","Normal 24 Onz",NULL,"e114aa93",NULL,"unidad",21,"2025-06-22 20:03:49","2025-06-22",12,9,NULL,20,NULL,NULL
"rqytt6ag","eef68b67","9f390fc12","Normal 24 Onz",NULL,"e114aa93",NULL,"unidad",34,"2025-06-15 11:40:47","2025-06-14",16,18,NULL,20,NULL,NULL
"rrb50gxh","77295614","9c172aed","Paquete de fruta con Precio",NULL,"c6434dc7",NULL,"unidad",0,"2025-08-24 18:46:57","2025-08-24",0,0,NULL,NULL,NULL,NULL
"rrdwg0a9","06d99d55","9f390fc12","Normal 24 Onz",NULL,"e114aa93",NULL,"unidad",11,"2025-03-24 16:32:27","2025-03-24",10,1,NULL,NULL,NULL,NULL
"rrinmxrp","b4b512c4","9f390fc10","Normal 12 Onz",NULL,"a4190f21",NULL,"unidad",26,"2025-11-06 11:37:27","2025-11-05",14,12,NULL,1,NULL,NULL
"rs3cjs8h","5c43fb31","9f390fc10","Normal 12 Onz",NULL,"a4190f21",NULL,"unidad",150,"2024-11-02 14:00:18","2024-11-02",11,139,NULL,6,NULL,NULL
"ru2hew18","f3f4a2c5","9f390fc12","Normal 24 Onz",NULL,"e114aa93",NULL,"unidad",21,"2025-01-27 19:10:17","2025-01-26",20,1,NULL,NULL,NULL,NULL
"rwe8uz4b","6eeadca3","9f390fc11","Normal 16 Onz",NULL,"feb4c064",NULL,"unidad",15,"2025-10-12 19:09:22","2025-10-12",12,3,NULL,NULL,NULL,NULL
"rwo875m3","8dae1e80","9f390fc11","Normal 16 Onz",NULL,"feb4c064",NULL,"unidad",15,"2025-10-29 22:55:13","2025-10-29",12,3,NULL,NULL,NULL,NULL
"ry03fnbb","37ee9340","9f390fc16","Normal 12 Onz Sin licor",NULL,"a4190f21",NULL,"unidad",32,"2025-09-11 22:37:47","2025-09-11",3,29,NULL,20,NULL,NULL
"rz5at47y","032ea435","c9349148","Paquete de fruta $0",NULL,"c6434dc7",NULL,"unidad",19,"2025-12-23 10:19:18","2025-12-22",0,19,NULL,19,NULL,NULL
"rzo5h29x","56c0d800","9f390fc16","Normal 12 Onz Sin licor",NULL,"a4190f21",NULL,"unidad",241,"2025-10-19 14:07:19","2025-10-18",71,170,NULL,160,NULL,NULL
"s05rgw39","fd7aedb1","9f390fc10","Normal 12 Onz",NULL,"a4190f21",NULL,"unidad",71,"2024-11-15 14:33:27","2024-11-15",17,54,NULL,20,NULL,NULL
"s0ab6wsg","9382c03a","9f390fc13","Cremoso 13 Onz",NULL,"78b8732a",NULL,"unidad",13,"2025-02-19 22:59:51","2025-02-19",13,0,NULL,NULL,NULL,NULL
"s1mjxwd7","e381d9f1","b5a797f3","Adicional de gomas",NULL,"1f077d1a",NULL,"unidad",8,"2025-11-07 19:05:21","2025-11-07",5,3,NULL,NULL,NULL,NULL
"s1pzc8fk","0dca8b7e","c9349148","Paquete de fruta $0",NULL,"c6434dc7",NULL,"unidad",25,"2025-11-14 23:17:59","2025-11-14",2,23,NULL,3,NULL,NULL
"s24vqyny","b793b01f","9f390fc12","Normal 24 Onz",NULL,"e114aa93",NULL,"unidad",0,"2025-02-21 18:41:52","2025-02-21",0,0,NULL,NULL,NULL,NULL
"s29def01","6a0ec7e9","9f390fc10","Normal 12 Onz",NULL,"a4190f21",NULL,"unidad",40,"2025-02-05 22:55:15","2025-02-05",25,15,NULL,30,NULL,NULL
"s36xm38r","c05a8f51","9f390fc10","Normal 12 Onz",NULL,"a4190f21",NULL,"unidad",57,"2024-12-07 14:12:45","2024-12-07",25,32,NULL,50,NULL,NULL
"s3evvsec","147116cb","b5a797f3","Adicional de gomas",NULL,"1f077d1a",NULL,"unidad",4,"2025-11-28 18:12:35","2025-11-28",4,0,NULL,NULL,NULL,NULL
"s3u6jr8c","a4998b91","8a734bcd","Shot de tequila",NULL,"bd785ddb",NULL,"unidad",0,"2025-01-05 18:57:57","2025-01-04",0,0,NULL,NULL,NULL,NULL
"s4g6b8in","bfb5eb99","9c172aed","Paquete de fruta con Precio",NULL,"c6434dc7",NULL,"unidad",0,"2025-11-30 17:39:12","2025-11-30",0,0,NULL,NULL,NULL,NULL
"s4szh2xp","b7c18bac","9f390fc16","Normal 12 Onz Sin licor",NULL,"a4190f21",NULL,"unidad",39,"2025-01-03 14:34:42","2025-01-02",17,22,NULL,20,NULL,NULL
"s61w2qp2","75dc5b07","9f390fc10","Normal 12 Onz",NULL,"a4190f21",NULL,"unidad",127,"2025-09-27 20:13:10","2025-09-26",58,69,NULL,120,NULL,NULL
"s72era5e","66ba9ea7","e852ea91","Tapas domicilio",NULL,"f4e7a67f",NULL,"unidad",7,"2025-11-20 22:58:46","2025-11-20",3,4,NULL,NULL,NULL,NULL
"s7i7z17m","b6d985ea","b5a797f3","Adicional de gomas",NULL,"1f077d1a",NULL,"unidad",3,"2025-12-14 19:01:48","2025-12-14",0,3,NULL,NULL,NULL,NULL
"s7tv1yfu","b4aeccc3","9f390fc10","Normal 12 Onz",NULL,"a4190f21",NULL,"unidad",87,"2024-11-16 10:18:00","2024-11-16",8,79,NULL,20,NULL,NULL
"s7yteo7z","249e57ef","9f390fc11","Normal 16 Onz",NULL,"feb4c064",NULL,"unidad",10,"2025-09-21 18:42:45","2025-09-21",0,10,NULL,NULL,NULL,NULL
"s8ogblmn","b4aeccc3","9f390fc13","Cremoso 13 Onz",NULL,"78b8732a",NULL,"unidad",20,"2024-11-16 10:18:06","2024-11-16",3,17,NULL,4,NULL,NULL
"s94hcw85","b474a5ad","9f390fc10","Normal 12 Onz",NULL,"a4190f21",NULL,"unidad",186,"2025-10-12 12:02:28","2025-10-11",34,152,NULL,2,NULL,NULL
"s9bj4dbu","1b1830f5","9f390fc12","Normal 24 Onz",NULL,"e114aa93",NULL,"unidad",15,"2025-10-15 22:12:24","2025-10-15",15,0,NULL,NULL,NULL,NULL
"s9dv5p3r","f6b609b1","b5a797f3","Adicional de gomas",NULL,"1f077d1a",NULL,"unidad",4,"2025-12-03 22:47:58","2025-12-03",2,2,NULL,NULL,NULL,NULL
"s9v9cccm","40b6e8e7","9f390fc13","Cremoso 13 Onz",NULL,"78b8732a",NULL,"unidad",24,"2025-04-13 00:54:29","2025-04-12",11,13,NULL,22,NULL,NULL
"sa51bkh3","ba1af6b6","9f390fc11","Normal 16 Onz",NULL,"feb4c064",NULL,"unidad",29,"2025-05-18 00:51:29","2025-05-17",1,28,NULL,20,NULL,NULL
"sc111im8","13c3b71c","c9349148","Paquete de fruta $0",NULL,"c6434dc7",NULL,"unidad",17,"2025-06-06 22:16:43","2025-06-06",0,17,NULL,NULL,NULL,NULL
"scas0hpr","1299650a","9f390fc16","Normal 12 Onz Sin licor",NULL,"a4190f21",NULL,"unidad",66,"2024-12-08 10:55:50","2024-12-08",9,57,NULL,10,NULL,NULL
"sck6hwp0","8557c12a","c9349148","Paquete de fruta $0",NULL,"c6434dc7",NULL,"unidad",26,"2025-05-29 22:44:31","2025-05-29",6,20,NULL,NULL,NULL,NULL
"scpjumnj","0d08c6d8","9f390fc16","Normal 12 Onz Sin licor",NULL,"a4190f21",NULL,"unidad",160,"2025-12-08 19:06:46","2025-12-08",3,157,NULL,20,NULL,NULL
"scx8jizj","1c82e727","b5a797f3","Adicional de gomas",NULL,"1f077d1a",NULL,"unidad",8,"2025-11-06 19:56:33","2025-11-06",8,0,NULL,NULL,NULL,NULL
"sdlbevuj","6ba78bb8","9f390fc16","Normal 12 Onz Sin licor",NULL,"a4190f21",NULL,"unidad",48,"2025-05-21 22:56:05","2025-05-21",29,19,NULL,40,NULL,NULL
"sdqfs6pw","e1ed0f5f","9c172aed","Paquete de fruta con Precio",NULL,"c6434dc7",NULL,"unidad",0,"2025-07-25 17:56:29","2025-07-25",0,0,NULL,NULL,NULL,NULL
"sgukzv03","3fa1eb0d","8a734bcd","Shot de tequila",NULL,"bd785ddb",NULL,"unidad",0,"2025-02-28 17:11:52","2025-02-28",0,0,NULL,NULL,NULL,NULL
"sho64j8q","d8ec1bc3","9f390fc10","Normal 12 Onz",NULL,"a4190f21",NULL,"unidad",102,"2025-02-16 00:47:25","2025-02-15",12,90,NULL,20,NULL,NULL
"siknr80w","12ef6fd1","9f390fc12","Normal 24 Onz",NULL,"e114aa93",NULL,"unidad",20,"2025-01-12 09:37:32","2025-01-11",11,9,NULL,NULL,NULL,NULL
"sj29vjw0","8eeae93b","8a734bcd","Shot de tequila",NULL,"bd785ddb",NULL,"unidad",0,"2025-02-22 18:40:22","2025-02-22",0,0,NULL,NULL,NULL,NULL
"sk1hl4qe","8dae1e80","9f390fc12","Normal 24 Onz",NULL,"e114aa93",NULL,"unidad",9,"2025-10-29 22:55:25","2025-10-29",6,3,NULL,NULL,NULL,NULL
"skzr82xn","404a8aea","9f390fc10","Normal 12 Onz",NULL,"a4190f21",NULL,"unidad",215,"2025-11-01 00:24:40","2025-10-31",16,199,NULL,-40,NULL,NULL
"sl80loev","23bcec05","9f390fc12","Normal 24 Onz",NULL,"e114aa93",NULL,"unidad",20,"2025-07-02 22:26:23","2025-07-02",19,1,NULL,NULL,NULL,NULL
"sm86nzuk","5ccade86","9f390fc10","Normal 12 Onz",NULL,"a4190f21",NULL,"unidad",93,"2025-12-21 18:43:34","2025-12-21",46,47,NULL,80,NULL,NULL
"sn9xioo7","5ed95a10","9f390fc16","Normal 12 Onz Sin licor",NULL,"a4190f21",NULL,"unidad",23,"2024-11-07 10:01:33","2024-11-07",1,22,NULL,30,NULL,NULL
"so80xptw","80805014","9f390fc12","Normal 24 Onz",NULL,"e114aa93",NULL,"unidad",4,"2024-12-15 11:25:28","2024-12-15",0,4,NULL,NULL,NULL,NULL
"soc9k6l9","b393d3b2","29ab6c8a","Absolut",NULL,"f6fdf4d1",NULL,"unidad",5,"2025-05-25 17:48:11","2025-05-25",5,0,NULL,5,NULL,NULL
"sp2mdjei","b2980c95","b5a797f3","Adicional de gomas",NULL,"1f077d1a",NULL,"unidad",3,"2026-01-10 23:52:18","2026-01-10",3,0,NULL,NULL,NULL,NULL
"spq5l465","c3770e2b","9f390fc13","Cremoso 13 Onz",NULL,"78b8732a",NULL,"unidad",20,"2025-01-18 13:51:14","2025-01-17",12,8,NULL,NULL,NULL,NULL
"sqwcsrpt","f3f4a2c5","9f390fc16","Normal 12 Onz Sin licor",NULL,"a4190f21",NULL,"unidad",64,"2025-01-27 19:10:21","2025-01-26",14,50,NULL,20,NULL,NULL
"srdpetmz","2c217547","8a734bcd","Shot de tequila",NULL,"bd785ddb",NULL,"unidad",4,"2024-12-01 14:00:34","2024-12-01",4,0,NULL,NULL,NULL,NULL
"srl9gc1p","f767c545","c9349148","Paquete de fruta $0",NULL,"c6434dc7",NULL,"unidad",26,"2025-08-17 00:02:14","2025-08-16",2,24,NULL,NULL,NULL,NULL
"ssotp83e","2519d86b","9f390fc12","Normal 24 Onz",NULL,"e114aa93",NULL,"unidad",9,"2025-11-16 19:03:23","2025-11-16",6,3,NULL,NULL,NULL,NULL
"stft6k3o","2a76948a","9f390fc11","Normal 16 Onz",NULL,"feb4c064",NULL,"unidad",26,"2025-07-20 00:37:26","2025-07-19",5,21,NULL,20,NULL,NULL
"stq3kwzk","705c425b","9c172aed","Paquete de fruta con Precio",NULL,"c6434dc7",NULL,"unidad",0,"2025-07-11 18:44:29","2025-07-11",0,0,NULL,NULL,NULL,NULL
"su1bw53t","8d569e67","9f390fc12","Normal 24 Onz",NULL,"e114aa93",NULL,"unidad",0,"2025-02-20 22:44:50","2025-02-20",0,0,NULL,NULL,NULL,NULL
"suci8wzk","c222dea3","b5a797f3","Adicional de gomas",NULL,"1f077d1a",NULL,"unidad",8,"2025-10-09 22:57:12","2025-10-09",7,1,NULL,NULL,NULL,NULL
"suv6zn7s","ee8872ac","c9349148","Paquete de fruta $0",NULL,"c6434dc7",NULL,"unidad",32,"2025-07-09 22:38:05","2025-07-09",8,24,NULL,32,NULL,NULL
"sva71an0","ee0db852","9f390fc16","Normal 12 Onz Sin licor",NULL,"a4190f21",NULL,"unidad",191,"2025-09-28 00:45:53","2025-09-27",17,174,NULL,20,NULL,NULL
"svf3j2lf","947178b6","9f390fc12","Normal 24 Onz",NULL,"e114aa93",NULL,"unidad",11,"2025-02-08 19:21:18","2025-02-08",6,5,NULL,NULL,NULL,NULL
"svvw6gik","69dc7e06","9f390fc16","Normal 12 Onz Sin licor",NULL,"a4190f21",NULL,"unidad",46,"2025-01-23 10:22:16","2025-01-22",21,25,NULL,30,NULL,NULL
"sw79p316","4469b40c","c9349148","Paquete de fruta $0",NULL,"c6434dc7",NULL,"unidad",24,"2025-12-12 23:01:26","2025-12-12",0,24,NULL,24,NULL,NULL
"sxc2ktjt","a5f903bf","9c172aed","Paquete de fruta con Precio",NULL,"c6434dc7",NULL,"unidad",0,"2025-12-28 00:38:05","2025-12-27",0,0,NULL,NULL,NULL,NULL
"sy0ip66r","26c92f93","9f390fc10","Normal 12 Onz",NULL,"a4190f21",NULL,"unidad",84,"2025-08-22 23:56:18","2025-08-22",8,76,NULL,20,NULL,NULL
"syi0gd5b","c4493a67","9f390fc12","Normal 24 Onz",NULL,"e114aa93",NULL,"unidad",13,"2025-03-20 22:51:30","2025-03-20",10,3,NULL,NULL,NULL,NULL
"szf9p2o4","0f02172c","c9349148","Paquete de fruta $0",NULL,"c6434dc7",NULL,"unidad",16,"2025-12-29 23:11:26","2025-12-29",0,16,NULL,16,NULL,NULL
"t062x5wy","509be383","9f390fc11","Normal 16 Onz",NULL,"feb4c064",NULL,"unidad",0,"2025-04-09 23:03:00","2025-04-09",0,0,NULL,NULL,NULL,NULL
"t10gbbkn","a2ef0041","9f390fc10","Normal 12 Onz",NULL,"a4190f21",NULL,"unidad",82,"2025-08-10 18:58:45","2025-08-10",22,60,NULL,60,NULL,NULL
"t11f1w2n","c0ae91fb","9f390fc13","Cremoso 13 Onz",NULL,"78b8732a",NULL,"unidad",12,"2024-12-22 12:24:24","2024-12-22",7,5,NULL,-2,NULL,NULL
"t1c4zqmc","26fff2ed","9f390fc11","Normal 16 Onz",NULL,"feb4c064",NULL,"unidad",21,"2025-11-30 00:58:23","2025-11-29",4,17,NULL,20,NULL,NULL
"t1k96cfp","c48b91eb","9f390fc12","Normal 24 Onz",NULL,"e114aa93",NULL,"unidad",13,"2024-11-24 14:36:48","2024-11-24",10,3,NULL,NULL,NULL,NULL
"t1mht9sj","62b8397f","9f390fc13","Cremoso 13 Onz",NULL,"78b8732a",NULL,"unidad",22,"2025-01-12 19:00:15","2025-01-12",21,1,NULL,NULL,NULL,NULL
"t225tax5","06c0f9ad","8a734bcd","Shot de tequila",NULL,"bd785ddb",NULL,"unidad",5,"2024-12-09 09:41:29","2024-12-09",3,2,NULL,NULL,NULL,NULL
"t3hfpn0n","3ab94560","8a734bcd","Shot de tequila",NULL,"bd785ddb",NULL,"unidad",0,"2025-02-16 18:13:06","2025-02-16",0,0,NULL,NULL,NULL,NULL
"t4fxkjl6","f5ac98d3","9f390fc10","Normal 12 Onz",NULL,"a4190f21",NULL,"unidad",51,"2025-08-31 18:56:44","2025-08-31",12,39,NULL,NULL,NULL,NULL
"t4hs5rvy","c54c362a","9f390fc10","Normal 12 Onz",NULL,"a4190f21",NULL,"unidad",41,"2025-01-02 12:38:59","2024-12-31",4,37,NULL,-9,NULL,NULL
"t581evee","93c98ad7","9f390fc12","Normal 24 Onz",NULL,"e114aa93",NULL,"unidad",0,"2024-11-01 13:08:41","2024-11-01",0,0,NULL,NULL,NULL,NULL
"t5x3pms6","13c3b71c","9f390fc13","Cremoso 13 Onz",NULL,"78b8732a",NULL,"unidad",10,"2025-06-06 22:15:56","2025-06-06",1,9,NULL,5,NULL,NULL
"t71pdxpc","979f652e","2061a24e","Jack daniels",NULL,"35dbe1bc",NULL,"unidad",0,"2025-08-23 18:28:07","2025-08-23",0,0,NULL,NULL,NULL,NULL
"t7coji3i","05d934a8","b5a797f3","Adicional de gomas",NULL,"1f077d1a",NULL,"unidad",0,"2025-12-16 22:46:42","2025-12-16",0,0,NULL,NULL,NULL,NULL
"t7tj8jcb","fb452291","9f390fc10","Normal 12 Onz",NULL,"a4190f21",NULL,"unidad",80,"2025-04-20 19:12:19","2025-04-20",14,66,NULL,20,NULL,NULL
"t8aswk11","9b881b60","9f390fc11","Normal 16 Onz",NULL,"feb4c064",NULL,"unidad",30,"2025-05-16 22:52:10","2025-05-16",9,21,NULL,20,NULL,NULL
"t8iiawrt","3ca4a1ff","9f390fc10","Normal 12 Onz",NULL,"a4190f21",NULL,"unidad",42,"2024-11-20 14:09:31","2024-11-20",10,32,NULL,30,NULL,NULL
"ta5x9oxc","12ef6fd1","9f390fc10","Normal 12 Onz",NULL,"a4190f21",NULL,"unidad",121,"2025-01-12 11:24:51","2025-01-11",23,98,NULL,20,NULL,NULL
"tafm3uqr","ab130531","9f390fc12","Normal 24 Onz",NULL,"e114aa93",NULL,"unidad",20,"2025-04-30 23:43:34","2025-04-30",10,10,NULL,NULL,NULL,NULL
"tb8re8ym","99a2dcf5","9f390fc10","Normal 12 Onz",NULL,"a4190f21",NULL,"unidad",80,"2025-03-29 00:06:20","2025-03-28",7,73,NULL,20,NULL,NULL
"tbuyi7rf","efbb6c71","c9349148","Paquete de fruta $0",NULL,"c6434dc7",NULL,"unidad",44,"2026-04-30 16:56:40","2026-04-30",NULL,44,NULL,40,NULL,NULL
"tczga2ni","16843c37","c9349148","Paquete de fruta $0",NULL,"c6434dc7",NULL,"unidad",0,"2025-09-10 18:41:05","2025-09-10",0,0,NULL,NULL,NULL,NULL
"tf02cs0m","4f774db7","9f390fc10","Normal 12 Onz Con licor",NULL,"a4190f21",NULL,"unidad",98,"2026-01-08 10:58:37","2026-01-07",41,57,NULL,NULL,NULL,NULL
"tf52e2t6","ef8b894e","9f390fc12","Normal 24 Onz",NULL,"e114aa93",NULL,"unidad",12,"2025-06-23 19:44:27","2025-06-23",9,3,NULL,NULL,NULL,NULL
"tfxt35pv","092ff74b","9f390fc12","Normal 24 Onz",NULL,"e114aa93",NULL,"unidad",4,"2025-11-26 19:41:32","2025-11-26",4,0,NULL,NULL,NULL,NULL
"tg7ndgbh","26c92f93","9f390fc12","Normal 24 Onz",NULL,"e114aa93",NULL,"unidad",25,"2025-08-22 23:20:59","2025-08-22",19,6,NULL,20,NULL,NULL
"tgagavtm","1dda8359","9f390fc16","Normal 12 Onz Sin licor",NULL,"a4190f21",NULL,"unidad",39,"2025-08-28 22:43:06","2025-08-28",15,24,NULL,20,NULL,NULL
"tgt7vjtw","b4aeccc3","8a734bcd","Shot de tequila",NULL,"bd785ddb",NULL,"unidad",12,"2024-11-16 10:18:05","2024-11-16",5,7,NULL,12,NULL,NULL
"tha5yo8u","7eca950b","9c172aed","Paquete de fruta con Precio",NULL,"c6434dc7",NULL,"unidad",0,"2025-12-20 19:34:07","2025-12-20",0,0,NULL,NULL,NULL,NULL
"thhmqj1q","5b1604a9","c9349148","Paquete de fruta $0",NULL,"c6434dc7",NULL,"unidad",28,"2025-06-13 21:41:05","2025-06-13",0,28,NULL,19,NULL,NULL
"tj686tjt","297f6235","9f390fc12","Normal 24 Onz",NULL,"e114aa93",NULL,"unidad",14,"2025-08-06 22:35:57","2025-08-06",14,0,NULL,NULL,NULL,NULL
"tjr84puw","c7ace635","9f390fc12","Normal 24 Onz",NULL,"e114aa93",NULL,"unidad",20,"2025-06-20 23:42:22","2025-06-20",10,10,NULL,20,NULL,NULL
"tk73600n","ac35ccea","9f390fc10","Normal 12 Onz",NULL,"a4190f21",NULL,"unidad",62,"2025-08-13 22:46:28","2025-08-13",25,37,NULL,40,NULL,NULL
"tky8hlry","6a0ec7e9","9f390fc12","Normal 24 Onz",NULL,"e114aa93",NULL,"unidad",20,"2025-02-05 22:55:30","2025-02-05",20,0,NULL,NULL,NULL,NULL
"tl83btzw","dba55dff","c9349148","Paquete de fruta $0",NULL,"c6434dc7",NULL,"unidad",16,"2025-08-27 22:47:05","2025-08-27",4,12,NULL,16,NULL,NULL
"tlia3zko","c3770e2b","9f390fc16","Normal 12 Onz Sin licor",NULL,"a4190f21",NULL,"unidad",39,"2025-01-18 13:50:54","2025-01-17",4,35,NULL,20,NULL,NULL
"to3s9y5m","b6d985ea","9f390fc11","Normal 16 Onz",NULL,"feb4c064",NULL,"unidad",20,"2025-12-14 19:00:35","2025-12-14",17,3,NULL,20,NULL,NULL
"to6x02sd","b793b01f","8a734bcd","Shot de tequila",NULL,"bd785ddb",NULL,"unidad",0,"2025-02-21 18:41:57","2025-02-21",0,0,NULL,NULL,NULL,NULL
"tomg0cdv","b4aeccc3","9f390fc16","Normal 12 Onz Sin licor",NULL,"a4190f21",NULL,"unidad",81,"2024-11-16 10:18:03","2024-11-16",22,59,NULL,20,NULL,NULL
"touaw04w","56c0d800","9f390fc12","Normal 24 Onz",NULL,"e114aa93",NULL,"unidad",27,"2025-10-18 23:46:05","2025-10-18",14,13,NULL,20,NULL,NULL
"tp39iieq","5ccade86","9f390fc12","Normal 24 Onz",NULL,"e114aa93",NULL,"unidad",18,"2025-12-21 18:22:37","2025-12-21",12,6,NULL,18,NULL,NULL
"tpxjvtwp","9da2f23e","9f390fc11","Normal 16 Onz",NULL,"feb4c064",NULL,"unidad",12,"2025-06-02 19:08:15","2025-06-02",9,3,NULL,NULL,NULL,NULL
"tpzmt8ug","e97ef01f","c9349148","Paquete de fruta $0",NULL,"c6434dc7",NULL,"unidad",0,"2025-10-10 23:48:43","2025-10-10",0,0,NULL,NULL,NULL,NULL
"tr5tboex","118a5c56","9f390fc10","Normal 12 Onz",NULL,"a4190f21",NULL,"unidad",80,"2025-01-25 10:35:46","2025-01-24",23,57,NULL,20,NULL,NULL
"tsb09myr","603c0672","9f390fc11","Normal 16 Onz",NULL,"feb4c064",NULL,"unidad",11,"2025-05-28 22:32:58","2025-05-28",8,3,NULL,NULL,NULL,NULL
"tsmrqxi5","2a38e321","a827d17a","Chivas Regal",NULL,"8979ada5",NULL,"unidad",2,"2025-09-03 22:35:18","2025-09-03",2,0,NULL,NULL,NULL,NULL
"tuqpq27d","b793b01f","9f390fc10","Normal 12 Onz",NULL,"a4190f21",NULL,"unidad",91,"2025-02-22 00:20:22","2025-02-21",3,88,NULL,10,NULL,NULL
"tux83ra0","1b9b667f","9f390fc11","Normal 16 Onz",NULL,"feb4c064",NULL,"unidad",21,"2025-12-11 22:57:31","2025-12-11",16,5,NULL,20,NULL,NULL
"tv4fez0h","30dd8e5a","9f390fc10","Normal 12 Onz",NULL,"a4190f21",NULL,"unidad",51,"2025-03-02 19:35:09","2025-03-02",10,41,NULL,20,NULL,NULL
"tvjjzukh","05f46cfb","b5a797f3","Adicional de gomas",NULL,"1f077d1a",NULL,"unidad",4,"2026-01-04 16:06:16","2026-01-04",4,0,NULL,NULL,NULL,NULL
"tx3r3qmr","96eec3c9","9f390fc11","Normal 16 Onz",NULL,"feb4c064",NULL,"unidad",20,"2025-04-23 22:57:04","2025-04-23",18,2,NULL,20,NULL,NULL
"tx8lewrf","8f0b1d91","9f390fc10","Normal 12 Onz",NULL,"a4190f21",NULL,"unidad",91,"2025-10-03 23:56:14","2025-10-03",16,75,NULL,80,NULL,NULL
"txoih38g","1b9b667f","c9349148","Paquete de fruta $0",NULL,"c6434dc7",NULL,"unidad",21,"2025-12-11 22:52:25","2025-12-11",0,21,NULL,21,NULL,NULL
"tzfofkp9","5b5a0572","9f390fc12","Normal 24 Onz",NULL,"e114aa93",NULL,"unidad",7,"2025-01-16 12:52:15","2025-01-15",3,4,NULL,NULL,NULL,NULL
"tzvejl07","a02a89f9","9f390fc16","Normal 12 Onz Sin licor",NULL,"a4190f21",NULL,"unidad",61,"2025-07-23 22:41:54","2025-07-23",11,50,NULL,20,NULL,NULL
"tzwuizdv","3ca4a1ff","9f390fc13","Cremoso 13 Onz",NULL,"78b8732a",NULL,"unidad",3,"2024-11-20 14:09:37","2024-11-20",3,0,NULL,NULL,NULL,NULL
"u02un6js","30b77caf","9f390fc10","Normal 12 Onz",NULL,"a4190f21",NULL,"unidad",41,"2024-11-04 11:46:45","2024-11-04",8,33,NULL,30,NULL,NULL
"u1ajig3h","b474a5ad","9f390fc11","Normal 16 Onz",NULL,"feb4c064",NULL,"unidad",44,"2025-10-11 23:56:58","2025-10-11",15,29,NULL,20,NULL,NULL
"u1tg7g30","f6b609b1","9f390fc10","Normal 12 Onz",NULL,"a4190f21",NULL,"unidad",62,"2025-12-03 22:45:59","2025-12-03",13,49,NULL,60,NULL,NULL
"u4bz8pwf","60775d92","9f390fc16","Normal 12 Onz Sin licor",NULL,"a4190f21",NULL,"unidad",35,"2025-04-03 22:25:38","2025-04-03",14,21,NULL,30,NULL,NULL
"u4jms3cm","78c784b3","9f390fc11","Normal 16 Onz",NULL,"feb4c064",NULL,"unidad",21,"2025-12-07 18:39:19","2025-12-07",10,11,NULL,20,NULL,NULL
"u4u6ackr","ac2c5559","b5a797f3","Adicional de gomas",NULL,"1f077d1a",NULL,"unidad",5,"2025-12-24 21:15:48","2025-12-24",5,0,NULL,5,NULL,NULL
"u55yilus","62b8397f","9f390fc12","Normal 24 Onz",NULL,"e114aa93",NULL,"unidad",11,"2025-01-12 18:59:05","2025-01-12",7,4,NULL,NULL,NULL,NULL
"u588vkpv","947178b6","9f390fc13","Cremoso 13 Onz",NULL,"78b8732a",NULL,"unidad",17,"2025-02-08 23:53:26","2025-02-08",8,9,NULL,NULL,NULL,NULL
"u5q2nf7x","5ed95a10","9f390fc10","Normal 12 Onz",NULL,"a4190f21",NULL,"unidad",63,"2024-11-07 10:01:29","2024-11-07",19,44,NULL,20,NULL,NULL
"u65p8is8","f810a077","9f390fc10","Normal 12 Onz",NULL,"a4190f21",NULL,"unidad",51,"2025-02-12 16:50:17","2025-02-09",8,43,NULL,2,NULL,NULL
"u6fu799g","ba1af6b6","9f390fc10","Normal 12 Onz",NULL,"a4190f21",NULL,"unidad",153,"2025-05-18 01:07:42","2025-05-17",13,140,NULL,20,NULL,NULL
"u73cy2ug","80ffddd9","9f390fc12","Normal 24 Onz",NULL,"e114aa93",NULL,"unidad",4,"2025-06-08 18:35:57","2025-06-08",0,4,NULL,NULL,NULL,NULL
"u78rnnxi","11f6e930","9f390fc10","Normal 12 Onz",NULL,"a4190f21",NULL,"unidad",102,"2024-12-14 13:16:28","2024-12-14",20,82,NULL,20,NULL,NULL
"u7j1u9dc","dba55dff","a827d17a","Chivas Regal",NULL,"8979ada5",NULL,"unidad",2,"2025-08-27 22:39:42","2025-08-27",2,0,NULL,NULL,NULL,NULL
"u84eogmg","26fbbbb5","b5a797f3","Adicional de gomas",NULL,"1f077d1a",NULL,"unidad",7,"2025-09-19 22:44:58","2025-09-19",2,5,NULL,NULL,NULL,NULL
"u86jvdzb","74161ddf","8a734bcd","Shot de tequila",NULL,"bd785ddb",NULL,"unidad",4,"2024-12-06 13:18:43","2024-12-06",4,0,NULL,NULL,NULL,NULL
"u8hdk589","ee8872ac","29ab6c8a","Absolut",NULL,"f6fdf4d1",NULL,"unidad",0,"2025-07-09 22:37:46","2025-07-09",0,0,NULL,NULL,NULL,NULL
"u9boe1ve","dda8830d","9f390fc12","Normal 24 Onz",NULL,"e114aa93",NULL,"unidad",10,"2025-03-21 23:07:45","2025-03-21",6,4,NULL,NULL,NULL,NULL
"u9e2q93j","56b60f94","a827d17a","Chivas Regal",NULL,"8979ada5",NULL,"unidad",2,"2025-08-29 23:41:21","2025-08-29",2,0,NULL,NULL,NULL,NULL
"u9qafyai","9382c03a","9f390fc12","Normal 24 Onz",NULL,"e114aa93",NULL,"unidad",3,"2025-02-19 22:59:38","2025-02-19",0,3,NULL,NULL,NULL,NULL
"u9rcfl94","e007bd4a","c9349148","Paquete de fruta $0",NULL,"c6434dc7",NULL,"unidad",26,"2025-11-23 00:30:10","2025-11-22",8,18,NULL,NULL,NULL,NULL
"ua8q0yos","67987572","9f390fc10","Normal 12 Onz",NULL,"a4190f21",NULL,"unidad",68,"2025-10-26 19:05:50","2025-10-26",20,48,NULL,40,NULL,NULL
"ubb2tvb0","3e5a5b8c","9f390fc10","Normal 12 Onz",NULL,"a4190f21",NULL,"unidad",30,"2025-03-05 23:02:01","2025-03-05",4,26,NULL,20,NULL,NULL
"ubtucyiu","d5bd13f8","b5a797f3","Adicional de gomas",NULL,"1f077d1a",NULL,"unidad",6,"2025-10-19 18:47:05","2025-10-19",5,1,NULL,NULL,NULL,NULL
"ucm5ic8i","dbec468e","9c172aed","Paquete de fruta con Precio",NULL,"c6434dc7",NULL,"unidad",0,"2025-06-27 18:31:28","2025-06-27",0,0,NULL,NULL,NULL,NULL
"ucu65zl7","1fbc7b32","c9349148","Paquete de fruta $0",NULL,"c6434dc7",NULL,"unidad",27,"2025-06-04 22:59:56","2025-06-04",10,17,NULL,NULL,NULL,NULL
"uf6xgg3n","b7c18bac","8a734bcd","Shot de tequila",NULL,"bd785ddb",NULL,"unidad",0,"2025-01-03 14:34:53","2025-01-02",0,0,NULL,NULL,NULL,NULL
"ui88xo7c","bd3538d1","e852ea91","Tapas domicilio",NULL,"f4e7a67f",NULL,"unidad",15,"2025-11-09 19:08:52","2025-11-09",10,5,NULL,NULL,NULL,NULL
"uih2dyg8","fb452291","9f390fc12","Normal 24 Onz",NULL,"e114aa93",NULL,"unidad",13,"2025-04-20 18:50:04","2025-04-20",13,0,NULL,NULL,NULL,NULL
"ukm8iuh9","f3abcfde","9f390fc13","Cremoso 13 Onz",NULL,"78b8732a",NULL,"unidad",0,"2024-11-29 09:56:15","2024-11-29",0,0,NULL,NULL,NULL,NULL
"ukmrdn3h","05d934a8","9f390fc10","Normal 12 Onz",NULL,"a4190f21",NULL,"unidad",70,"2025-12-16 22:51:12","2025-12-16",9,61,NULL,20,NULL,NULL
"ukpoz4mw","c5752c48","9f390fc16","Normal 12 Onz Sin licor",NULL,"a4190f21",NULL,"unidad",29,"2025-04-02 23:49:02","2025-04-02",5,24,NULL,-20,NULL,NULL
"ukprr3bp","40f13496","9f390fc16","Normal 12 Onz Sin licor",NULL,"a4190f21",NULL,"unidad",97,"2025-03-23 21:37:54","2025-03-23",4,93,NULL,10,NULL,NULL
"ukxo4b2g","b6d985ea","9f390fc16","Normal 12 Onz Sin licor",NULL,"a4190f21",NULL,"unidad",188,"2025-12-14 19:12:00","2025-12-14",1,187,NULL,-1,NULL,NULL
"ulgox3a6","5584ae3d","9f390fc10","Normal 12 Onz",NULL,"a4190f21",NULL,"unidad",43,"2025-08-20 22:59:37","2025-08-20",10,33,NULL,10,NULL,NULL
"ulwv75y8","96eec3c9","9f390fc13","Cremoso 13 Onz",NULL,"78b8732a",NULL,"unidad",2,"2025-04-23 22:57:18","2025-04-23",2,0,NULL,NULL,NULL,NULL
"unk9vszy","6ebdfa46","9f390fc12","Normal 24 Onz",NULL,"e114aa93",NULL,"unidad",4,"2024-12-30 09:21:16","2024-12-29",0,4,NULL,NULL,NULL,NULL
"uor2iqp3","1a4eb5bc","b4224687","PROMO cremoso 12 onz",NULL,"78b8732a",NULL,"unidad",8,"2025-01-30 23:09:54","2025-01-30",5,3,NULL,NULL,NULL,NULL
"upen2odr","74161ddf","9f390fc13","Cremoso 13 Onz",NULL,"78b8732a",NULL,"unidad",0,"2024-12-06 13:18:45","2024-12-06",0,0,NULL,NULL,NULL,NULL
"upxmbn1a","70e9213f","c9349148","Paquete de fruta $0",NULL,"c6434dc7",NULL,"unidad",15,"2025-10-23 21:02:09","2025-10-23",0,15,NULL,13,NULL,NULL
"urfgnkgz","b80106c3","9c172aed","Paquete de fruta con Precio",NULL,"c6434dc7",NULL,"unidad",0,"2025-08-08 20:09:51","2025-08-08",0,0,NULL,NULL,NULL,NULL
"urgfhp0w","61f2d3d3","9f390fc16","Normal 12 Onz Sin licor",NULL,"a4190f21",NULL,"unidad",70,"2025-09-17 23:07:52","2025-09-17",20,50,NULL,20,NULL,NULL
"utq99k3e","a02a89f9","9f390fc12","Normal 24 Onz",NULL,"e114aa93",NULL,"unidad",7,"2025-07-23 20:46:22","2025-07-23",6,1,NULL,NULL,NULL,NULL
"utvytnr6","c15ea36b","8a734bcd","Shot de tequila",NULL,"bd785ddb",NULL,"unidad",2,"2024-11-10 11:43:41","2024-11-10",1,1,NULL,NULL,NULL,NULL
"uucskxm3","122ae512","9f390fc12","Normal 24 Onz",NULL,"e114aa93",NULL,"unidad",14,"2025-09-14 18:56:31","2025-09-14",9,5,NULL,NULL,NULL,NULL
"uuj2iyub","092ff74b","9c172aed","Paquete de fruta con Precio",NULL,"c6434dc7",NULL,"unidad",0,"2025-11-26 19:44:02","2025-11-26",0,0,NULL,16,NULL,NULL
"uv2t9uu8","e5334a85","9f390fc12","Normal 24 Onz",NULL,"e114aa93",NULL,"unidad",15,"2025-11-01 23:08:16","2025-11-01",7,8,NULL,NULL,NULL,NULL
"uvl9mla2","249e57ef","c9349148","Paquete de fruta $0",NULL,"c6434dc7",NULL,"unidad",23,"2025-09-21 17:45:23","2025-09-21",0,23,NULL,NULL,NULL,NULL
"uw97wgsa","d3b608a8","9f390fc11","Normal 16 Onz",NULL,"feb4c064",NULL,"unidad",0,"2026-01-03 21:22:18","2026-01-03",0,0,NULL,NULL,NULL,NULL
"uxjksopb","c0d507d1","9f390fc13","Cremoso 13 Onz",NULL,"78b8732a",NULL,"unidad",8,"2025-04-16 22:48:13","2025-04-16",2,6,NULL,NULL,NULL,NULL
"uxnirhxl","d4682046","9c172aed","Paquete de fruta con Precio",NULL,"c6434dc7",NULL,"unidad",0,"2025-10-30 22:46:03","2025-10-30",0,0,NULL,NULL,NULL,NULL
"uxsnahm4","b393d3b2","9f390fc10","Normal 12 Onz",NULL,"a4190f21",NULL,"unidad",52,"2025-05-25 18:49:52","2025-05-25",14,38,NULL,40,NULL,NULL
"uy292fu4","ddc60dbd","9f390fc11","Normal 16 Onz",NULL,"feb4c064",NULL,"unidad",31,"2025-11-15 23:53:42","2025-11-15",13,18,NULL,20,NULL,NULL
"uzlymyug","036190eb","9f390fc16","Normal 12 Onz Sin licor",NULL,"a4190f21",NULL,"unidad",65,"2025-09-25 22:51:19","2025-09-25",5,60,NULL,20,NULL,NULL
"uzlzszzk","6a0ec7e9","9f390fc16","Normal 12 Onz Sin licor",NULL,"a4190f21",NULL,"unidad",33,"2025-02-05 22:55:03","2025-02-05",19,14,NULL,30,NULL,NULL
"uzpvhaci","4469b40c","9c172aed","Paquete de fruta con Precio",NULL,"c6434dc7",NULL,"unidad",0,"2025-12-12 18:58:10","2025-12-12",0,0,NULL,NULL,NULL,NULL
"v0bzneyn","93c98ad7","9f390fc10","Normal 12 Onz",NULL,"a4190f21",NULL,"unidad",47,"2024-11-01 13:08:39","2024-11-01",7,40,NULL,10,NULL,NULL
"v0nqffe1","f9b706aa","9f390fc11","Normal 16 Onz",NULL,"feb4c064",NULL,"unidad",29,"2025-05-11 00:09:28","2025-05-10",11,18,NULL,20,NULL,NULL
"v1r2v6cn","ee8872ac","9f390fc11","Normal 16 Onz",NULL,"feb4c064",NULL,"unidad",18,"2025-07-09 22:37:44","2025-07-09",11,7,NULL,NULL,NULL,NULL
"v28id2fl","3dad02c7","9c172aed","Paquete de fruta con Precio",NULL,"c6434dc7",NULL,"unidad",0,"2025-07-27 16:26:23","2025-07-27",0,0,NULL,NULL,NULL,NULL
"v3b8usxf","603c0672","9c172aed","Paquete de fruta con Precio",NULL,"c6434dc7",NULL,"unidad",0,"2025-05-29 09:11:24","2025-05-28",0,0,NULL,-5,NULL,NULL
"v3dxedk9","3d6db953","9f390fc16","Normal 12 Onz Sin licor",NULL,"a4190f21",NULL,"unidad",49,"2025-02-07 10:01:14","2025-02-06",31,18,NULL,10,NULL,NULL
"v55ljjei","5b1604a9","9f390fc12","Normal 24 Onz",NULL,"e114aa93",NULL,"unidad",16,"2025-06-13 23:53:29","2025-06-13",14,2,NULL,NULL,NULL,NULL
"v5a2enx6","2c55d30d","9c172aed","Paquete de fruta con Precio",NULL,"c6434dc7",NULL,"unidad",2,"2025-08-07 21:54:51","2025-08-07",0,2,NULL,NULL,NULL,NULL
"v6rci3s6","40467525","9f390fc11","Normal 16 Onz",NULL,"feb4c064",NULL,"unidad",40,"2025-05-25 00:00:56","2025-05-24",12,28,NULL,20,NULL,NULL
"v7oj4gli","1556c086","9f390fc11","Normal 16 Onz",NULL,"feb4c064",NULL,"unidad",0,"2025-05-01 16:28:40","2025-05-01",0,0,NULL,NULL,NULL,NULL
"v9urul9w","62b8397f","9f390fc10","Normal 12 Onz",NULL,"a4190f21",NULL,"unidad",63,"2025-01-12 19:02:14","2025-01-12",44,19,NULL,40,NULL,NULL
"v9wny2kf","118067d9","9c172aed","Paquete de fruta con Precio",NULL,"c6434dc7",NULL,"unidad",0,"2025-09-12 18:41:53","2025-09-12",0,0,NULL,NULL,NULL,NULL
"va49u7cw","f767c545","9f390fc11","Normal 16 Onz",NULL,"feb4c064",NULL,"unidad",20,"2025-08-17 00:01:53","2025-08-16",3,17,NULL,20,NULL,NULL
"va7tenki","93e698d1","c9349148","Paquete de fruta $0",NULL,"c6434dc7",NULL,"unidad",15,"2025-11-12 22:55:44","2025-11-12",1,14,NULL,NULL,NULL,NULL
"vb0elapo","ee0db852","9f390fc12","Normal 24 Onz",NULL,"e114aa93",NULL,"unidad",21,"2025-09-27 23:06:51","2025-09-27",15,6,NULL,20,NULL,NULL
"vd2jei6b","85ffae5e","9f390fc13","Cremoso 13 Onz",NULL,"78b8732a",NULL,"unidad",22,"2025-01-24 08:41:22","2025-01-23",22,0,NULL,NULL,NULL,NULL
"vdj30sbp","4469b40c","9f390fc11","Normal 16 Onz",NULL,"feb4c064",NULL,"unidad",36,"2025-12-12 23:08:37","2025-12-12",16,20,NULL,20,NULL,NULL
"vdlmyasu","f4ddab07","9c172aed","Paquete de fruta con Precio",NULL,"c6434dc7",NULL,"unidad",0,"2025-06-26 21:25:37","2025-06-26",0,0,NULL,NULL,NULL,NULL
"vdqxajwv","e68bd1e8","9c172aed","Paquete de fruta con Precio",NULL,"c6434dc7",NULL,"unidad",2,"2025-06-07 23:19:49","2025-06-07",0,2,NULL,NULL,NULL,NULL
"vdu2gyw0","ac2c5559","e852ea91","Tapas domicilio",NULL,"f4e7a67f",NULL,"unidad",20,"2025-12-24 21:16:58","2025-12-24",18,2,NULL,8,NULL,NULL
"ve1bk52h","eba6c87b","9f390fc10","Normal 12 Onz",NULL,"a4190f21",NULL,"unidad",119,"2025-12-23 23:16:23","2025-12-23",19,100,NULL,100,NULL,NULL
"ve87e417","7c6eacc2","9f390fc16","Normal 12 Onz Sin licor",NULL,"a4190f21",NULL,"unidad",83,"2025-01-20 19:09:11","2025-01-19",16,67,NULL,20,NULL,NULL
"vej9dy2l","dba55dff","9f390fc12","Normal 24 Onz",NULL,"e114aa93",NULL,"unidad",13,"2025-08-27 22:39:37","2025-08-27",12,1,NULL,NULL,NULL,NULL
"vekp8sp0","e2721cee","9f390fc16","Normal 12 Onz Sin licor",NULL,"a4190f21",NULL,"unidad",130,"2025-06-23 11:26:26","2025-06-22",14,116,NULL,-5,NULL,NULL
"vepqj8rg","515560fc","9c172aed","Paquete de fruta con Precio",NULL,"c6434dc7",NULL,"unidad",0,"2025-11-23 18:40:04","2025-11-23",0,0,NULL,NULL,NULL,NULL
"veqhb6tx","2a38e321","c9349148","Paquete de fruta $0",NULL,"c6434dc7",NULL,"unidad",20,"2025-09-03 22:34:04","2025-09-03",1,19,NULL,20,NULL,NULL
"vewednuc","3fd82ad3","9f390fc16","Normal 12 Onz Sin licor",NULL,"a4190f21",NULL,"unidad",59,"2025-10-01 23:05:38","2025-10-01",19,40,NULL,40,NULL,NULL
"vexs6asi","f790a8b4","9f390fc12","Normal 24 Onz",NULL,"e114aa93",NULL,"unidad",5,"2025-06-29 17:48:10","2025-06-29",0,5,NULL,NULL,NULL,NULL
"vfs86luy","f3f4a2c5","b4224687","PROMO cremoso 12 onz",NULL,"78b8732a",NULL,"unidad",17,"2025-01-27 19:10:29","2025-01-26",13,4,NULL,NULL,NULL,NULL
"vgh8upm3","f72e0685","c9349148","Paquete de fruta $0",NULL,"c6434dc7",NULL,"unidad",24,"2025-06-22 00:42:48","2025-06-21",2,22,NULL,24,NULL,NULL
"vgnwf1h4","c15ea36b","9f390fc12","Normal 24 Onz",NULL,"e114aa93",NULL,"unidad",13,"2024-11-10 11:43:38","2024-11-10",13,0,NULL,NULL,NULL,NULL
"viisoo3g","7d889539","9f390fc13","Cremoso 13 Onz",NULL,"78b8732a",NULL,"unidad",18,"2025-05-04 00:07:29","2025-05-03",5,13,NULL,NULL,NULL,NULL
"vje5x73d","b8b05ad2","9f390fc10","Normal 12 Onz",NULL,"a4190f21",NULL,"unidad",211,"2025-12-14 00:59:57","2025-12-13",11,200,NULL,20,NULL,NULL
"vjptphom","e2d06b97","9f390fc10","Normal 12 Onz",NULL,"a4190f21",NULL,"unidad",47,"2025-01-29 23:02:25","2025-01-29",21,26,NULL,20,NULL,NULL
"vkhg2vu5","523002d1","9c172aed","Paquete de fruta con Precio",NULL,"c6434dc7",NULL,"unidad",0,"2025-07-24 18:10:29","2025-07-24",0,0,NULL,NULL,NULL,NULL
"vl0dhj42","c05a8f51","8a734bcd","Shot de tequila",NULL,"bd785ddb",NULL,"unidad",16,"2024-12-07 14:12:49","2024-12-07",13,3,NULL,12,NULL,NULL
"vld2uvg2","ee8872ac","9f390fc10","Normal 12 Onz",NULL,"a4190f21",NULL,"unidad",72,"2025-07-09 22:37:28","2025-07-09",30,42,NULL,30,NULL,NULL
"vmqzmdyl","4b147062","9c172aed","Paquete de fruta con Precio",NULL,"c6434dc7",NULL,"unidad",0,"2025-11-21 19:36:55","2025-11-21",0,0,NULL,NULL,NULL,NULL
"vp6s0aet","ee0db852","9f390fc11","Normal 16 Onz",NULL,"feb4c064",NULL,"unidad",14,"2025-09-27 23:33:33","2025-09-27",2,12,NULL,NULL,NULL,NULL
"vpigeqmq","70b2ef17","9f390fc16","Normal 12 Onz Sin licor",NULL,"a4190f21",NULL,"unidad",105,"2025-05-04 19:06:47","2025-05-04",17,88,NULL,25,NULL,NULL
"vqgrn1t3","5c2255ff","b5a797f3","Adicional de gomas",NULL,"1f077d1a",NULL,"unidad",5,"2025-12-25 22:32:15","2025-12-25",3,2,NULL,NULL,NULL,NULL
"vqnegzja","ed54ccf7","9f390fc10","Normal 12 Onz",NULL,"a4190f21",NULL,"unidad",49,"2024-12-24 14:44:31","2024-12-24",13,36,NULL,20,NULL,NULL
"vr3yddap","3dad02c7","c9349148","Paquete de fruta $0",NULL,"c6434dc7",NULL,"unidad",25,"2025-07-27 17:08:32","2025-07-27",12,13,NULL,NULL,NULL,NULL
"vr8y4d6d","74161ddf","9f390fc10","Normal 12 Onz",NULL,"a4190f21",NULL,"unidad",48,"2024-12-06 13:18:38","2024-12-06",8,40,NULL,20,NULL,NULL
"vrbxn7eb","40467525","9f390fc12","Normal 24 Onz",NULL,"e114aa93",NULL,"unidad",17,"2025-05-24 23:59:39","2025-05-24",1,16,NULL,NULL,NULL,NULL
"vsqo9egz","979f652e","9f390fc12","Normal 24 Onz",NULL,"e114aa93",NULL,"unidad",19,"2025-08-24 00:32:41","2025-08-23",13,6,NULL,NULL,NULL,NULL
"vtk5rq7p","118067d9","9f390fc11","Normal 16 Onz",NULL,"feb4c064",NULL,"unidad",20,"2025-09-12 23:41:16","2025-09-12",5,15,NULL,20,NULL,NULL
"vujmd6lt","1fbc7b32","9f390fc13","Cremoso 13 Onz",NULL,"78b8732a",NULL,"unidad",6,"2025-06-04 21:58:29","2025-06-04",6,0,NULL,NULL,NULL,NULL
"vulg8w4h","0b0d639a","9c172aed","Paquete de fruta con Precio",NULL,"c6434dc7",NULL,"unidad",0,"2025-10-25 17:26:44","2025-10-25",0,0,NULL,NULL,NULL,NULL
"vuqb0lt2","78c784b3","9c172aed","Paquete de fruta con Precio",NULL,"c6434dc7",NULL,"unidad",0,"2025-12-07 18:40:21","2025-12-07",0,0,NULL,NULL,NULL,NULL
"vuuudtmw","6eeadca3","9f390fc12","Normal 24 Onz",NULL,"e114aa93",NULL,"unidad",19,"2025-10-12 19:09:18","2025-10-12",15,4,NULL,NULL,NULL,NULL
"vvc0tzev","ac2c5559","9c172aed","Paquete de fruta con Precio",NULL,"c6434dc7",NULL,"unidad",0,"2025-12-24 21:16:18","2025-12-24",0,0,NULL,NULL,NULL,NULL
"vw24fkiw","9a0090b9","9c172aed","Paquete de fruta con Precio",NULL,"c6434dc7",NULL,"unidad",0,"2025-07-17 22:23:57","2025-07-17",0,0,NULL,NULL,NULL,NULL
"vwv1rw0n","c7d0b6ac","b5a797f3","Adicional de gomas",NULL,"1f077d1a",NULL,"unidad",8,"2025-08-17 19:08:14","2025-08-17",0,8,NULL,NULL,NULL,NULL
"vxjanrdo","297f6235","9f390fc16","Normal 12 Onz Sin licor",NULL,"a4190f21",NULL,"unidad",47,"2025-08-06 23:03:33","2025-08-06",1,46,NULL,40,NULL,NULL
"vxosm4fr","eaeb689a","9f390fc16","Normal 12 Onz Sin licor",NULL,"a4190f21",NULL,"unidad",64,"2025-04-04 23:16:59","2025-04-04",16,48,NULL,20,NULL,NULL
"vxsobtcc","02c8d138","9f390fc10","Normal 12 Onz",NULL,"a4190f21",NULL,"unidad",78,"2025-06-05 23:03:45","2025-06-05",10,68,NULL,20,NULL,NULL
"vyqkuojp","8f0b1d91","9f390fc12","Normal 24 Onz",NULL,"e114aa93",NULL,"unidad",19,"2025-10-03 23:55:24","2025-10-03",17,2,NULL,NULL,NULL,NULL
"vzr5rb43","1a67e7d8","9f390fc13","Cremoso 13 Onz",NULL,"78b8732a",NULL,"unidad",3,"2024-11-21 16:42:28","2024-11-21",3,0,NULL,NULL,NULL,NULL
"w0586lzy","05f46cfb","9c172aed","Paquete de fruta con Precio",NULL,"c6434dc7",NULL,"unidad",0,"2026-01-04 16:05:03","2026-01-04",0,0,NULL,NULL,NULL,NULL
"w14miq84","5b1604a9","9f390fc10","Normal 12 Onz",NULL,"a4190f21",NULL,"unidad",131,"2025-06-14 00:00:42","2025-06-13",16,115,NULL,20,NULL,NULL
"w1xh1h0o","d8ec1bc3","9f390fc16","Normal 12 Onz Sin licor",NULL,"a4190f21",NULL,"unidad",69,"2025-02-16 01:12:46","2025-02-15",27,42,NULL,39,NULL,NULL
"w1xwsawc","80ffddd9","9c172aed","Paquete de fruta con Precio",NULL,"c6434dc7",NULL,"unidad",0,"2025-06-08 18:37:40","2025-06-08",0,0,NULL,NULL,NULL,NULL
"w3ok5qcg","5d889f7b","9f390fc10","Normal 12 Onz",NULL,"a4190f21",NULL,"unidad",197,"2025-08-31 00:13:33","2025-08-30",51,146,NULL,120,NULL,NULL
"w3tmvy30","91b140e0","8a734bcd","Shot de tequila",NULL,"bd785ddb",NULL,"unidad",1,"2024-11-11 13:25:44","2024-11-11",0,1,NULL,NULL,NULL,NULL
"w3yio3kv","e24360d1","9f390fc12","Normal 24 Onz",NULL,"e114aa93",NULL,"unidad",17,"2025-03-13 23:58:56","2025-03-13",11,6,NULL,NULL,NULL,NULL
"w494c3dt","fd0c5115","9f390fc10","Normal 12 Onz",NULL,"a4190f21",NULL,"unidad",96,"2024-11-09 13:09:19","2024-11-09",12,84,NULL,20,NULL,NULL
"w4eu8lbe","ac35ccea","c9349148","Paquete de fruta $0",NULL,"c6434dc7",NULL,"unidad",15,"2025-08-13 22:45:59","2025-08-13",6,9,NULL,15,NULL,NULL
"w4fcyux5","b474a5ad","9c172aed","Paquete de fruta con Precio",NULL,"c6434dc7",NULL,"unidad",0,"2025-10-11 17:58:21","2025-10-11",0,0,NULL,NULL,NULL,NULL
"w50hh06y","a41431b5","9f390fc10","Normal 12 Onz",NULL,"a4190f21",NULL,"unidad",69,"2025-07-10 23:08:52","2025-07-10",18,51,NULL,-1,NULL,NULL
"w5yhr93d","16843c37","9f390fc12","Normal 24 Onz",NULL,"e114aa93",NULL,"unidad",23,"2025-09-10 22:45:27","2025-09-10",19,4,NULL,20,NULL,NULL
"w669ep6k","d3b608a8","9f390fc10","Normal 12 Onz",NULL,"a4190f21",NULL,"unidad",190,"2026-01-03 21:20:25","2026-01-03",100,90,NULL,19,NULL,NULL
"w70e3h0o","b0f6e0de","c9349148","Paquete de fruta $0",NULL,"c6434dc7",NULL,"unidad",18,"2025-08-15 23:52:49","2025-08-15",0,18,NULL,18,NULL,NULL
"w78t63hw","3277d896","9f390fc10","Normal 12 Onz",NULL,"a4190f21",NULL,"unidad",30,"2025-08-21 22:54:54","2025-08-21",4,26,NULL,20,NULL,NULL
"w8fx75pl","b393d3b2","c9349148","Paquete de fruta $0",NULL,"c6434dc7",NULL,"unidad",23,"2025-05-25 18:52:28","2025-05-25",2,21,NULL,10,NULL,NULL
"wa09jfdp","5b1604a9","9c172aed","Paquete de fruta con Precio",NULL,"c6434dc7",NULL,"unidad",0,"2025-06-13 17:43:31","2025-06-13",0,0,NULL,NULL,NULL,NULL
"wavpc79l","c222dea3","9c172aed","Paquete de fruta con Precio",NULL,"c6434dc7",NULL,"unidad",0,"2025-10-09 22:57:29","2025-10-09",0,0,NULL,NULL,NULL,NULL
"wbhq2x76","1299650a","9f390fc10","Normal 12 Onz",NULL,"a4190f21",NULL,"unidad",75,"2024-12-08 10:55:48","2024-12-08",14,61,NULL,10,NULL,NULL
"wbpou9bn","515560fc","9f390fc16","Normal 12 Onz Sin licor",NULL,"a4190f21",NULL,"unidad",171,"2025-11-23 19:09:31","2025-11-23",8,163,NULL,20,NULL,NULL
"wca2pfrr","b474a5ad","9f390fc16","Normal 12 Onz Sin licor",NULL,"a4190f21",NULL,"unidad",158,"2025-10-12 12:02:36","2025-10-11",15,143,NULL,-2,NULL,NULL
"wdgpxaha","40b6e8e7","9f390fc11","Normal 16 Onz",NULL,"feb4c064",NULL,"unidad",20,"2025-04-13 00:54:09","2025-04-12",5,15,NULL,20,NULL,NULL
"we09kc6a","fa9465ed","9f390fc16","Normal 12 Onz Sin licor",NULL,"a4190f21",NULL,"unidad",110,"2025-04-13 19:17:35","2025-04-13",1,109,NULL,20,NULL,NULL
"weo3e5ww","e5334a85","9c172aed","Paquete de fruta con Precio",NULL,"c6434dc7",NULL,"unidad",3,"2025-11-01 20:55:19","2025-11-01",0,3,NULL,3,NULL,NULL
"wf8v0nuc","dbec468e","9f390fc11","Normal 16 Onz",NULL,"feb4c064",NULL,"unidad",8,"2025-06-27 22:03:07","2025-06-27",5,3,NULL,NULL,NULL,NULL
"wg3za6uq","0b0d639a","c9349148","Paquete de fruta $0",NULL,"c6434dc7",NULL,"unidad",35,"2025-10-25 21:46:23","2025-10-25",0,35,NULL,33,NULL,NULL
"wg4t59mx","3fd82ad3","9f390fc10","Normal 12 Onz",NULL,"a4190f21",NULL,"unidad",45,"2025-10-01 23:06:37","2025-10-01",18,27,NULL,40,NULL,NULL
"wgntr8kz","23bcec05","9c172aed","Paquete de fruta con Precio",NULL,"c6434dc7",NULL,"unidad",0,"2025-07-02 22:26:06","2025-07-02",0,0,NULL,NULL,NULL,NULL
"wida5e20","23fa9273","9f390fc16","Normal 12 Onz Sin licor",NULL,"a4190f21",NULL,"unidad",117,"2026-01-10 00:12:56","2026-01-09",14,103,NULL,80,NULL,NULL
"wjvraoid","5ccade86","9f390fc16","Normal 12 Onz Sin licor",NULL,"a4190f21",NULL,"unidad",192,"2025-12-21 18:42:16","2025-12-21",0,192,NULL,120,NULL,NULL
"wkmyxnct","c7bde486","29ab6c8a","Absolut",NULL,"f6fdf4d1",NULL,"unidad",0,"2025-06-18 22:32:15","2025-06-18",0,0,NULL,NULL,NULL,NULL
"wkv8d1dn","05d934a8","e852ea91","Tapas domicilio",NULL,"f4e7a67f",NULL,"unidad",13,"2025-12-16 22:46:38","2025-12-16",6,7,NULL,NULL,NULL,NULL
"wlgtsa2w","2a76948a","9f390fc12","Normal 24 Onz",NULL,"e114aa93",NULL,"unidad",19,"2025-07-20 00:37:08","2025-07-19",8,11,NULL,NULL,NULL,NULL
"wlqe7gvx","40b6e8e7","9f390fc12","Normal 24 Onz",NULL,"e114aa93",NULL,"unidad",20,"2025-04-13 00:54:00","2025-04-12",9,11,NULL,20,NULL,NULL
"wm8rvbwq","1299650a","9f390fc12","Normal 24 Onz",NULL,"e114aa93",NULL,"unidad",13,"2024-12-08 10:55:49","2024-12-08",5,8,NULL,NULL,NULL,NULL
"wmk25hks","2b33ab85","b5a797f3","Adicional de gomas",NULL,"1f077d1a",NULL,"unidad",5,"2025-11-27 20:43:20","2025-11-27",4,1,NULL,5,NULL,NULL
"wmvm47d9","a78c672f","e852ea91","Tapas domicilio",NULL,"f4e7a67f",NULL,"unidad",23,"2025-12-04 22:30:27","2025-12-04",17,6,NULL,20,NULL,NULL
"wn3z8ntv","2b48c12f","9f390fc16","Normal 12 Onz Sin licor",NULL,"a4190f21",NULL,"unidad",93,"2025-05-11 18:58:45","2025-05-11",10,83,NULL,20,NULL,NULL
"wneco0u2","e381d9f1","9f390fc11","Normal 16 Onz",NULL,"feb4c064",NULL,"unidad",27,"2025-11-07 23:39:09","2025-11-07",13,14,NULL,20,NULL,NULL
"wno7es6a","8f0b1d91","b5a797f3","Adicional de gomas",NULL,"1f077d1a",NULL,"unidad",14,"2025-10-03 18:13:03","2025-10-03",14,0,NULL,NULL,NULL,NULL
"wnv66369","2b33ab85","9f390fc16","Normal 12 Onz Sin licor",NULL,"a4190f21",NULL,"unidad",88,"2025-11-27 22:57:44","2025-11-27",20,68,NULL,30,NULL,NULL
"wo040gv5","4f774db7","b5a797f3","Adicional de gomas",NULL,"1f077d1a",NULL,"unidad",4,"2026-01-07 23:12:39","2026-01-07",4,0,NULL,NULL,NULL,NULL
"wo0pw4sq","122ae512","c9349148","Paquete de fruta $0",NULL,"c6434dc7",NULL,"unidad",27,"2025-09-14 18:57:23","2025-09-14",1,26,NULL,27,NULL,NULL
"wpohlyeg","0b0d639a","9f390fc12","Normal 24 Onz",NULL,"e114aa93",NULL,"unidad",20,"2025-10-26 00:44:40","2025-10-25",11,9,NULL,20,NULL,NULL
"wqn5k24u","25c72555","b5a797f3","Adicional de gomas",NULL,"1f077d1a",NULL,"unidad",9,"2025-09-07 15:46:10","2025-09-07",7,2,NULL,NULL,NULL,NULL
"wr1a37hx","4a26d336","9f390fc10","Normal 12 Onz",NULL,"a4190f21",NULL,"unidad",34,"2024-12-17 10:02:21","2024-12-17",18,16,NULL,30,NULL,NULL
"wr7hnr9i","032ea435","9f390fc12","Normal 24 Onz",NULL,"e114aa93",NULL,"unidad",12,"2025-12-23 10:18:55","2025-12-22",11,1,NULL,NULL,NULL,NULL
"wryb73rs","2c55d30d","b5a797f3","Adicional de gomas",NULL,"1f077d1a",NULL,"unidad",14,"2025-08-07 21:36:03","2025-08-07",14,0,NULL,NULL,NULL,NULL
"wsgbxzdv","f6b609b1","9c172aed","Paquete de fruta con Precio",NULL,"c6434dc7",NULL,"unidad",0,"2025-12-03 22:48:04","2025-12-03",0,0,NULL,NULL,NULL,NULL
"wshj4fyq","c48b91eb","8a734bcd","Shot de tequila",NULL,"bd785ddb",NULL,"unidad",0,"2024-11-24 14:36:52","2024-11-24",0,0,NULL,NULL,NULL,NULL
"wthk52pl","603c0672","29ab6c8a","Absolut",NULL,"f6fdf4d1",NULL,"unidad",5,"2025-05-28 20:42:07","2025-05-28",5,0,NULL,NULL,NULL,NULL
"wupse6do","b58f7426","9f390fc10","Normal 12 Onz",NULL,"a4190f21",NULL,"unidad",157,"2025-12-27 00:02:08","2025-12-26",7,150,NULL,120,NULL,NULL
"wuyvqgx9","6fe0659e","9f390fc16","Normal 12 Onz Sin licor",NULL,"a4190f21",NULL,"unidad",39,"2025-04-24 22:41:13","2025-04-24",30,9,NULL,NULL,NULL,NULL
"wvaa86ro","3fd82ad3","c9349148","Paquete de fruta $0",NULL,"c6434dc7",NULL,"unidad",17,"2025-10-01 22:33:33","2025-10-01",2,15,NULL,17,NULL,NULL
"wvq9nlcy","37f57af2","8a734bcd","Shot de tequila",NULL,"bd785ddb",NULL,"unidad",0,"2025-01-26 10:41:36","2025-01-25",0,0,NULL,NULL,NULL,NULL
"wwp6u751","d8ec1bc3","8a734bcd","Shot de tequila",NULL,"bd785ddb",NULL,"unidad",0,"2025-02-15 22:35:50","2025-02-15",0,0,NULL,NULL,NULL,NULL
"wwt41y2r","61285ef7","9f390fc10","Normal 12 Onz",NULL,"a4190f21",NULL,"unidad",89,"2025-02-08 00:02:39","2025-02-07",4,85,NULL,20,NULL,NULL
"wx178gzy","37ee9340","9f390fc10","Normal 12 Onz",NULL,"a4190f21",NULL,"unidad",52,"2025-09-11 22:58:24","2025-09-11",11,41,NULL,20,NULL,NULL
"wxd9pdry","bfd0143e","9f390fc10","Normal 12 Onz",NULL,"a4190f21",NULL,"unidad",46,"2025-10-16 23:01:21","2025-10-16",13,33,NULL,40,NULL,NULL
"wzxm38eu","67fcb676","9f390fc11","Normal 16 Onz",NULL,"feb4c064",NULL,"unidad",50,"2026-01-06 21:26:50","2026-01-06",48,2,NULL,50,NULL,NULL
"x0ho5dri","5ed95a10","9f390fc12","Normal 24 Onz",NULL,"e114aa93",NULL,"unidad",13,"2024-11-07 10:01:31","2024-11-07",11,2,NULL,NULL,NULL,NULL
"x0pyda13","463bd778","9f390fc11","Normal 16 Onz",NULL,"feb4c064",NULL,"unidad",10,"2025-10-22 23:05:44","2025-10-22",6,4,NULL,NULL,NULL,NULL
"x0ryzkzo","52ff395b","9f390fc16","Normal 12 Onz Sin licor",NULL,"a4190f21",NULL,"unidad",44,"2024-12-19 08:48:51","2024-12-19",3,41,NULL,30,NULL,NULL
"x15xg6ca","d7a8cd0d","9f390fc12","Normal 24 Onz",NULL,"e114aa93",NULL,"unidad",26,"2025-02-01 23:59:29","2025-02-01",22,4,NULL,20,NULL,NULL
"x1ocsr3g","bfb5eb99","9f390fc12","Normal 24 Onz",NULL,"e114aa93",NULL,"unidad",9,"2025-11-30 19:02:18","2025-11-30",4,5,NULL,NULL,NULL,NULL
"x25aedxw","c848385b","b5a797f3","Adicional de gomas",NULL,"1f077d1a",NULL,"unidad",5,"2025-12-15 23:03:21","2025-12-15",0,5,NULL,5,NULL,NULL
"x2oicc40","75a6265b","9f390fc16","Normal 12 Onz Sin licor",NULL,"a4190f21",NULL,"unidad",130,"2025-12-30 23:16:34","2025-12-30",9,121,NULL,18,NULL,NULL
"x3bn0qhj","d3b608a8","e852ea91","Tapas domicilio",NULL,"f4e7a67f",NULL,"unidad",34,"2026-01-04 09:40:16","2026-01-03",23,11,NULL,2,NULL,NULL
"x3taeqid","5e8dd76a","9f390fc11","Normal 16 Onz",NULL,"feb4c064",NULL,"unidad",25,"2025-06-29 00:55:38","2025-06-28",13,12,NULL,20,NULL,NULL
"x4yiozgm","a2ef0041","9f390fc16","Normal 12 Onz Sin licor",NULL,"a4190f21",NULL,"unidad",186,"2025-08-10 18:58:53","2025-08-10",14,172,NULL,40,NULL,NULL
"x54dz189","249e57ef","9f390fc10","Normal 12 Onz",NULL,"a4190f21",NULL,"unidad",70,"2025-09-21 19:03:49","2025-09-21",12,58,NULL,40,NULL,NULL
"x5arn6t2","eef68b67","9f390fc10","Normal 12 Onz",NULL,"a4190f21",NULL,"unidad",156,"2025-06-15 00:43:21","2025-06-14",10,146,NULL,40,NULL,NULL
"x5m4ey9y","fd7aedb1","9f390fc16","Normal 12 Onz Sin licor",NULL,"a4190f21",NULL,"unidad",53,"2024-11-15 14:33:30","2024-11-15",11,42,NULL,20,NULL,NULL
"x5noz9nf","70b2ef17","9f390fc13","Cremoso 13 Onz",NULL,"78b8732a",NULL,"unidad",5,"2025-05-04 16:19:09","2025-05-04",5,0,NULL,NULL,NULL,NULL
"x6dttaq4","67fcb676","b5a797f3","Adicional de gomas",NULL,"1f077d1a",NULL,"unidad",4,"2026-01-06 21:27:00","2026-01-06",4,0,NULL,NULL,NULL,NULL
"x7p8u8qu","bee9eb90","9f390fc12","Normal 24 Onz",NULL,"e114aa93",NULL,"unidad",28,"2025-09-14 00:32:40","2025-09-13",14,14,NULL,20,NULL,NULL
"x8quz3uo","9a0090b9","9f390fc12","Normal 24 Onz",NULL,"e114aa93",NULL,"unidad",22,"2025-07-17 22:23:30","2025-07-17",20,2,NULL,20,NULL,NULL
"x925ryja","6a0ec7e9","8a734bcd","Shot de tequila",NULL,"bd785ddb",NULL,"unidad",0,"2025-02-05 22:55:24","2025-02-05",0,0,NULL,NULL,NULL,NULL
"xaiu5wbm","10bb56c9","9f390fc10","Normal 12 Onz",NULL,"a4190f21",NULL,"unidad",68,"2025-06-12 22:56:56","2025-06-12",11,57,NULL,20,NULL,NULL
"xao2zynb","a4998b91","9f390fc12","Normal 24 Onz",NULL,"e114aa93",NULL,"unidad",8,"2025-01-05 18:57:51","2025-01-04",4,4,NULL,NULL,NULL,NULL
"xasheqrb","b80106c3","9f390fc16","Normal 12 Onz Sin licor",NULL,"a4190f21",NULL,"unidad",71,"2025-08-09 00:12:50","2025-08-08",24,47,NULL,40,NULL,NULL
"xb00g5gg","9b21bc7b","c9349148","Paquete de fruta $0",NULL,"c6434dc7",NULL,"unidad",0,"2026-01-08 20:10:50","2026-01-08",0,0,NULL,NULL,NULL,NULL
"xbhiapba","9279f3d2","9c172aed","Paquete de fruta con Precio",NULL,"c6434dc7",NULL,"unidad",1,"2025-09-20 21:28:33","2025-09-20",0,1,NULL,NULL,NULL,NULL
"xdfpmcvo","ac2c5559","9f390fc16","Normal 12 Onz Sin licor",NULL,"a4190f21",NULL,"unidad",120,"2025-12-24 21:14:28","2025-12-24",16,104,NULL,100,NULL,NULL
"xefcdhgp","2c217547","9f390fc16","Normal 12 Onz Sin licor",NULL,"a4190f21",NULL,"unidad",49,"2024-12-01 14:00:33","2024-12-01",12,37,NULL,30,NULL,NULL
"xek8nedm","25c72555","c9349148","Paquete de fruta $0",NULL,"c6434dc7",NULL,"unidad",26,"2025-09-07 18:31:46","2025-09-07",0,26,NULL,26,NULL,NULL
"xelmh8e1","aff24750","9f390fc11","Normal 16 Onz",NULL,"feb4c064",NULL,"unidad",21,"2025-12-07 00:58:41","2025-12-06",1,20,NULL,20,NULL,NULL
"xem22yir","b474a5ad","b5a797f3","Adicional de gomas",NULL,"1f077d1a",NULL,"unidad",6,"2025-10-11 23:13:47","2025-10-11",5,1,NULL,NULL,NULL,NULL
"xet9918w","41ad3231","9f390fc16","Normal 12 Onz Sin licor",NULL,"a4190f21",NULL,"unidad",89,"2025-03-30 19:16:41","2025-03-30",9,80,NULL,10,NULL,NULL
"xezgsoop","f42df9be","29ab6c8a","Absolut",NULL,"f6fdf4d1",NULL,"unidad",1,"2025-09-04 18:51:09","2025-09-04",0,1,NULL,NULL,NULL,NULL
"xfmlov3j","f810a077","9f390fc13","Cremoso 13 Onz",NULL,"78b8732a",NULL,"unidad",6,"2025-02-09 18:32:51","2025-02-09",6,0,NULL,NULL,NULL,NULL
"xfrdn7ne","8d950448","c9349148","Paquete de fruta $0",NULL,"c6434dc7",NULL,"unidad",0,"2025-12-31 19:56:29","2025-12-31",0,0,NULL,NULL,NULL,NULL
"xgubto2c","b0f6e0de","9c172aed","Paquete de fruta con Precio",NULL,"c6434dc7",NULL,"unidad",0,"2025-08-15 18:32:11","2025-08-15",0,0,NULL,NULL,NULL,NULL
"xgyduya7","4469b40c","e852ea91","Tapas domicilio",NULL,"f4e7a67f",NULL,"unidad",16,"2025-12-12 23:02:26","2025-12-12",10,6,NULL,NULL,NULL,NULL
"xh6gf586","9b881b60","9f390fc10","Normal 12 Onz",NULL,"a4190f21",NULL,"unidad",68,"2025-05-16 23:49:59","2025-05-16",2,66,NULL,20,NULL,NULL
"xhtd0nxy","c7bde486","c9349148","Paquete de fruta $0",NULL,"c6434dc7",NULL,"unidad",25,"2025-06-18 22:36:54","2025-06-18",7,18,NULL,NULL,NULL,NULL
"xiec4xej","7d889539","9f390fc10","Normal 12 Onz",NULL,"a4190f21",NULL,"unidad",155,"2025-05-04 11:21:34","2025-05-03",2,153,NULL,40,NULL,NULL
"xisgvcgs","c62e961e","9f390fc10","Normal 12 Onz",NULL,"a4190f21",NULL,"unidad",91,"2025-12-10 22:57:03","2025-12-10",37,54,NULL,60,NULL,NULL
"xiucz0yg","66ba9ea7","9f390fc11","Normal 16 Onz",NULL,"feb4c064",NULL,"unidad",22,"2025-11-20 22:58:26","2025-11-20",16,6,NULL,20,NULL,NULL
"xiwv6v2d","eef68b67","9c172aed","Paquete de fruta con Precio",NULL,"c6434dc7",NULL,"unidad",1,"2025-06-15 11:46:51","2025-06-14",0,1,NULL,NULL,NULL,NULL
"xje51zeg","b50518ef","b5a797f3","Adicional de gomas",NULL,"1f077d1a",NULL,"unidad",10,"2025-11-02 16:27:30","2025-11-02",8,2,NULL,NULL,NULL,NULL
"xk0jjgo5","f810a077","8a734bcd","Shot de tequila",NULL,"bd785ddb",NULL,"unidad",0,"2025-02-09 18:34:14","2025-02-09",0,0,NULL,NULL,NULL,NULL
"xlz9o7qk","a5f903bf","9f390fc16","Normal 12 Onz Sin licor",NULL,"a4190f21",NULL,"unidad",255,"2025-12-28 00:54:04","2025-12-27",50,205,NULL,40,NULL,NULL
"xnvvmwq5","e68bd1e8","9f390fc12","Normal 24 Onz",NULL,"e114aa93",NULL,"unidad",11,"2025-06-08 00:56:59","2025-06-07",4,7,NULL,NULL,NULL,NULL
"xoffcetd","5e8894ab","9f390fc10","Normal 12 Onz",NULL,"a4190f21",NULL,"unidad",179,"2025-03-09 01:33:51","2025-03-08",10,169,NULL,40,NULL,NULL
"xpy8pxg5","1617ecb8","c9349148","Paquete de fruta $0",NULL,"c6434dc7",NULL,"unidad",22,"2025-08-03 00:47:35","2025-08-02",0,22,NULL,NULL,NULL,NULL
"xqrxfkdj","e1ed0f5f","9f390fc11","Normal 16 Onz",NULL,"feb4c064",NULL,"unidad",31,"2025-07-25 23:32:07","2025-07-25",19,12,NULL,20,NULL,NULL
"xqz98l4d","f3abcfde","8a734bcd","Shot de tequila",NULL,"bd785ddb",NULL,"unidad",0,"2024-11-29 09:56:13","2024-11-29",0,0,NULL,NULL,NULL,NULL
"xshkux36","4469b40c","9f390fc16","Normal 12 Onz Sin licor",NULL,"a4190f21",NULL,"unidad",118,"2025-12-13 00:01:08","2025-12-12",8,110,NULL,20,NULL,NULL
"xt4v3roe","603c0672","9f390fc13","Cremoso 13 Onz",NULL,"78b8732a",NULL,"unidad",22,"2025-05-28 20:40:44","2025-05-28",19,3,NULL,NULL,NULL,NULL
"xtf4loaj","6e22e915","9f390fc12","Normal 24 Onz",NULL,"e114aa93",NULL,"unidad",9,"2025-05-09 21:26:54","2025-05-09",8,1,NULL,NULL,NULL,NULL
"xu4m2rsk","f72e0685","9f390fc10","Normal 12 Onz",NULL,"a4190f21",NULL,"unidad",183,"2025-06-22 00:42:03","2025-06-21",33,150,NULL,20,NULL,NULL
"xunv5j3w","e68bd1e8","c9349148","Paquete de fruta $0",NULL,"c6434dc7",NULL,"unidad",28,"2025-06-07 23:19:40","2025-06-07",0,28,NULL,30,NULL,NULL
"xutb6ut5","8dae1e80","9f390fc10","Normal 12 Onz",NULL,"a4190f21",NULL,"unidad",40,"2025-10-29 22:55:07","2025-10-29",24,16,NULL,20,NULL,NULL
"xxaml025","0dca8b7e","9f390fc11","Normal 16 Onz",NULL,"feb4c064",NULL,"unidad",24,"2025-11-14 23:08:45","2025-11-14",11,13,NULL,20,NULL,NULL
"xxg2xwkq","67fcb676","8a734bcd","Shot de tequila",NULL,"bd785ddb",NULL,"unidad",0,"2026-01-06 21:26:56","2026-01-06",0,0,NULL,NULL,NULL,NULL
"xxkeshcf","f6b609b1","e852ea91","Tapas domicilio",NULL,"f4e7a67f",NULL,"unidad",10,"2025-12-03 22:48:02","2025-12-03",3,7,NULL,NULL,NULL,NULL
"xxr49mxm","e5334a85","9f390fc10","Normal 12 Onz",NULL,"a4190f21",NULL,"unidad",196,"2025-11-02 00:52:08","2025-11-01",81,115,NULL,180,NULL,NULL
"xxyqcii9","2c55d30d","c9349148","Paquete de fruta $0",NULL,"c6434dc7",NULL,"unidad",18,"2025-08-07 21:55:05","2025-08-07",0,18,NULL,8,NULL,NULL
"xy9nr5a8","404a8aea","b5a797f3","Adicional de gomas",NULL,"1f077d1a",NULL,"unidad",1,"2025-10-31 18:58:55","2025-10-31",0,1,NULL,NULL,NULL,NULL
"xynjxmhh","9a58a8a2","9f390fc10","Normal 12 Onz",NULL,"a4190f21",NULL,"unidad",57,"2025-06-19 23:08:04","2025-06-19",0,57,NULL,20,NULL,NULL
"xypcn23z","99a2dcf5","9f390fc12","Normal 24 Onz",NULL,"e114aa93",NULL,"unidad",22,"2025-03-28 23:31:38","2025-03-28",9,13,NULL,20,NULL,NULL
"xz61xmnq","c7ace635","29ab6c8a","Absolut",NULL,"f6fdf4d1",NULL,"unidad",0,"2025-06-20 18:31:13","2025-06-20",0,0,NULL,NULL,NULL,NULL
"xzjs2aej","b8b05ad2","9f390fc11","Normal 16 Onz",NULL,"feb4c064",NULL,"unidad",16,"2025-12-14 00:58:36","2025-12-13",0,16,NULL,NULL,NULL,NULL
"xzrf9rks","a052e726","9f390fc13","Cremoso 13 Onz",NULL,"78b8732a",NULL,"unidad",20,"2025-02-27 23:00:26","2025-02-27",15,5,NULL,NULL,NULL,NULL
"y3a7dw4n","1721566e","9f390fc11","Normal 16 Onz",NULL,"feb4c064",NULL,"unidad",14,"2025-07-13 19:05:34","2025-07-13",9,5,NULL,NULL,NULL,NULL
"y3f1psxo","2d7f4b47","9f390fc12","Normal 24 Onz",NULL,"e114aa93",NULL,"unidad",23,"2025-09-05 22:43:32","2025-09-05",22,1,NULL,20,NULL,NULL
"y3gk64zg","23bcec05","9f390fc16","Normal 12 Onz Sin licor",NULL,"a4190f21",NULL,"unidad",55,"2025-07-02 22:25:30","2025-07-02",20,35,NULL,20,NULL,NULL
"y3nshegt","13c3b71c","9f390fc12","Normal 24 Onz",NULL,"e114aa93",NULL,"unidad",22,"2025-06-06 22:16:01","2025-06-06",11,11,NULL,20,NULL,NULL
"y3te7e90","9fa561e1","9f390fc12","Normal 24 Onz",NULL,"e114aa93",NULL,"unidad",12,"2024-12-27 10:09:15","2024-12-26",7,5,NULL,NULL,NULL,NULL
"y48v0pmj","eef68b67","9f390fc16","Normal 12 Onz Sin licor",NULL,"a4190f21",NULL,"unidad",112,"2025-06-15 00:43:18","2025-06-14",23,89,NULL,40,NULL,NULL
"y4mvoi2m","70e9213f","9f390fc10","Normal 12 Onz",NULL,"a4190f21",NULL,"unidad",48,"2025-10-23 22:58:09","2025-10-23",4,44,NULL,20,NULL,NULL
"y4xinuwl","d1eefa16","9f390fc10","Normal 12 Onz",NULL,"a4190f21",NULL,"unidad",57,"2025-01-09 08:46:37","2025-01-08",19,38,NULL,20,NULL,NULL
"y5ftwe19","bee9eb90","9f390fc10","Normal 12 Onz",NULL,"a4190f21",NULL,"unidad",192,"2025-09-14 00:49:49","2025-09-13",73,119,NULL,120,NULL,NULL
"y5xf90kw","a052e726","9f390fc16","Normal 12 Onz Sin licor",NULL,"a4190f21",NULL,"unidad",48,"2025-02-27 23:31:20","2025-02-27",10,38,NULL,30,NULL,NULL
"y686mn99","1a67e7d8","8a734bcd","Shot de tequila",NULL,"bd785ddb",NULL,"unidad",1,"2024-11-21 16:42:26","2024-11-21",1,0,NULL,NULL,NULL,NULL
"y80lyl5e","ddc60dbd","b5a797f3","Adicional de gomas",NULL,"1f077d1a",NULL,"unidad",10,"2025-11-15 20:05:20","2025-11-15",9,1,NULL,NULL,NULL,NULL
"y81mu3mm","2855d2bf","9f390fc11","Normal 16 Onz",NULL,"feb4c064",NULL,"unidad",39,"2025-05-31 00:03:34","2025-05-30",22,17,NULL,20,NULL,NULL
"y95damq1","06c0f9ad","9f390fc10","Normal 12 Onz",NULL,"a4190f21",NULL,"unidad",43,"2024-12-09 09:41:24","2024-12-09",25,18,NULL,30,NULL,NULL
"y9er8ffo","3fa1eb0d","9f390fc13","Cremoso 13 Onz",NULL,"78b8732a",NULL,"unidad",15,"2025-02-28 17:11:46","2025-02-28",15,0,NULL,NULL,NULL,NULL
"y9ph7jou","b67aa975","9f390fc13","Cremoso 13 Onz",NULL,"78b8732a",NULL,"unidad",19,"2025-04-27 18:56:00","2025-04-27",17,2,NULL,-3,NULL,NULL
"ya6z77h0","515560fc","e852ea91","Tapas domicilio",NULL,"f4e7a67f",NULL,"unidad",22,"2025-11-23 18:58:34","2025-11-23",10,12,NULL,20,NULL,NULL
"ybej20f3","80805014","9f390fc16","Normal 12 Onz Sin licor",NULL,"a4190f21",NULL,"unidad",52,"2024-12-15 11:25:29","2024-12-15",29,23,NULL,40,NULL,NULL
"yc6v3vjq","80ffddd9","9f390fc10","Normal 12 Onz",NULL,"a4190f21",NULL,"unidad",47,"2025-06-08 18:41:07","2025-06-08",2,45,NULL,-10,NULL,NULL
"ydlofkdy","1dda8359","c9349148","Paquete de fruta $0",NULL,"c6434dc7",NULL,"unidad",22,"2025-08-28 22:42:14","2025-08-28",0,22,NULL,NULL,NULL,NULL
"ydz9ybrr","1a4eb5bc","9f390fc10","Normal 12 Onz",NULL,"a4190f21",NULL,"unidad",21,"2025-01-30 23:08:38","2025-01-30",7,14,NULL,NULL,NULL,NULL
"yegg7sf9","e68bd1e8","29ab6c8a","Absolut",NULL,"f6fdf4d1",NULL,"unidad",1,"2025-06-07 23:14:04","2025-06-07",0,1,NULL,NULL,NULL,NULL
"yeq3eisx","1fcab4ca","c9349148","Paquete de fruta $0",NULL,"c6434dc7",NULL,"unidad",34,"2025-07-18 23:29:07","2025-07-18",0,34,NULL,4,NULL,NULL
"yesidm4j","60775d92","9f390fc11","Normal 16 Onz",NULL,"feb4c064",NULL,"unidad",0,"2025-04-03 22:25:51","2025-04-03",0,0,NULL,NULL,NULL,NULL
"yffdh50f","b80106c3","9f390fc11","Normal 16 Onz",NULL,"feb4c064",NULL,"unidad",5,"2025-08-08 20:09:37","2025-08-08",4,1,NULL,NULL,NULL,NULL
"yfrbqimm","1dda8359","9c172aed","Paquete de fruta con Precio",NULL,"c6434dc7",NULL,"unidad",0,"2025-08-28 22:43:09","2025-08-28",0,0,NULL,NULL,NULL,NULL
"yi0f1ycn","523002d1","9f390fc10","Normal 12 Onz",NULL,"a4190f21",NULL,"unidad",70,"2025-07-24 22:46:03","2025-07-24",31,39,NULL,60,NULL,NULL
"yioy8dow","61f2d3d3","c9349148","Paquete de fruta $0",NULL,"c6434dc7",NULL,"unidad",11,"2025-09-17 22:51:16","2025-09-17",0,11,NULL,11,NULL,NULL
"yk1xklbf","032ea435","9f390fc10","Normal 12 Onz",NULL,"a4190f21",NULL,"unidad",108,"2025-12-23 10:24:35","2025-12-22",19,89,NULL,2,NULL,NULL
"yl7ezezu","c54c362a","8a734bcd","Shot de tequila",NULL,"bd785ddb",NULL,"unidad",0,"2024-12-31 19:31:30","2024-12-31",0,0,NULL,NULL,NULL,NULL
"ymgxru2b","efbb6c71","9f390fc10","Normal 12 Onz Con licor",NULL,"a4190f21",NULL,"unidad",118,"2026-04-30 16:55:49","2026-04-30",NULL,118,NULL,-18,NULL,NULL
"ynbw7fps","ba69ea36","9f390fc10","Normal 12 Onz",NULL,"a4190f21",NULL,"unidad",48,"2024-12-18 13:13:27","2024-12-18",11,37,NULL,30,NULL,NULL
"yorxjdob","30b23391","9f390fc12","Normal 24 Onz",NULL,"e114aa93",NULL,"unidad",11,"2024-11-08 13:58:33","2024-11-08",6,5,NULL,NULL,NULL,NULL
"yp2n2cl4","3277d896","9c172aed","Paquete de fruta con Precio",NULL,"c6434dc7",NULL,"unidad",1,"2025-08-21 22:50:32","2025-08-21",0,1,NULL,NULL,NULL,NULL
"yraxh9x2","d3b608a8","9f390fc12","Normal 24 Onz",NULL,"e114aa93",NULL,"unidad",12,"2026-01-03 21:22:40","2026-01-03",4,8,NULL,NULL,NULL,NULL
"yrxx9umf","5c2255ff","9f390fc10","Normal 12 Onz",NULL,"a4190f21",NULL,"unidad",187,"2025-12-25 22:44:17","2025-12-25",50,137,NULL,-15,NULL,NULL
"ysfkopno","3e5a5b8c","9f390fc12","Normal 24 Onz",NULL,"e114aa93",NULL,"unidad",10,"2025-03-05 23:02:11","2025-03-05",8,2,NULL,NULL,NULL,NULL
"ytexf3b7","c9484a09","9f390fc12","Normal 24 Onz",NULL,"e114aa93",NULL,"unidad",7,"2025-10-05 18:00:46","2025-10-05",3,4,NULL,NULL,NULL,NULL
"yuohvmvx","c7d0b6ac","a827d17a","Chivas Regal",NULL,"8979ada5",NULL,"unidad",2,"2025-08-17 19:07:42","2025-08-17",2,0,NULL,NULL,NULL,NULL
"yvtraeoz","1dda8359","9f390fc12","Normal 24 Onz",NULL,"e114aa93",NULL,"unidad",12,"2025-08-28 22:43:14","2025-08-28",12,0,NULL,NULL,NULL,NULL
"yvv6laja","66ba9ea7","9f390fc10","Normal 12 Onz",NULL,"a4190f21",NULL,"unidad",74,"2025-11-20 23:01:49","2025-11-20",1,73,NULL,-8,NULL,NULL
"yvziqnw8","11aea9d4","9f390fc16","Normal 12 Onz Sin licor",NULL,"a4190f21",NULL,"unidad",41,"2025-03-07 23:45:02","2025-03-07",19,22,NULL,30,NULL,NULL
"yw8ob0be","2855d2bf","9f390fc12","Normal 24 Onz",NULL,"e114aa93",NULL,"unidad",13,"2025-05-30 22:49:13","2025-05-30",5,8,NULL,NULL,NULL,NULL
"yx6o0e23","26c92f93","29ab6c8a","Absolut",NULL,"f6fdf4d1",NULL,"unidad",2,"2025-08-22 23:22:12","2025-08-22",2,0,NULL,NULL,NULL,NULL
"yxrobg0r","ff2257c7","9f390fc10","Normal 12 Onz",NULL,"a4190f21",NULL,"unidad",236,"2025-10-05 00:52:38","2025-10-04",72,164,NULL,160,NULL,NULL
"yyxd5mgp","00bf5c32","9f390fc12","Normal 24 Onz",NULL,"e114aa93",NULL,"unidad",23,"2025-03-09 20:40:25","2025-03-09",18,5,NULL,NULL,NULL,NULL
"yzmejg6j","cc4de389","8a734bcd","Shot de tequila",NULL,"bd785ddb",NULL,"unidad",0,"2025-02-01 00:05:19","2025-01-31",0,0,NULL,NULL,NULL,NULL
"z25amtv9","675767ca","c9349148","Paquete de fruta $0",NULL,"c6434dc7",NULL,"unidad",18,"2025-09-24 22:47:43","2025-09-24",8,10,NULL,NULL,NULL,NULL
"z2tdn9c6","979f652e","9f390fc16","Normal 12 Onz Sin licor",NULL,"a4190f21",NULL,"unidad",171,"2025-08-24 01:02:55","2025-08-23",30,141,NULL,80,NULL,NULL
"z2uhiizs","c4493a67","9f390fc11","Normal 16 Onz",NULL,"feb4c064",NULL,"unidad",21,"2025-03-20 22:52:09","2025-03-20",17,4,NULL,20,NULL,NULL
"z3a597rv","b7c18bac","9f390fc12","Normal 24 Onz",NULL,"e114aa93",NULL,"unidad",13,"2025-01-03 14:34:56","2025-01-02",11,2,NULL,NULL,NULL,NULL
"z3e2rdwj","c123671b","9f390fc12","Normal 24 Onz",NULL,"e114aa93",NULL,"unidad",10,"2025-02-23 18:49:57","2025-02-23",8,2,NULL,NULL,NULL,NULL
"z3l08vk4","baac369c","9f390fc16","Normal 12 Onz Sin licor",NULL,"a4190f21",NULL,"unidad",160,"2025-06-01 00:05:16","2025-05-31",35,125,NULL,40,NULL,NULL
"z3pkj1jy","96457b06","9f390fc12","Normal 24 Onz",NULL,"e114aa93",NULL,"unidad",6,"2025-11-17 17:57:05","2025-11-17",3,3,NULL,NULL,NULL,NULL
"z4mr43sw","046eed1c","9c172aed","Paquete de fruta con Precio",NULL,"c6434dc7",NULL,"unidad",0,"2025-12-17 23:13:28","2025-12-17",0,0,NULL,NULL,NULL,NULL
"z4ztn9b6","4f774db7","c9349148","Paquete de fruta $0",NULL,"c6434dc7",NULL,"unidad",0,"2026-01-07 23:12:20","2026-01-07",0,0,NULL,NULL,NULL,NULL
"z53ogu78","7344941f","9f390fc12","Normal 24 Onz",NULL,"e114aa93",NULL,"unidad",15,"2025-12-05 23:47:58","2025-12-05",9,6,NULL,NULL,NULL,NULL
"z5xen529","12ef6fd1","8a734bcd","Shot de tequila",NULL,"bd785ddb",NULL,"unidad",0,"2025-01-12 09:37:27","2025-01-11",0,0,NULL,NULL,NULL,NULL
"z61dte92","1fcab4ca","9c172aed","Paquete de fruta con Precio",NULL,"c6434dc7",NULL,"unidad",0,"2025-07-18 18:31:33","2025-07-18",0,0,NULL,NULL,NULL,NULL
"z7plym95","d1eefa16","9f390fc13","Cremoso 13 Onz",NULL,"78b8732a",NULL,"unidad",14,"2025-01-09 08:46:20","2025-01-08",12,2,NULL,NULL,NULL,NULL
"z7x2a1gs","e24360d1","8a734bcd","Shot de tequila",NULL,"bd785ddb",NULL,"unidad",0,"2025-03-13 22:26:08","2025-03-13",0,0,NULL,NULL,NULL,NULL
"z8mssdvk","4b26560c","e852ea91","Tapas domicilio",NULL,"f4e7a67f",NULL,"unidad",14,"2025-12-19 21:57:05","2025-12-19",3,11,NULL,NULL,NULL,NULL
"z9447hjm","93e698d1","e852ea91","Tapas domicilio",NULL,"f4e7a67f",NULL,"unidad",10,"2025-11-12 22:50:27","2025-11-12",8,2,NULL,NULL,NULL,NULL
"zail4pg8","a66ada52","8a734bcd","Shot de tequila",NULL,"bd785ddb",NULL,"unidad",0,"2025-01-17 10:15:10","2025-01-16",0,0,NULL,NULL,NULL,NULL
"zalt74mb","6e373fab","9f390fc13","Cremoso 13 Onz",NULL,"78b8732a",NULL,"unidad",24,"2024-12-29 10:57:09","2024-12-28",13,11,NULL,18,NULL,NULL
"zaoulg5m","515560fc","9f390fc12","Normal 24 Onz",NULL,"e114aa93",NULL,"unidad",7,"2025-11-23 18:39:28","2025-11-23",4,3,NULL,NULL,NULL,NULL
"zapi071a","3beb74f8","9f390fc12","Normal 24 Onz",NULL,"e114aa93",NULL,"unidad",24,"2025-01-07 20:01:53","2025-01-07",21,3,NULL,20,NULL,NULL
"zbm4kc3x","c339c363","9f390fc16","Normal 12 Onz Sin licor",NULL,"a4190f21",NULL,"unidad",36,"2025-03-15 00:01:08","2025-03-14",19,17,NULL,NULL,NULL,NULL
"zc0xaonq","23fa9273","e852ea91","Tapas domicilio",NULL,"f4e7a67f",NULL,"unidad",35,"2026-01-09 23:55:38","2026-01-09",17,18,NULL,20,NULL,NULL
"zd5v68v1","16843c37","b5a797f3","Adicional de gomas",NULL,"1f077d1a",NULL,"unidad",7,"2025-09-10 18:41:10","2025-09-10",7,0,NULL,NULL,NULL,NULL
"ze55y9vi","b74aaa3a","9f390fc10","Normal 12 Onz",NULL,"a4190f21",NULL,"unidad",60,"2025-05-07 22:36:33","2025-05-07",7,53,NULL,20,NULL,NULL
"zeadt520","b58f7426","9f390fc12","Normal 24 Onz",NULL,"e114aa93",NULL,"unidad",15,"2025-12-26 20:15:14","2025-12-26",15,0,NULL,NULL,NULL,NULL
"zf0i0z4e","77295614","b5a797f3","Adicional de gomas",NULL,"1f077d1a",NULL,"unidad",2,"2025-08-27 13:43:45","2025-08-24",0,2,NULL,NULL,NULL,NULL
"zf66b4l7","e97ef01f","9f390fc11","Normal 16 Onz",NULL,"feb4c064",NULL,"unidad",13,"2025-10-10 23:48:34","2025-10-10",4,9,NULL,NULL,NULL,NULL
"zg3hien2","4f774db7","9f390fc11","Normal 16 Onz",NULL,"feb4c064",NULL,"unidad",48,"2026-01-07 23:12:25","2026-01-07",43,5,NULL,NULL,NULL,NULL
"zghwf0dg","8557c12a","29ab6c8a","Absolut",NULL,"f6fdf4d1",NULL,"unidad",5,"2025-05-29 18:57:46","2025-05-29",5,0,NULL,NULL,NULL,NULL
"zgp5q8f2","4469b40c","b5a797f3","Adicional de gomas",NULL,"1f077d1a",NULL,"unidad",3,"2025-12-12 18:57:28","2025-12-12",3,0,NULL,NULL,NULL,NULL
"zgv6xo2f","21ecc0ec","c9349148","Paquete de fruta $0",NULL,"c6434dc7",NULL,"unidad",20,"2025-07-26 19:07:06","2025-07-26",0,20,NULL,NULL,NULL,NULL
"zh9r5rj5","fa8f666e","9f390fc10","Normal 12 Onz",NULL,"a4190f21",NULL,"unidad",44,"2025-03-06 15:48:07","2025-03-06",24,20,NULL,NULL,NULL,NULL
"ziiyv97n","61f2d3d3","9f390fc12","Normal 24 Onz",NULL,"e114aa93",NULL,"unidad",9,"2025-09-17 22:51:47","2025-09-17",8,1,NULL,NULL,NULL,NULL
"ziph792j","c848385b","e852ea91","Tapas domicilio",NULL,"f4e7a67f",NULL,"unidad",20,"2025-12-15 23:03:43","2025-12-15",13,7,NULL,20,NULL,NULL
"zirli9rq","6ba78bb8","9f390fc11","Normal 16 Onz",NULL,"feb4c064",NULL,"unidad",14,"2025-05-21 22:17:26","2025-05-21",4,10,NULL,NULL,NULL,NULL
"zj4oll9t","5e8894ab","8a734bcd","Shot de tequila",NULL,"bd785ddb",NULL,"unidad",0,"2025-03-08 19:46:59","2025-03-08",0,0,NULL,NULL,NULL,NULL
"zje5vvtl","3e5a5b8c","8a734bcd","Shot de tequila",NULL,"bd785ddb",NULL,"unidad",0,"2025-03-05 23:02:41","2025-03-05",0,0,NULL,NULL,NULL,NULL
"zjo2nxbn","23bcec05","9f390fc10","Normal 12 Onz",NULL,"a4190f21",NULL,"unidad",24,"2025-07-02 22:25:06","2025-07-02",3,21,NULL,NULL,NULL,NULL
"zlizcghe","c5b4b7f0","9f390fc16","Normal 12 Onz Sin licor",NULL,"a4190f21",NULL,"unidad",102,"2025-07-05 11:57:51","2025-07-04",16,86,NULL,20,NULL,NULL
"zlqjk2qg","8557c12a","9f390fc11","Normal 16 Onz",NULL,"feb4c064",NULL,"unidad",28,"2025-05-29 22:43:55","2025-05-29",19,9,NULL,20,NULL,NULL
"zlxaoil9","c5752c48","9f390fc11","Normal 16 Onz",NULL,"feb4c064",NULL,"unidad",0,"2025-04-02 23:47:07","2025-04-02",0,0,NULL,NULL,NULL,NULL
"zmi22fkh","d234629c","9f390fc16","Normal 12 Onz Sin licor",NULL,"a4190f21",NULL,"unidad",216,"2026-01-11 16:35:08","2026-01-11",154,62,NULL,160,NULL,NULL
"zn0dfkek","d234629c","9f390fc10","Normal 12 Onz Con licor",NULL,"a4190f21",NULL,"unidad",160,"2026-01-11 16:43:52","2026-01-11",136,24,NULL,20,NULL,NULL
"zof37nip","7992300d","9f390fc11","Normal 16 Onz",NULL,"feb4c064",NULL,"unidad",15,"2025-06-11 20:32:32","2025-06-11",12,3,NULL,NULL,NULL,NULL
"zpe2lsln","eaeb689a","9f390fc11","Normal 16 Onz",NULL,"feb4c064",NULL,"unidad",20,"2025-04-04 22:36:06","2025-04-04",11,9,NULL,20,NULL,NULL
"zpejhip9","dba55dff","2061a24e","Jack daniels",NULL,"35dbe1bc",NULL,"unidad",0,"2025-08-27 22:39:44","2025-08-27",0,0,NULL,NULL,NULL,NULL
"zpfyleau","ee0db852","9f390fc10","Normal 12 Onz",NULL,"a4190f21",NULL,"unidad",199,"2025-09-28 00:43:13","2025-09-27",48,151,NULL,140,NULL,NULL
"zpwac8h0","ee622fc7","29ab6c8a","Absolut",NULL,"f6fdf4d1",NULL,"unidad",0,"2025-06-16 12:46:37","2025-06-15",0,0,NULL,NULL,NULL,NULL
"zpxxlt2n","c832bd6d","8a734bcd","Shot de tequila",NULL,"bd785ddb",NULL,"unidad",0,"2025-02-02 19:22:02","2025-02-02",0,0,NULL,NULL,NULL,NULL
"zq2s9mym","3fd82ad3","b5a797f3","Adicional de gomas",NULL,"1f077d1a",NULL,"unidad",0,"2025-10-01 18:35:24","2025-10-01",0,0,NULL,NULL,NULL,NULL
"zqm6warl","cf744f31","c9349148","Paquete de fruta $0",NULL,"c6434dc7",NULL,"unidad",16,"2025-08-10 00:49:48","2025-08-09",0,16,NULL,16,NULL,NULL
"zqrp3zdv","26c92f93","9f390fc11","Normal 16 Onz",NULL,"feb4c064",NULL,"unidad",24,"2025-08-22 23:21:44","2025-08-22",17,7,NULL,20,NULL,NULL
"zqusris1","a686bf22","9f390fc16","Normal 12 Onz Sin licor",NULL,"a4190f21",NULL,"unidad",54,"2025-11-13 22:47:24","2025-11-13",19,35,NULL,40,NULL,NULL
"zrwyq6qj","1b9b667f","9f390fc10","Normal 12 Onz",NULL,"a4190f21",NULL,"unidad",66,"2025-12-11 22:52:28","2025-12-11",0,66,NULL,2,NULL,NULL
"zvadkqth","5f811ff4","9f390fc13","Cremoso 13 Onz",NULL,"78b8732a",NULL,"unidad",37,"2025-01-19 10:01:57","2025-01-18",24,13,NULL,25,NULL,NULL
"zw4iiaxt","9b21bc7b","e852ea91","Tapas domicilio",NULL,"f4e7a67f",NULL,"unidad",20,"2026-01-08 22:53:56","2026-01-08",14,6,NULL,10,NULL,NULL
"zx60mo3e","060e027a","9c172aed","Paquete de fruta con Precio",NULL,"c6434dc7",NULL,"unidad",0,"2025-07-31 18:19:45","2025-07-31",0,0,NULL,NULL,NULL,NULL
"zy371gk1","52ff395b","8a734bcd","Shot de tequila",NULL,"bd785ddb",NULL,"unidad",10,"2024-12-19 08:48:52","2024-12-19",10,0,NULL,NULL,NULL,NULL
"zy92phw1","74161ddf","9f390fc16","Normal 12 Onz Sin licor",NULL,"a4190f21",NULL,"unidad",32,"2024-12-06 13:18:41","2024-12-06",5,27,NULL,20,NULL,NULL
"zyoyb5dv","56c0d800","c9349148","Paquete de fruta $0",NULL,"c6434dc7",NULL,"unidad",24,"2025-10-18 23:22:49","2025-10-18",0,24,NULL,24,NULL,NULL
